run_id,request_number,agent,model,effort,status,start_utc,end_utc,input_tokens,cached_input_tokens,cache_write_input_tokens,output_tokens,reasoning_tokens,recorded_cost_nanousd
dbtext-astra-standard,1,0,gpt-6-astra,ultra,settled,2026-09-16T22:25:00.343Z,2026-09-16T22:25:04.831Z,11564,0,11561,155,0,152292500
dbtext-astra-standard,2,0,gpt-6-astra,ultra,settled,2026-09-16T22:25:05.645Z,2026-09-16T22:25:10.155Z,12265,11561,701,156,0,28153500
dbtext-astra-standard,3,0,gpt-6-astra,ultra,settled,2026-09-16T22:25:10.970Z,2026-09-16T22:25:17.323Z,19048,12262,6783,213,0,107729500
dbtext-astra-standard,4,0,gpt-6-astra,ultra,settled,2026-09-16T22:25:17.956Z,2026-09-16T22:25:26.745Z,27385,19045,8337,294,108,137987500
dbtext-astra-standard,5,1,gpt-6-astra,ultra,settled,2026-09-16T22:25:27.355Z,2026-09-16T22:25:31.250Z,11530,0,10680,110,0,147500000
dbtext-astra-standard,6,0,gpt-6-astra,ultra,settled,2026-09-16T22:25:27.762Z,2026-09-16T22:25:33.503Z,27700,27382,315,169,0,39799500
dbtext-astra-standard,7,1,gpt-6-astra,ultra,settled,2026-09-16T22:25:32.066Z,2026-09-16T22:25:35.144Z,12326,10680,1643,57,0,34097500
dbtext-astra-standard,8,2,gpt-6-astra,ultra,settled,2026-09-16T22:25:34.113Z,2026-09-16T22:25:39.513Z,11515,10680,0,107,0,24380000
dbtext-astra-standard,9,0,gpt-6-astra,ultra,settled,2026-09-16T22:25:34.147Z,2026-09-16T22:25:40.063Z,27890,27697,190,163,0,38252000
dbtext-astra-standard,10,1,gpt-6-astra,ultra,settled,2026-09-16T22:25:35.956Z,2026-09-16T22:25:40.259Z,12975,12323,649,72,0,24065500
dbtext-astra-standard,11,2,gpt-6-astra,ultra,settled,2026-09-16T22:25:40.054Z,2026-09-16T22:25:43.823Z,12919,10680,2236,90,0,43160000
dbtext-astra-standard,12,3,gpt-6-astra,ultra,settled,2026-09-16T22:25:40.622Z,2026-09-16T22:25:43.475Z,11509,10680,0,95,0,23720000
dbtext-astra-standard,13,0,gpt-6-astra,ultra,settled,2026-09-16T22:25:40.649Z,2026-09-16T22:25:44.449Z,28074,27887,184,77,0,34067000
dbtext-astra-standard,14,1,gpt-6-astra,ultra,settled,2026-09-16T22:25:40.849Z,2026-09-16T22:25:43.389Z,20172,12972,7197,72,0,106564500
dbtext-astra-standard,15,1,gpt-6-astra,ultra,settled,2026-09-16T22:25:44.161Z,2026-09-16T22:25:48.625Z,23075,20169,2903,110,14,61986500
dbtext-astra-standard,16,3,gpt-6-astra,ultra,settled,2026-09-16T22:25:44.167Z,2026-09-16T22:25:50.297Z,11992,10680,1309,181,0,36122500
dbtext-astra-standard,17,2,gpt-6-astra,ultra,settled,2026-09-16T22:25:44.415Z,2026-09-16T22:25:46.711Z,18966,12916,6047,63,0,91683500
dbtext-astra-standard,18,0,gpt-6-astra,ultra,settled,2026-09-16T22:25:45.190Z,2026-09-16T22:25:51.734Z,33270,28071,5196,162,70,101151000
dbtext-astra-standard,19,2,gpt-6-astra,ultra,settled,2026-09-16T22:25:47.232Z,2026-09-16T22:25:50.533Z,22908,18963,3942,42,0,70368000
dbtext-astra-standard,20,1,gpt-6-astra,ultra,settled,2026-09-16T22:25:49.269Z,2026-09-16T22:25:57.465Z,23197,23072,0,252,0,36922000
dbtext-astra-standard,21,3,gpt-6-astra,ultra,settled,2026-09-16T22:25:50.907Z,2026-09-16T22:25:53.166Z,13653,11989,1661,15,0,33531500
dbtext-astra-standard,22,2,gpt-6-astra,ultra,settled,2026-09-16T22:25:51.112Z,2026-09-16T22:26:09.344Z,26598,22905,3690,612,516,99660000
dbtext-astra-standard,23,0,gpt-6-astra,ultra,settled,2026-09-16T22:25:52.342Z,2026-09-16T22:26:01.560Z,33446,33267,0,460,82,58057000
dbtext-astra-standard,24,3,gpt-6-astra,ultra,settled,2026-09-16T22:25:54.184Z,2026-09-16T22:26:01.970Z,13735,13650,82,118,0,20605000
dbtext-astra-standard,25,1,gpt-6-astra,ultra,settled,2026-09-16T22:25:58.700Z,2026-09-16T22:26:17.747Z,28077,23072,5002,612,451,116227000
dbtext-astra-standard,26,0,gpt-6-astra,ultra,settled,2026-09-16T22:26:02.376Z,2026-09-16T22:26:16.988Z,35338,33267,2068,551,179,86697000
dbtext-astra-standard,27,3,gpt-6-astra,ultra,settled,2026-09-16T22:26:02.581Z,2026-09-16T22:26:06.271Z,13865,13732,0,111,0,20612000
dbtext-astra-standard,28,3,gpt-6-astra,ultra,settled,2026-09-16T22:26:07.495Z,2026-09-16T22:26:14.333Z,13988,13732,0,175,0,25042000
dbtext-astra-standard,29,2,gpt-6-astra,ultra,settled,2026-09-16T22:26:09.954Z,2026-09-16T22:26:13.849Z,27239,26595,0,93,0,37685000
dbtext-astra-standard,30,2,gpt-6-astra,ultra,settled,2026-09-16T22:26:14.295Z,2026-09-16T22:26:22.245Z,27344,26595,0,61,0,37135000
dbtext-astra-standard,31,3,gpt-6-astra,ultra,settled,2026-09-16T22:26:16.304Z,2026-09-16T22:26:30.746Z,20170,13732,6435,469,230,117649500
dbtext-astra-standard,32,0,gpt-6-astra,ultra,settled,2026-09-16T22:26:17.483Z,2026-09-16T22:26:35.786Z,35622,35335,0,977,0,87055000
dbtext-astra-standard,33,1,gpt-6-astra,ultra,settled,2026-09-16T22:26:18.389Z,2026-09-16T22:26:24.369Z,28660,28074,0,111,0,39484000
dbtext-astra-standard,34,2,gpt-6-astra,ultra,settled,2026-09-16T22:26:23.881Z,2026-09-16T22:26:34.370Z,27417,26595,0,435,0,56565000
dbtext-astra-standard,35,1,gpt-6-astra,ultra,settled,2026-09-16T22:26:24.952Z,2026-09-16T22:26:31.872Z,28783,28074,0,320,0,51164000
dbtext-astra-standard,36,3,gpt-6-astra,ultra,settled,2026-09-16T22:26:31.460Z,2026-09-16T22:26:38.037Z,20598,20167,0,282,0,38577000
dbtext-astra-standard,37,2,gpt-6-astra,ultra,settled,2026-09-16T22:26:38.012Z,2026-09-16T22:26:46.719Z,29576,26595,2978,283,103,78000000
dbtext-astra-standard,38,3,gpt-6-astra,ultra,settled,2026-09-16T22:26:39.240Z,2026-09-16T22:27:03.227Z,21860,20167,1690,700,516,76322000
dbtext-astra-standard,39,1,gpt-6-astra,ultra,settled,2026-09-16T22:26:39.246Z,2026-09-16T22:27:01.369Z,29754,28074,1677,578,473,77966500
dbtext-astra-standard,40,0,gpt-6-astra,ultra,settled,2026-09-16T22:26:42.517Z,2026-09-16T22:26:52.668Z,37276,35335,1938,320,163,75590000
dbtext-astra-standard,41,2,gpt-6-astra,ultra,settled,2026-09-16T22:26:47.637Z,2026-09-16T22:27:08.546Z,38074,29573,8498,650,516,168328000
dbtext-astra-standard,42,0,gpt-6-astra,ultra,settled,2026-09-16T22:26:53.372Z,2026-09-16T22:27:04.641Z,37608,37273,0,328,193,57023000
dbtext-astra-standard,43,1,gpt-6-astra,ultra,settled,2026-09-16T22:27:01.974Z,2026-09-16T22:27:11.195Z,30395,29751,0,110,0,41691000
dbtext-astra-standard,44,3,gpt-6-astra,ultra,settled,2026-09-16T22:27:03.818Z,2026-09-16T22:27:25.124Z,22572,21857,0,622,516,60107000
dbtext-astra-standard,45,0,gpt-6-astra,ultra,settled,2026-09-16T22:27:05.249Z,2026-09-16T22:27:31.675Z,37994,37273,0,803,516,84633000
dbtext-astra-standard,46,2,gpt-6-astra,ultra,settled,2026-09-16T22:27:09.390Z,2026-09-16T22:28:25.755Z,41861,38071,3787,3463,516,258588500
dbtext-astra-standard,47,1,gpt-6-astra,ultra,settled,2026-09-16T22:27:12.214Z,2026-09-16T22:27:48.264Z,30517,29751,0,1122,516,93511000
dbtext-astra-standard,48,3,gpt-6-astra,ultra,settled,2026-09-16T22:27:25.937Z,2026-09-16T22:28:43.474Z,23281,21857,1421,3778,1034,228549500
dbtext-astra-standard,49,0,gpt-6-astra,ultra,settled,2026-09-16T22:27:32.490Z,2026-09-16T22:27:39.048Z,38632,37273,0,221,0,61913000
dbtext-astra-standard,50,0,gpt-6-astra,ultra,settled,2026-09-16T22:27:39.864Z,2026-09-16T22:28:25.745Z,39327,37273,2051,2516,330,188740500
dbtext-astra-standard,51,1,gpt-6-astra,ultra,settled,2026-09-16T22:27:50.307Z,2026-09-16T22:27:54.408Z,31697,29751,1943,71,29,57618500
dbtext-astra-standard,52,1,gpt-6-astra,ultra,settled,2026-09-16T22:28:00.034Z,2026-09-16T22:28:28.404Z,32040,31694,343,1041,516,88061500
dbtext-astra-standard,53,2,gpt-6-astra,ultra,settled,2026-09-16T22:28:26.600Z,2026-09-16T22:28:40.316Z,45466,41858,3605,735,31,123700500
dbtext-astra-standard,54,0,gpt-6-astra,ultra,settled,2026-09-16T22:28:26.967Z,2026-09-16T22:28:39.463Z,41943,39324,2616,630,18,103554000
dbtext-astra-standard,55,1,gpt-6-astra,ultra,settled,2026-09-16T22:28:30.078Z,2026-09-16T22:28:35.573Z,33204,32037,1164,170,128,55117000
dbtext-astra-standard,56,1,gpt-6-astra,ultra,settled,2026-09-16T22:28:36.388Z,2026-09-16T22:28:42.133Z,34140,33201,936,202,53,55031000
dbtext-astra-standard,57,0,gpt-6-astra,ultra,settled,2026-09-16T22:28:41.332Z,2026-09-16T22:28:48.782Z,42706,41940,763,160,65,59507500
dbtext-astra-standard,58,2,gpt-6-astra,ultra,settled,2026-09-16T22:28:42.328Z,2026-09-16T22:28:51.812Z,46259,45463,793,148,26,62805500
dbtext-astra-standard,59,1,gpt-6-astra,ultra,settled,2026-09-16T22:28:43.147Z,2026-09-16T22:29:09.654Z,35140,34137,1000,857,464,89517000
dbtext-astra-standard,60,3,gpt-6-astra,ultra,settled,2026-09-16T22:28:44.373Z,2026-09-16T22:29:50.530Z,27119,23278,3838,3480,452,245283000
dbtext-astra-standard,61,0,gpt-6-astra,ultra,settled,2026-09-16T22:28:49.495Z,2026-09-16T22:28:52.389Z,42878,42703,0,62,0,47553000
dbtext-astra-standard,62,2,gpt-6-astra,ultra,settled,2026-09-16T22:28:52.976Z,2026-09-16T22:28:56.318Z,46419,46256,0,75,0,51636000
dbtext-astra-standard,63,0,gpt-6-astra,ultra,settled,2026-09-16T22:28:53.181Z,2026-09-16T22:28:56.094Z,43082,42703,0,95,0,51243000
dbtext-astra-standard,64,0,gpt-6-astra,ultra,settled,2026-09-16T22:28:57.477Z,2026-09-16T22:29:14.075Z,43862,42703,1156,546,424,84483000
dbtext-astra-standard,65,2,gpt-6-astra,ultra,settled,2026-09-16T22:28:58.507Z,2026-09-16T22:29:18.000Z,47273,46256,941,634,491,90478500
dbtext-astra-standard,66,1,gpt-6-astra,ultra,settled,2026-09-16T22:29:10.224Z,2026-09-16T22:29:21.260Z,35710,35137,0,404,0,61067000
dbtext-astra-standard,67,0,gpt-6-astra,ultra,settled,2026-09-16T22:29:14.789Z,2026-09-16T22:29:18.583Z,44420,43859,0,132,0,56069000
dbtext-astra-standard,68,2,gpt-6-astra,ultra,settled,2026-09-16T22:29:18.733Z,2026-09-16T22:29:26.043Z,47898,47197,0,198,75,64107000
dbtext-astra-standard,69,0,gpt-6-astra,ultra,settled,2026-09-16T22:29:19.193Z,2026-09-16T22:29:34.966Z,44564,43859,0,596,434,80709000
dbtext-astra-standard,70,1,gpt-6-astra,ultra,settled,2026-09-16T22:29:24.108Z,2026-09-16T22:29:44.050Z,36520,35137,1237,920,175,98059500
dbtext-astra-standard,71,2,gpt-6-astra,ultra,settled,2026-09-16T22:29:26.667Z,2026-09-16T22:29:39.064Z,48108,47197,0,624,0,87507000
dbtext-astra-standard,72,0,gpt-6-astra,ultra,settled,2026-09-16T22:29:35.578Z,2026-09-16T22:29:45.615Z,45131,43859,0,273,111,70229000
dbtext-astra-standard,73,2,gpt-6-astra,ultra,settled,2026-09-16T22:29:40.289Z,2026-09-16T22:29:46.481Z,50063,47197,2863,228,57,94414500
dbtext-astra-standard,74,1,gpt-6-astra,ultra,settled,2026-09-16T22:29:45.202Z,2026-09-16T22:29:50.939Z,37573,36374,1196,134,9,58054000
dbtext-astra-standard,75,0,gpt-6-astra,ultra,settled,2026-09-16T22:29:46.429Z,2026-09-16T22:30:01.627Z,47082,43859,3220,631,197,115689000
dbtext-astra-standard,76,2,gpt-6-astra,ultra,settled,2026-09-16T22:29:47.250Z,2026-09-16T22:29:51.352Z,52328,50060,2265,109,20,83852500
dbtext-astra-standard,77,1,gpt-6-astra,ultra,settled,2026-09-16T22:29:51.771Z,2026-09-16T22:30:41.328Z,37719,37570,0,2405,516,159310000
dbtext-astra-standard,78,2,gpt-6-astra,ultra,settled,2026-09-16T22:29:51.960Z,2026-09-16T22:30:14.083Z,52449,52325,0,1267,12,116915000
dbtext-astra-standard,79,3,gpt-6-astra,ultra,settled,2026-09-16T22:29:53.187Z,2026-09-16T22:30:05.073Z,30815,27116,3696,316,152,89146000
dbtext-astra-standard,80,0,gpt-6-astra,ultra,settled,2026-09-16T22:30:02.405Z,2026-09-16T22:30:07.176Z,47511,47079,0,105,16,56649000
dbtext-astra-standard,81,3,gpt-6-astra,ultra,settled,2026-09-16T22:30:05.717Z,2026-09-16T22:30:10.176Z,31143,30812,0,141,0,41172000
dbtext-astra-standard,82,0,gpt-6-astra,ultra,settled,2026-09-16T22:30:07.818Z,2026-09-16T22:30:17.156Z,47628,47079,0,452,0,75169000
dbtext-astra-standard,83,3,gpt-6-astra,ultra,settled,2026-09-16T22:30:10.698Z,2026-09-16T22:30:17.358Z,31296,30812,0,151,0,43202000
dbtext-astra-standard,84,2,gpt-6-astra,ultra,settled,2026-09-16T22:30:15.048Z,2026-09-16T22:30:25.553Z,52616,52325,0,289,0,69685000
dbtext-astra-standard,85,3,gpt-6-astra,ultra,settled,2026-09-16T22:30:17.971Z,2026-09-16T22:30:22.739Z,31459,30812,0,150,96,44782000
dbtext-astra-standard,86,0,gpt-6-astra,ultra,settled,2026-09-16T22:30:18.381Z,2026-09-16T22:30:27.402Z,48140,47079,1058,414,22,81034000
dbtext-astra-standard,87,3,gpt-6-astra,ultra,settled,2026-09-16T22:30:23.299Z,2026-09-16T22:30:39.081Z,31621,30812,0,930,0,85402000
dbtext-astra-standard,88,2,gpt-6-astra,ultra,settled,2026-09-16T22:30:26.191Z,2026-09-16T22:30:54.226Z,56212,52325,3884,1713,26,186555000
dbtext-astra-standard,89,0,gpt-6-astra,ultra,settled,2026-09-16T22:30:28.210Z,2026-09-16T22:30:45.829Z,48387,48137,0,655,65,83387000
dbtext-astra-standard,90,3,gpt-6-astra,ultra,settled,2026-09-16T22:30:41.318Z,2026-09-16T22:31:07.127Z,32764,30812,1949,870,516,98704500
dbtext-astra-standard,91,1,gpt-6-astra,ultra,settled,2026-09-16T22:30:41.934Z,2026-09-16T22:30:51.971Z,38509,37570,0,289,199,61410000
dbtext-astra-standard,92,0,gpt-6-astra,ultra,settled,2026-09-16T22:30:46.607Z,2026-09-16T22:31:11.034Z,51968,48137,3828,1283,237,160167000
dbtext-astra-standard,93,1,gpt-6-astra,ultra,settled,2026-09-16T22:30:52.992Z,2026-09-16T22:31:11.018Z,44779,37570,7206,555,420,155425000
dbtext-astra-standard,94,2,gpt-6-astra,ultra,settled,2026-09-16T22:30:56.269Z,2026-09-16T22:31:05.284Z,57982,56209,1770,403,36,98514000
dbtext-astra-standard,95,2,gpt-6-astra,ultra,settled,2026-09-16T22:31:06.718Z,2026-09-16T22:31:13.887Z,59613,57979,1631,164,0,86596500
dbtext-astra-standard,96,3,gpt-6-astra,ultra,settled,2026-09-16T22:31:09.377Z,2026-09-16T22:31:15.129Z,33846,32761,1082,93,0,50966000
dbtext-astra-standard,97,0,gpt-6-astra,ultra,settled,2026-09-16T22:31:11.833Z,2026-09-16T22:31:29.690Z,52350,51965,0,504,376,81015000
dbtext-astra-standard,98,1,gpt-6-astra,ultra,settled,2026-09-16T22:31:12.004Z,2026-09-16T22:31:20.237Z,45346,44776,0,424,0,71676000
dbtext-astra-standard,99,2,gpt-6-astra,ultra,settled,2026-09-16T22:31:15.932Z,2026-09-16T22:31:31.136Z,59835,59610,222,540,16,89415000
dbtext-astra-standard,100,3,gpt-6-astra,ultra,settled,2026-09-16T22:31:15.944Z,2026-09-16T22:31:18.672Z,33951,33843,0,91,0,39473000
dbtext-astra-standard,101,3,gpt-6-astra,ultra,settled,2026-09-16T22:31:19.616Z,2026-09-16T22:31:43.798Z,34054,33843,0,772,354,74553000
dbtext-astra-standard,102,1,gpt-6-astra,ultra,settled,2026-09-16T22:31:22.074Z,2026-09-16T22:31:47.065Z,46372,44776,1488,899,432,109406000
dbtext-astra-standard,103,0,gpt-6-astra,ultra,settled,2026-09-16T22:31:30.469Z,2026-09-16T22:31:34.160Z,52867,51965,0,102,0,66085000
dbtext-astra-standard,104,2,gpt-6-astra,ultra,settled,2026-09-16T22:31:31.903Z,2026-09-16T22:31:42.768Z,60093,59832,0,111,7,67992000
dbtext-astra-standard,105,0,gpt-6-astra,ultra,settled,2026-09-16T22:31:35.386Z,2026-09-16T22:31:52.036Z,52981,51965,0,459,354,85075000
dbtext-astra-standard,106,2,gpt-6-astra,ultra,settled,2026-09-16T22:31:44.398Z,2026-09-16T22:31:55.459Z,60861,59832,1026,190,64,82187000
dbtext-astra-standard,107,3,gpt-6-astra,ultra,settled,2026-09-16T22:31:45.442Z,2026-09-16T22:32:24.544Z,34884,33843,1038,1180,185,105848000
dbtext-astra-standard,108,1,gpt-6-astra,ultra,settled,2026-09-16T22:31:47.878Z,2026-09-16T22:31:56.849Z,46919,46264,0,172,94,61414000
dbtext-astra-standard,109,0,gpt-6-astra,ultra,settled,2026-09-16T22:31:52.793Z,2026-09-16T22:32:20.626Z,53452,51965,0,1578,22,145735000
dbtext-astra-standard,110,2,gpt-6-astra,ultra,settled,2026-09-16T22:31:56.481Z,2026-09-16T22:32:13.689Z,61041,60858,0,301,170,77738000
dbtext-astra-standard,111,1,gpt-6-astra,ultra,settled,2026-09-16T22:31:57.362Z,2026-09-16T22:32:02.244Z,47103,46264,0,61,0,57704000
dbtext-astra-standard,112,1,gpt-6-astra,ultra,settled,2026-09-16T22:32:02.829Z,2026-09-16T22:32:07.339Z,47740,46264,1473,88,43,69106500
dbtext-astra-standard,113,1,gpt-6-astra,ultra,settled,2026-09-16T22:32:08.385Z,2026-09-16T22:32:14.303Z,50948,47737,3208,118,79,93767000
dbtext-astra-standard,114,2,gpt-6-astra,ultra,settled,2026-09-16T22:32:14.503Z,2026-09-16T22:32:20.448Z,61301,60858,0,109,0,70738000
dbtext-astra-standard,115,1,gpt-6-astra,ultra,settled,2026-09-16T22:32:16.143Z,2026-09-16T22:32:29.046Z,51756,50945,808,345,244,78325000
dbtext-astra-standard,116,0,gpt-6-astra,ultra,settled,2026-09-16T22:32:21.263Z,2026-09-16T22:32:42.566Z,53595,51965,0,393,301,87915000
dbtext-astra-standard,117,2,gpt-6-astra,ultra,settled,2026-09-16T22:32:21.296Z,2026-09-16T22:32:28.898Z,61422,60858,0,137,0,73348000
dbtext-astra-standard,118,3,gpt-6-astra,ultra,settled,2026-09-16T22:32:26.186Z,2026-09-16T22:32:33.349Z,36304,34881,1420,193,49,62311000
dbtext-astra-standard,119,2,gpt-6-astra,ultra,settled,2026-09-16T22:32:29.659Z,2026-09-16T22:32:46.866Z,61571,60858,0,574,0,96688000
dbtext-astra-standard,120,1,gpt-6-astra,ultra,settled,2026-09-16T22:32:30.274Z,2026-09-16T22:32:38.878Z,52151,51753,0,219,107,66683000
dbtext-astra-standard,121,3,gpt-6-astra,ultra,settled,2026-09-16T22:32:33.959Z,2026-09-16T22:33:04.275Z,36509,36301,0,1279,516,102331000
dbtext-astra-standard,122,1,gpt-6-astra,ultra,settled,2026-09-16T22:32:39.693Z,2026-09-16T22:32:45.023Z,52382,51753,0,124,53,64243000
dbtext-astra-standard,123,0,gpt-6-astra,ultra,settled,2026-09-16T22:32:43.186Z,2026-09-16T22:32:47.696Z,54050,51965,0,95,0,77565000
dbtext-astra-standard,124,1,gpt-6-astra,ultra,settled,2026-09-16T22:32:45.839Z,2026-09-16T22:33:16.782Z,55447,51753,3691,807,689,138270500
dbtext-astra-standard,125,2,gpt-6-astra,ultra,settled,2026-09-16T22:32:47.682Z,2026-09-16T22:33:09.190Z,62323,60858,1340,500,120,103858000
dbtext-astra-standard,126,0,gpt-6-astra,ultra,settled,2026-09-16T22:32:48.705Z,2026-09-16T22:32:56.082Z,54157,51965,0,101,0,78935000
dbtext-astra-standard,127,0,gpt-6-astra,ultra,settled,2026-09-16T22:32:56.897Z,2026-09-16T22:33:14.328Z,54271,51965,0,991,0,124575000
dbtext-astra-standard,128,3,gpt-6-astra,ultra,settled,2026-09-16T22:33:06.831Z,2026-09-16T22:33:10.738Z,37141,36301,0,77,0,48551000
dbtext-astra-standard,129,2,gpt-6-astra,ultra,settled,2026-09-16T22:33:10.006Z,2026-09-16T22:33:17.900Z,62551,62198,0,244,0,77928000
dbtext-astra-standard,130,3,gpt-6-astra,ultra,settled,2026-09-16T22:33:11.642Z,2026-09-16T22:33:23.335Z,37230,36301,0,244,169,57791000
dbtext-astra-standard,131,0,gpt-6-astra,ultra,settled,2026-09-16T22:33:16.150Z,2026-09-16T22:33:39.091Z,58001,51965,6033,656,516,160207500
dbtext-astra-standard,132,1,gpt-6-astra,ultra,settled,2026-09-16T22:33:17.583Z,2026-09-16T22:33:25.777Z,56054,55444,0,133,0,68194000
dbtext-astra-standard,133,2,gpt-6-astra,ultra,settled,2026-09-16T22:33:19.016Z,2026-09-16T22:33:24.549Z,62991,62198,790,161,45,80153000
dbtext-astra-standard,134,3,gpt-6-astra,ultra,settled,2026-09-16T22:33:24.340Z,2026-09-16T22:33:33.770Z,37486,36301,0,287,0,62501000
dbtext-astra-standard,135,2,gpt-6-astra,ultra,settled,2026-09-16T22:33:25.159Z,2026-09-16T22:33:34.585Z,63123,62988,0,135,0,71088000
dbtext-astra-standard,136,1,gpt-6-astra,ultra,settled,2026-09-16T22:33:27.208Z,2026-09-16T22:34:06.552Z,56199,55444,0,1591,516,142544000
dbtext-astra-standard,137,2,gpt-6-astra,ultra,settled,2026-09-16T22:33:37.243Z,2026-09-16T22:34:05.803Z,63270,62988,0,1339,286,132758000
dbtext-astra-standard,138,3,gpt-6-astra,ultra,settled,2026-09-16T22:33:37.253Z,2026-09-16T22:33:43.186Z,40796,36301,4200,139,38,98701000
dbtext-astra-standard,139,0,gpt-6-astra,ultra,settled,2026-09-16T22:33:40.111Z,2026-09-16T22:33:45.292Z,58669,57998,0,115,23,70458000
dbtext-astra-standard,140,3,gpt-6-astra,ultra,settled,2026-09-16T22:33:44.717Z,2026-09-16T22:34:33.570Z,40947,40501,0,1662,1034,128061000
dbtext-astra-standard,141,0,gpt-6-astra,ultra,settled,2026-09-16T22:33:46.049Z,2026-09-16T22:33:57.728Z,58803,57998,0,634,0,97748000
dbtext-astra-standard,142,0,gpt-6-astra,ultra,settled,2026-09-16T22:33:58.448Z,2026-09-16T22:34:05.714Z,60263,57998,2262,237,95,98153000
dbtext-astra-standard,143,0,gpt-6-astra,ultra,settled,2026-09-16T22:34:06.532Z,2026-09-16T22:34:12.269Z,61254,60260,991,163,92,80827500
dbtext-astra-standard,144,2,gpt-6-astra,ultra,settled,2026-09-16T22:34:06.541Z,2026-09-16T22:34:23.735Z,63708,62988,0,1003,0,120338000
dbtext-astra-standard,145,1,gpt-6-astra,ultra,settled,2026-09-16T22:34:08.579Z,2026-09-16T22:34:23.941Z,57923,55444,2476,634,198,118124000
dbtext-astra-standard,146,0,gpt-6-astra,ultra,settled,2026-09-16T22:34:13.083Z,2026-09-16T22:34:18.718Z,61429,61251,0,90,0,67531000
dbtext-astra-standard,147,0,gpt-6-astra,ultra,settled,2026-09-16T22:34:19.639Z,2026-09-16T22:34:29.065Z,61531,61251,0,146,31,71351000
dbtext-astra-standard,148,1,gpt-6-astra,ultra,settled,2026-09-16T22:34:24.759Z,2026-09-16T22:34:46.058Z,58224,57920,0,120,29,66960000
dbtext-astra-standard,149,2,gpt-6-astra,ultra,settled,2026-09-16T22:34:25.579Z,2026-09-16T22:34:44.562Z,64925,62988,1854,102,0,92093000
dbtext-astra-standard,150,0,gpt-6-astra,ultra,settled,2026-09-16T22:34:30.696Z,2026-09-16T22:34:37.664Z,62328,61251,1074,170,50,83206000
dbtext-astra-standard,151,3,gpt-6-astra,ultra,settled,2026-09-16T22:34:38.480Z,2026-09-16T22:34:53.638Z,44145,40501,3641,159,16,93993500
dbtext-astra-standard,152,0,gpt-6-astra,ultra,settled,2026-09-16T22:34:39.093Z,2026-09-16T22:34:53.931Z,62577,62325,249,350,200,82967500
dbtext-astra-standard,153,2,gpt-6-astra,ultra,settled,2026-09-16T22:34:45.443Z,2026-09-16T22:34:57.121Z,65039,64842,0,225,108,78062000
dbtext-astra-standard,154,1,gpt-6-astra,ultra,settled,2026-09-16T22:34:46.670Z,2026-09-16T22:34:53.840Z,58356,57920,0,112,0,67880000
dbtext-astra-standard,155,3,gpt-6-astra,ultra,settled,2026-09-16T22:34:54.453Z,2026-09-16T22:35:00.603Z,44316,44142,0,93,0,50532000
dbtext-astra-standard,156,0,gpt-6-astra,ultra,settled,2026-09-16T22:34:54.662Z,2026-09-16T22:35:01.649Z,62990,62574,0,133,61,73384000
dbtext-astra-standard,157,1,gpt-6-astra,ultra,settled,2026-09-16T22:34:55.068Z,2026-09-16T22:35:07.977Z,59145,57920,1069,405,40,93092500
dbtext-astra-standard,158,2,gpt-6-astra,ultra,settled,2026-09-16T22:34:58.989Z,2026-09-16T22:35:07.393Z,65921,64842,1076,277,49,92172000
dbtext-astra-standard,159,3,gpt-6-astra,ultra,settled,2026-09-16T22:35:01.417Z,2026-09-16T22:35:17.804Z,44421,44142,0,722,26,83032000
dbtext-astra-standard,160,0,gpt-6-astra,ultra,settled,2026-09-16T22:35:02.443Z,2026-09-16T22:35:05.933Z,63156,62574,0,91,0,72944000
dbtext-astra-standard,161,0,gpt-6-astra,ultra,settled,2026-09-16T22:35:06.949Z,2026-09-16T22:35:12.835Z,66918,62574,4341,162,49,124966500
dbtext-astra-standard,162,2,gpt-6-astra,ultra,settled,2026-09-16T22:35:08.180Z,2026-09-16T22:35:18.420Z,67696,65918,1775,194,63,97835500
dbtext-astra-standard,163,1,gpt-6-astra,ultra,settled,2026-09-16T22:35:10.228Z,2026-09-16T22:35:44.020Z,60003,58989,1011,1527,129,148006500
dbtext-astra-standard,164,0,gpt-6-astra,ultra,settled,2026-09-16T22:35:13.706Z,2026-09-16T22:35:20.264Z,67092,66915,0,124,0,74885000
dbtext-astra-standard,165,2,gpt-6-astra,ultra,settled,2026-09-16T22:35:19.441Z,2026-09-16T22:35:25.998Z,67883,67693,0,102,0,74693000
dbtext-astra-standard,166,0,gpt-6-astra,ultra,settled,2026-09-16T22:35:21.285Z,2026-09-16T22:35:43.609Z,67228,66915,0,622,516,101145000
dbtext-astra-standard,167,3,gpt-6-astra,ultra,settled,2026-09-16T22:35:21.900Z,2026-09-16T22:35:45.682Z,46157,44142,2012,647,514,101672000
dbtext-astra-standard,168,2,gpt-6-astra,ultra,settled,2026-09-16T22:35:26.814Z,2026-09-16T22:35:39.541Z,67997,67693,0,107,0,76083000
dbtext-astra-standard,169,2,gpt-6-astra,ultra,settled,2026-09-16T22:35:40.536Z,2026-09-16T22:35:43.408Z,68116,67693,0,59,0,74873000
dbtext-astra-standard,170,2,gpt-6-astra,ultra,settled,2026-09-16T22:35:44.219Z,2026-09-16T22:35:48.320Z,68272,67693,576,69,0,78373000
dbtext-astra-standard,171,0,gpt-6-astra,ultra,settled,2026-09-16T22:35:44.256Z,2026-09-16T22:35:49.160Z,67859,66915,0,126,11,82655000
dbtext-astra-standard,172,1,gpt-6-astra,ultra,settled,2026-09-16T22:35:45.671Z,2026-09-16T22:35:50.779Z,60388,60000,0,129,11,70330000
dbtext-astra-standard,173,3,gpt-6-astra,ultra,settled,2026-09-16T22:35:46.479Z,2026-09-16T22:36:11.871Z,46819,46154,0,1308,0,118204000
dbtext-astra-standard,174,2,gpt-6-astra,ultra,settled,2026-09-16T22:35:49.137Z,2026-09-16T22:35:53.467Z,68353,68269,0,120,36,75109000
dbtext-astra-standard,175,0,gpt-6-astra,ultra,settled,2026-09-16T22:35:50.161Z,2026-09-16T22:35:53.440Z,67951,66915,0,76,0,81075000
dbtext-astra-standard,176,1,gpt-6-astra,ultra,settled,2026-09-16T22:35:52.003Z,2026-09-16T22:36:16.993Z,60544,60000,0,1384,0,134640000
dbtext-astra-standard,177,2,gpt-6-astra,ultra,settled,2026-09-16T22:35:54.255Z,2026-09-16T22:36:21.702Z,71011,68269,2739,1132,425,159136500
dbtext-astra-standard,178,0,gpt-6-astra,ultra,settled,2026-09-16T22:35:54.442Z,2026-09-16T22:36:00.405Z,68039,66915,0,104,0,83355000
dbtext-astra-standard,179,0,gpt-6-astra,ultra,settled,2026-09-16T22:36:01.425Z,2026-09-16T22:36:31.943Z,68155,66915,0,1179,516,138265000
dbtext-astra-standard,180,3,gpt-6-astra,ultra,settled,2026-09-16T22:36:13.712Z,2026-09-16T22:36:19.490Z,48185,46154,2028,119,77,77484000
dbtext-astra-standard,181,1,gpt-6-astra,ultra,settled,2026-09-16T22:36:17.809Z,2026-09-16T22:36:24.777Z,62152,60000,2062,134,0,93375000
dbtext-astra-standard,182,3,gpt-6-astra,ultra,settled,2026-09-16T22:36:21.524Z,2026-09-16T22:36:29.691Z,48542,48182,357,179,17,61624500
dbtext-astra-standard,183,2,gpt-6-astra,ultra,settled,2026-09-16T22:36:22.953Z,2026-09-16T22:36:28.054Z,71553,71008,0,89,0,80908000
dbtext-astra-standard,184,1,gpt-6-astra,ultra,settled,2026-09-16T22:36:25.796Z,2026-09-16T22:36:31.335Z,62298,62062,0,101,53,69472000
dbtext-astra-standard,185,2,gpt-6-astra,ultra,settled,2026-09-16T22:36:28.765Z,2026-09-16T22:36:45.977Z,71654,71008,0,767,0,115818000
dbtext-astra-standard,186,3,gpt-6-astra,ultra,settled,2026-09-16T22:36:31.955Z,2026-09-16T22:36:36.626Z,48733,48539,0,111,0,56029000
dbtext-astra-standard,187,1,gpt-6-astra,ultra,settled,2026-09-16T22:36:32.143Z,2026-09-16T22:36:37.677Z,64668,62062,2603,143,98,101779500
dbtext-astra-standard,188,0,gpt-6-astra,ultra,settled,2026-09-16T22:36:34.403Z,2026-09-16T22:36:43.382Z,69090,66915,0,288,14,103065000
dbtext-astra-standard,189,3,gpt-6-astra,ultra,settled,2026-09-16T22:36:37.280Z,2026-09-16T22:37:23.557Z,48856,48539,0,1560,1083,129709000
dbtext-astra-standard,190,1,gpt-6-astra,ultra,settled,2026-09-16T22:36:38.311Z,2026-09-16T22:36:43.539Z,64891,64665,0,150,25,74425000
dbtext-astra-standard,191,1,gpt-6-astra,ultra,settled,2026-09-16T22:36:44.572Z,2026-09-16T22:36:48.072Z,65053,64665,0,60,15,71545000
dbtext-astra-standard,192,0,gpt-6-astra,ultra,settled,2026-09-16T22:36:45.502Z,2026-09-16T22:37:02.459Z,69502,66915,2584,850,0,141745000
dbtext-astra-standard,193,2,gpt-6-astra,ultra,settled,2026-09-16T22:36:47.916Z,2026-09-16T22:37:09.833Z,72544,71008,1533,974,314,138900500
dbtext-astra-standard,194,1,gpt-6-astra,ultra,settled,2026-09-16T22:36:50.184Z,2026-09-16T22:37:02.665Z,65210,64665,542,660,49,104470000
dbtext-astra-standard,195,1,gpt-6-astra,ultra,settled,2026-09-16T22:37:04.656Z,2026-09-16T22:37:20.892Z,65927,65207,717,380,312,93199500
dbtext-astra-standard,196,0,gpt-6-astra,ultra,settled,2026-09-16T22:37:05.939Z,2026-09-16T22:37:30.311Z,70486,69499,984,113,36,87479000
dbtext-astra-standard,197,2,gpt-6-astra,ultra,settled,2026-09-16T22:37:12.288Z,2026-09-16T22:37:30.109Z,74347,72541,1803,524,383,121308500
dbtext-astra-standard,198,1,gpt-6-astra,ultra,settled,2026-09-16T22:37:23.591Z,2026-09-16T22:38:19.877Z,68383,65924,2456,1704,516,181854000
dbtext-astra-standard,199,3,gpt-6-astra,ultra,settled,2026-09-16T22:37:24.575Z,2026-09-16T22:38:02.907Z,49512,48539,0,630,516,89769000
dbtext-astra-standard,200,2,gpt-6-astra,ultra,settled,2026-09-16T22:37:30.924Z,2026-09-16T22:37:51.206Z,74884,74344,0,688,0,114144000
dbtext-astra-standard,201,0,gpt-6-astra,ultra,settled,2026-09-16T22:37:31.129Z,2026-09-16T22:37:50.589Z,70673,70483,0,714,516,108083000
dbtext-astra-standard,202,0,gpt-6-astra,ultra,settled,2026-09-16T22:37:51.431Z,2026-09-16T22:38:07.906Z,73142,70483,2656,473,359,127363000
dbtext-astra-standard,203,2,gpt-6-astra,ultra,settled,2026-09-16T22:37:53.249Z,2026-09-16T22:38:13.118Z,76787,74344,2440,745,262,142124000
dbtext-astra-standard,204,3,gpt-6-astra,ultra,settled,2026-09-16T22:38:03.692Z,2026-09-16T22:38:19.469Z,50154,48539,0,845,0,106939000
dbtext-astra-standard,205,0,gpt-6-astra,ultra,settled,2026-09-16T22:38:08.624Z,2026-09-16T22:38:14.376Z,73630,73139,0,170,0,86549000
dbtext-astra-standard,206,2,gpt-6-astra,ultra,settled,2026-09-16T22:38:14.965Z,2026-09-16T22:38:20.700Z,79109,76784,2322,123,49,111989000
dbtext-astra-standard,207,0,gpt-6-astra,ultra,settled,2026-09-16T22:38:15.587Z,2026-09-16T22:38:31.346Z,73812,73139,0,988,0,129269000
dbtext-astra-standard,208,1,gpt-6-astra,ultra,settled,2026-09-16T22:38:21.305Z,2026-09-16T22:38:25.201Z,69150,68380,0,87,0,80430000
dbtext-astra-standard,209,3,gpt-6-astra,ultra,settled,2026-09-16T22:38:21.324Z,2026-09-16T22:38:34.214Z,51057,48539,2515,399,211,99956500
dbtext-astra-standard,210,2,gpt-6-astra,ultra,settled,2026-09-16T22:38:21.508Z,2026-09-16T22:38:31.388Z,79341,79106,0,343,75,98606000
dbtext-astra-standard,211,1,gpt-6-astra,ultra,settled,2026-09-16T22:38:26.016Z,2026-09-16T22:38:31.637Z,71086,68380,2703,133,0,108847500
dbtext-astra-standard,212,2,gpt-6-astra,ultra,settled,2026-09-16T22:38:32.161Z,2026-09-16T22:38:56.550Z,80883,79106,1774,645,516,133561000
dbtext-astra-standard,213,1,gpt-6-astra,ultra,settled,2026-09-16T22:38:33.213Z,2026-09-16T22:38:55.718Z,71231,71083,0,1232,21,134163000
dbtext-astra-standard,214,0,gpt-6-astra,ultra,settled,2026-09-16T22:38:33.238Z,2026-09-16T22:38:57.078Z,75033,73139,1748,558,516,124349000
dbtext-astra-standard,215,3,gpt-6-astra,ultra,settled,2026-09-16T22:38:36.783Z,2026-09-16T22:38:48.139Z,51732,51054,675,392,162,79121500
dbtext-astra-standard,216,3,gpt-6-astra,ultra,settled,2026-09-16T22:38:50.189Z,2026-09-16T22:39:00.858Z,52398,51729,666,74,32,63784000
dbtext-astra-standard,217,1,gpt-6-astra,ultra,settled,2026-09-16T22:38:56.844Z,2026-09-16T22:39:03.089Z,72584,71083,1498,273,52,103488000
dbtext-astra-standard,218,2,gpt-6-astra,ultra,settled,2026-09-16T22:38:57.557Z,2026-09-16T22:39:02.270Z,81541,80880,0,180,0,96490000
dbtext-astra-standard,219,0,gpt-6-astra,ultra,settled,2026-09-16T22:38:58.375Z,2026-09-16T22:39:09.041Z,75690,74887,0,262,37,96017000
dbtext-astra-standard,220,3,gpt-6-astra,ultra,settled,2026-09-16T22:39:01.856Z,2026-09-16T22:39:11.689Z,52710,52395,312,244,100,68525000
dbtext-astra-standard,221,2,gpt-6-astra,ultra,settled,2026-09-16T22:39:04.516Z,2026-09-16T22:39:30.329Z,83203,80880,2320,790,92,149410000
dbtext-astra-standard,222,1,gpt-6-astra,ultra,settled,2026-09-16T22:39:05.337Z,2026-09-16T22:39:35.937Z,72916,72581,332,971,23,125311000
dbtext-astra-standard,223,0,gpt-6-astra,ultra,settled,2026-09-16T22:39:10.251Z,2026-09-16T22:39:35.653Z,75965,74887,0,559,350,113617000
dbtext-astra-standard,224,3,gpt-6-astra,ultra,settled,2026-09-16T22:39:12.654Z,2026-09-16T22:39:18.657Z,53047,52707,0,112,21,61707000
dbtext-astra-standard,225,3,gpt-6-astra,ultra,settled,2026-09-16T22:39:20.493Z,2026-09-16T22:39:24.404Z,53171,52707,0,114,0,63047000
dbtext-astra-standard,226,3,gpt-6-astra,ultra,settled,2026-09-16T22:39:25.206Z,2026-09-16T22:39:31.584Z,53297,52707,0,189,0,68057000
dbtext-astra-standard,227,2,gpt-6-astra,ultra,settled,2026-09-16T22:39:31.350Z,2026-09-16T22:39:48.610Z,84060,83200,857,396,268,113742500
dbtext-astra-standard,228,3,gpt-6-astra,ultra,settled,2026-09-16T22:39:32.391Z,2026-09-16T22:39:37.706Z,55661,52707,2951,66,16,92924500
dbtext-astra-standard,229,0,gpt-6-astra,ultra,settled,2026-09-16T22:39:36.470Z,2026-09-16T22:39:40.898Z,76420,74887,0,170,0,98717000
dbtext-astra-standard,230,1,gpt-6-astra,ultra,settled,2026-09-16T22:39:36.686Z,2026-09-16T22:39:47.327Z,73067,72913,0,277,171,88303000
dbtext-astra-standard,231,3,gpt-6-astra,ultra,settled,2026-09-16T22:39:38.641Z,2026-09-16T22:40:28.510Z,58459,55658,2798,1928,816,187063000
dbtext-astra-standard,232,0,gpt-6-astra,ultra,settled,2026-09-16T22:39:41.794Z,2026-09-16T22:39:52.857Z,77384,74887,2494,249,104,118542000
dbtext-astra-standard,233,1,gpt-6-astra,ultra,settled,2026-09-16T22:39:48.552Z,2026-09-16T22:39:55.725Z,74604,72913,1688,131,0,100593000
dbtext-astra-standard,234,2,gpt-6-astra,ultra,settled,2026-09-16T22:39:49.986Z,2026-09-16T22:40:03.096Z,84469,84057,0,578,85,117077000
dbtext-astra-standard,235,0,gpt-6-astra,ultra,settled,2026-09-16T22:39:53.877Z,2026-09-16T22:39:56.798Z,77626,77381,0,89,0,84281000
dbtext-astra-standard,236,1,gpt-6-astra,ultra,settled,2026-09-16T22:39:56.539Z,2026-09-16T22:40:20.505Z,74747,74601,0,946,22,123361000
dbtext-astra-standard,237,0,gpt-6-astra,ultra,settled,2026-09-16T22:39:57.768Z,2026-09-16T22:40:02.087Z,77989,77381,464,109,0,90071000
dbtext-astra-standard,238,0,gpt-6-astra,ultra,settled,2026-09-16T22:40:02.887Z,2026-09-16T22:40:08.010Z,78110,77845,0,142,0,87595000
dbtext-astra-standard,239,2,gpt-6-astra,ultra,settled,2026-09-16T22:40:05.140Z,2026-09-16T22:40:30.340Z,85316,84057,1256,582,516,128887000
dbtext-astra-standard,240,0,gpt-6-astra,ultra,settled,2026-09-16T22:40:09.102Z,2026-09-16T22:40:30.129Z,78264,77845,0,959,112,129985000
dbtext-astra-standard,241,1,gpt-6-astra,ultra,settled,2026-09-16T22:40:21.346Z,2026-09-16T22:40:45.898Z,74891,74601,0,933,45,124151000
dbtext-astra-standard,242,3,gpt-6-astra,ultra,settled,2026-09-16T22:40:30.842Z,2026-09-16T22:40:54.548Z,60448,58456,1989,1158,209,141248500
dbtext-astra-standard,243,2,gpt-6-astra,ultra,settled,2026-09-16T22:40:31.015Z,2026-09-16T22:40:35.865Z,85989,85313,0,108,37,97473000
dbtext-astra-standard,244,0,gpt-6-astra,ultra,settled,2026-09-16T22:40:31.150Z,2026-09-16T22:40:53.681Z,79336,77845,1488,666,618,129775000
dbtext-astra-standard,245,2,gpt-6-astra,ultra,settled,2026-09-16T22:40:36.785Z,2026-09-16T22:40:49.173Z,86310,85313,994,191,56,107318000
dbtext-astra-standard,246,1,gpt-6-astra,ultra,settled,2026-09-16T22:40:47.124Z,2026-09-16T22:41:03.103Z,77627,74601,3023,411,322,132968500
dbtext-astra-standard,247,2,gpt-6-astra,ultra,settled,2026-09-16T22:40:50.812Z,2026-09-16T22:41:02.490Z,86513,86307,0,306,220,103667000
dbtext-astra-standard,248,0,gpt-6-astra,ultra,settled,2026-09-16T22:40:54.523Z,2026-09-16T22:41:06.643Z,80003,79333,0,339,233,102983000
dbtext-astra-standard,249,3,gpt-6-astra,ultra,settled,2026-09-16T22:40:55.522Z,2026-09-16T22:40:59.417Z,62262,60445,1814,109,38,88600000
dbtext-astra-standard,250,3,gpt-6-astra,ultra,settled,2026-09-16T22:41:01.462Z,2026-09-16T22:41:08.626Z,62598,62259,336,168,15,74889000
dbtext-astra-standard,251,2,gpt-6-astra,ultra,settled,2026-09-16T22:41:03.506Z,2026-09-16T22:41:19.690Z,89734,86307,3424,459,288,152087000
dbtext-astra-standard,252,1,gpt-6-astra,ultra,settled,2026-09-16T22:41:04.656Z,2026-09-16T22:41:23.701Z,79039,77624,1412,564,419,123504000
dbtext-astra-standard,253,0,gpt-6-astra,ultra,settled,2026-09-16T22:41:07.605Z,2026-09-16T22:41:13.565Z,80360,79333,0,106,0,94903000
dbtext-astra-standard,254,3,gpt-6-astra,ultra,settled,2026-09-16T22:41:09.448Z,2026-09-16T22:41:27.231Z,62778,62595,0,426,361,85725000
dbtext-astra-standard,255,0,gpt-6-astra,ultra,settled,2026-09-16T22:41:14.568Z,2026-09-16T22:41:33.004Z,80641,79333,0,589,422,121863000
dbtext-astra-standard,256,2,gpt-6-astra,ultra,settled,2026-09-16T22:41:20.815Z,2026-09-16T22:41:51.795Z,90145,89731,0,1275,0,157621000
dbtext-astra-standard,257,1,gpt-6-astra,ultra,settled,2026-09-16T22:41:24.705Z,2026-09-16T22:41:30.955Z,79579,79036,0,135,0,91216000
dbtext-astra-standard,258,3,gpt-6-astra,ultra,settled,2026-09-16T22:41:28.085Z,2026-09-16T22:42:02.085Z,64392,62595,1794,1337,26,151900000
dbtext-astra-standard,259,1,gpt-6-astra,ultra,settled,2026-09-16T22:41:31.774Z,2026-09-16T22:41:55.533Z,79726,79036,0,1110,22,141436000
dbtext-astra-standard,260,0,gpt-6-astra,ultra,settled,2026-09-16T22:41:34.130Z,2026-09-16T22:41:40.803Z,81211,79333,0,160,0,106113000
dbtext-astra-standard,261,0,gpt-6-astra,ultra,settled,2026-09-16T22:41:41.805Z,2026-09-16T22:41:47.177Z,81383,79333,0,123,32,105983000
dbtext-astra-standard,262,0,gpt-6-astra,ultra,settled,2026-09-16T22:41:48.607Z,2026-09-16T22:42:06.590Z,82531,79333,3195,461,402,142350500
dbtext-astra-standard,263,2,gpt-6-astra,ultra,settled,2026-09-16T22:41:53.275Z,2026-09-16T22:41:58.235Z,91479,89731,1745,129,0,118023500
dbtext-astra-standard,264,1,gpt-6-astra,ultra,settled,2026-09-16T22:41:56.376Z,2026-09-16T22:42:02.318Z,79921,79036,0,148,81,95286000
dbtext-astra-standard,265,2,gpt-6-astra,ultra,settled,2026-09-16T22:41:59.213Z,2026-09-16T22:42:38.375Z,91621,91476,0,931,876,139476000
dbtext-astra-standard,266,3,gpt-6-astra,ultra,settled,2026-09-16T22:42:02.900Z,2026-09-16T22:42:13.570Z,65784,64389,1392,202,0,91919000
dbtext-astra-standard,267,1,gpt-6-astra,ultra,settled,2026-09-16T22:42:03.310Z,2026-09-16T22:42:09.255Z,82976,79036,3937,56,14,131078500
dbtext-astra-standard,268,0,gpt-6-astra,ultra,settled,2026-09-16T22:42:07.404Z,2026-09-16T22:42:15.808Z,83078,82528,0,300,132,103028000
dbtext-astra-standard,269,1,gpt-6-astra,ultra,settled,2026-09-16T22:42:10.274Z,2026-09-16T22:42:20.869Z,84988,82973,2012,324,70,124353000
dbtext-astra-standard,270,3,gpt-6-astra,ultra,settled,2026-09-16T22:42:14.370Z,2026-09-16T22:42:23.388Z,65998,65781,0,160,43,75951000
dbtext-astra-standard,271,0,gpt-6-astra,ultra,settled,2026-09-16T22:42:17.676Z,2026-09-16T22:42:22.975Z,83424,82528,0,203,0,101638000
dbtext-astra-standard,272,1,gpt-6-astra,ultra,settled,2026-09-16T22:42:21.947Z,2026-09-16T22:42:48.858Z,85724,84985,736,1370,118,162715000
dbtext-astra-standard,273,0,gpt-6-astra,ultra,settled,2026-09-16T22:42:25.634Z,2026-09-16T22:42:47.388Z,86640,82528,4109,713,259,169570500
dbtext-astra-standard,274,2,gpt-6-astra,ultra,settled,2026-09-16T22:42:39.150Z,2026-09-16T22:42:48.381Z,94335,91476,2856,168,57,135606000
dbtext-astra-standard,275,0,gpt-6-astra,ultra,settled,2026-09-16T22:42:48.368Z,2026-09-16T22:42:58.493Z,87046,86637,0,438,0,112627000
dbtext-astra-standard,276,2,gpt-6-astra,ultra,settled,2026-09-16T22:42:50.426Z,2026-09-16T22:43:08.443Z,94514,94332,0,910,0,141652000
dbtext-astra-standard,277,1,gpt-6-astra,ultra,settled,2026-09-16T22:42:50.722Z,2026-09-16T22:43:00.630Z,87219,85721,1495,379,94,123388500
dbtext-astra-standard,278,0,gpt-6-astra,ultra,settled,2026-09-16T22:43:00.654Z,2026-09-16T22:43:10.287Z,87733,86637,974,282,173,114132000
dbtext-astra-standard,279,1,gpt-6-astra,ultra,settled,2026-09-16T22:43:02.531Z,2026-09-16T22:43:40.479Z,87655,87216,436,1725,15,178946000
dbtext-astra-standard,280,2,gpt-6-astra,ultra,settled,2026-09-16T22:43:10.798Z,2026-09-16T22:43:36.772Z,95552,94332,1217,825,170,150824500
dbtext-astra-standard,281,0,gpt-6-astra,ultra,settled,2026-09-16T22:43:11.185Z,2026-09-16T22:43:18.273Z,88028,87611,0,290,42,106281000
dbtext-astra-standard,282,0,gpt-6-astra,ultra,settled,2026-09-16T22:43:19.551Z,2026-09-16T22:43:25.644Z,88484,87611,870,180,93,107516000
dbtext-astra-standard,283,0,gpt-6-astra,ultra,settled,2026-09-16T22:43:26.607Z,2026-09-16T22:44:03.533Z,89372,88481,888,1452,516,172211000
dbtext-astra-standard,284,2,gpt-6-astra,ultra,settled,2026-09-16T22:43:37.966Z,2026-09-16T22:43:50.016Z,95843,95549,0,629,0,129939000
dbtext-astra-standard,285,1,gpt-6-astra,ultra,settled,2026-09-16T22:43:41.411Z,2026-09-16T22:43:45.718Z,89436,87652,1781,55,13,112694500
dbtext-astra-standard,286,1,gpt-6-astra,ultra,settled,2026-09-16T22:43:48.680Z,2026-09-16T22:43:55.753Z,91257,89433,1821,187,41,121575500
dbtext-astra-standard,287,2,gpt-6-astra,ultra,settled,2026-09-16T22:43:52.267Z,2026-09-16T22:44:24.832Z,96563,95549,1011,883,805,152366500
dbtext-astra-standard,288,1,gpt-6-astra,ultra,settled,2026-09-16T22:43:57.386Z,2026-09-16T22:44:34.068Z,91456,91254,0,921,792,139324000
dbtext-astra-standard,289,0,gpt-6-astra,ultra,settled,2026-09-16T22:44:04.655Z,2026-09-16T22:44:28.135Z,90046,89369,0,640,516,128139000
dbtext-astra-standard,290,2,gpt-6-astra,ultra,settled,2026-09-16T22:44:26.058Z,2026-09-16T22:44:37.732Z,97930,96560,1367,209,41,124127500
dbtext-astra-standard,291,0,gpt-6-astra,ultra,settled,2026-09-16T22:44:29.130Z,2026-09-16T22:44:49.409Z,90703,89369,0,898,0,147609000
dbtext-astra-standard,292,1,gpt-6-astra,ultra,settled,2026-09-16T22:44:35.068Z,2026-09-16T22:44:50.024Z,92112,91254,0,360,305,117834000
dbtext-astra-standard,293,2,gpt-6-astra,ultra,settled,2026-09-16T22:44:39.169Z,2026-09-16T22:45:20.846Z,98151,97927,0,2241,157,212217000
dbtext-astra-standard,294,0,gpt-6-astra,ultra,settled,2026-09-16T22:44:50.429Z,2026-09-16T22:45:08.251Z,95159,89369,5612,1003,179,211449000
dbtext-astra-standard,295,1,gpt-6-astra,ultra,settled,2026-09-16T22:44:51.042Z,2026-09-16T22:44:58.257Z,92552,91254,1295,42,0,109571500
dbtext-astra-standard,296,1,gpt-6-astra,ultra,settled,2026-09-16T22:44:59.235Z,2026-09-16T22:45:03.131Z,92679,92549,127,34,0,95866500
dbtext-astra-standard,297,1,gpt-6-astra,ultra,settled,2026-09-16T22:45:04.152Z,2026-09-16T22:45:34.260Z,94121,92676,1442,1422,291,181831000
dbtext-astra-standard,298,0,gpt-6-astra,ultra,settled,2026-09-16T22:45:09.082Z,2026-09-16T22:45:31.596Z,96300,94981,1316,775,516,150211000
dbtext-astra-standard,299,2,gpt-6-astra,ultra,settled,2026-09-16T22:45:22.173Z,2026-09-16T22:45:31.188Z,100449,97927,2519,304,114,144644500
dbtext-astra-standard,300,0,gpt-6-astra,ultra,settled,2026-09-16T22:45:33.029Z,2026-09-16T22:45:52.322Z,97038,96297,0,781,283,142757000
dbtext-astra-standard,301,1,gpt-6-astra,ultra,settled,2026-09-16T22:45:36.521Z,2026-09-16T22:45:59.245Z,95600,94118,1479,794,486,152335500
dbtext-astra-standard,302,0,gpt-6-astra,ultra,settled,2026-09-16T22:45:53.713Z,2026-09-16T22:46:21.567Z,99687,96297,3387,1044,516,190864500
dbtext-astra-standard,303,1,gpt-6-astra,ultra,settled,2026-09-16T22:46:00.471Z,2026-09-16T22:46:26.795Z,96967,95597,1367,718,516,148614500
dbtext-astra-standard,304,0,gpt-6-astra,ultra,settled,2026-09-16T22:46:24.025Z,2026-09-16T22:47:08.880Z,100870,99684,1183,1993,529,214151500
dbtext-astra-standard,305,1,gpt-6-astra,ultra,settled,2026-09-16T22:46:28.737Z,2026-09-16T22:46:36.563Z,97699,96964,0,200,33,114314000
dbtext-astra-standard,306,1,gpt-6-astra,ultra,settled,2026-09-16T22:46:37.543Z,2026-09-16T22:47:20.658Z,97911,96964,0,1143,1034,163584000
dbtext-astra-standard,307,0,gpt-6-astra,ultra,settled,2026-09-16T22:47:09.899Z,2026-09-16T22:47:35.362Z,101601,100867,0,726,516,144507000
dbtext-astra-standard,308,1,gpt-6-astra,ultra,settled,2026-09-16T22:47:21.571Z,2026-09-16T22:48:00.285Z,99070,96964,0,1708,516,203424000
dbtext-astra-standard,309,0,gpt-6-astra,ultra,settled,2026-09-16T22:47:36.524Z,2026-09-16T22:47:45.748Z,102236,100867,0,228,44,125957000
dbtext-astra-standard,310,3,gpt-6-astra,ultra,settled,2026-09-16T22:47:46.596Z,2026-09-16T22:47:55.391Z,66530,65781,0,157,73,81121000
dbtext-astra-standard,311,0,gpt-6-astra,ultra,settled,2026-09-16T22:47:47.996Z,2026-09-16T22:48:06.866Z,102477,100867,0,626,516,148267000
dbtext-astra-standard,312,3,gpt-6-astra,ultra,settled,2026-09-16T22:47:56.187Z,2026-09-16T22:48:06.933Z,66700,65781,0,178,0,83871000
dbtext-astra-standard,313,1,gpt-6-astra,ultra,settled,2026-09-16T22:48:01.512Z,2026-09-16T22:48:06.479Z,99687,96964,0,114,0,129894000
dbtext-astra-standard,314,1,gpt-6-astra,ultra,settled,2026-09-16T22:48:07.454Z,2026-09-16T22:48:47.389Z,99813,96964,0,1637,302,207304000
dbtext-astra-standard,315,3,gpt-6-astra,ultra,settled,2026-09-16T22:48:07.687Z,2026-09-16T22:49:29.168Z,70478,65781,4568,3629,1552,305621000
dbtext-astra-standard,316,0,gpt-6-astra,ultra,settled,2026-09-16T22:48:07.790Z,2026-09-16T22:48:17.694Z,106183,100867,5313,398,157,187209500
dbtext-astra-standard,317,0,gpt-6-astra,ultra,settled,2026-09-16T22:48:21.814Z,2026-09-16T22:48:34.813Z,107362,106180,1179,635,112,152697500
dbtext-astra-standard,318,0,gpt-6-astra,ultra,settled,2026-09-16T22:48:36.327Z,2026-09-16T22:48:42.692Z,108254,107359,892,242,68,130639000
dbtext-astra-standard,319,0,gpt-6-astra,ultra,settled,2026-09-16T22:48:43.698Z,2026-09-16T22:49:06.071Z,109375,108251,1121,1159,167,180243500
dbtext-astra-standard,320,1,gpt-6-astra,ultra,settled,2026-09-16T22:48:48.615Z,2026-09-16T22:49:00.803Z,101567,96964,4600,395,171,174244000
dbtext-astra-standard,321,1,gpt-6-astra,ultra,settled,2026-09-16T22:49:03.483Z,2026-09-16T22:49:11.353Z,102017,101564,450,185,143,116469000
dbtext-astra-standard,322,0,gpt-6-astra,ultra,settled,2026-09-16T22:49:07.252Z,2026-09-16T22:49:15.674Z,111901,109372,2526,359,36,158927000
dbtext-astra-standard,323,1,gpt-6-astra,ultra,settled,2026-09-16T22:49:15.035Z,2026-09-16T22:49:33.071Z,103974,102014,1957,604,403,156706500
dbtext-astra-standard,324,0,gpt-6-astra,ultra,settled,2026-09-16T22:49:16.674Z,2026-09-16T22:49:22.231Z,117612,111898,5711,226,49,194615500
dbtext-astra-standard,325,0,gpt-6-astra,ultra,settled,2026-09-16T22:49:24.044Z,2026-09-16T22:50:16.303Z,118086,117609,474,2612,516,254164000
dbtext-astra-standard,326,3,gpt-6-astra,ultra,settled,2026-09-16T22:49:31.422Z,2026-09-16T22:49:42.787Z,74168,70349,3816,311,238,133629000
dbtext-astra-standard,327,1,gpt-6-astra,ultra,settled,2026-09-16T22:49:35.105Z,2026-09-16T22:50:01.939Z,104823,103971,849,1077,511,168463500
dbtext-astra-standard,328,3,gpt-6-astra,ultra,settled,2026-09-16T22:49:43.910Z,2026-09-16T22:49:54.989Z,75415,74165,1247,272,124,103382500
dbtext-astra-standard,329,3,gpt-6-astra,ultra,settled,2026-09-16T22:49:55.788Z,2026-09-16T22:50:01.790Z,75699,75412,0,296,0,93082000
dbtext-astra-standard,330,1,gpt-6-astra,ultra,settled,2026-09-16T22:50:03.163Z,2026-09-16T22:50:10.334Z,106028,104820,1205,186,43,129212500
dbtext-astra-standard,331,3,gpt-6-astra,ultra,settled,2026-09-16T22:50:03.998Z,2026-09-16T22:50:17.295Z,76052,75412,637,342,300,100504500
dbtext-astra-standard,332,1,gpt-6-astra,ultra,settled,2026-09-16T22:50:11.871Z,2026-09-16T22:50:21.596Z,106226,106025,0,505,76,133285000
dbtext-astra-standard,333,0,gpt-6-astra,ultra,settled,2026-09-16T22:50:18.113Z,2026-09-16T22:50:35.524Z,118916,118083,0,587,442,155763000
dbtext-astra-standard,334,3,gpt-6-astra,ultra,settled,2026-09-16T22:50:18.726Z,2026-09-16T22:50:28.786Z,77455,76049,1403,259,91,106566500
dbtext-astra-standard,335,1,gpt-6-astra,ultra,settled,2026-09-16T22:50:24.054Z,2026-09-16T22:51:05.865Z,106788,106025,760,1194,984,175255000
dbtext-astra-standard,336,3,gpt-6-astra,ultra,settled,2026-09-16T22:50:30.403Z,2026-09-16T22:50:35.984Z,77726,77452,0,160,0,88192000
dbtext-astra-standard,337,0,gpt-6-astra,ultra,settled,2026-09-16T22:50:36.646Z,2026-09-16T22:50:44.170Z,119536,118083,0,196,59,142413000
dbtext-astra-standard,338,3,gpt-6-astra,ultra,settled,2026-09-16T22:50:37.571Z,2026-09-16T22:51:05.630Z,77899,77452,0,936,516,128722000
dbtext-astra-standard,339,0,gpt-6-astra,ultra,settled,2026-09-16T22:50:45.762Z,2026-09-16T22:50:58.642Z,119748,118083,0,461,0,157783000
dbtext-astra-standard,340,0,gpt-6-astra,ultra,settled,2026-09-16T22:51:01.124Z,2026-09-16T22:51:07.473Z,120333,118083,2247,236,34,158000500
dbtext-astra-standard,341,3,gpt-6-astra,ultra,settled,2026-09-16T22:51:06.753Z,2026-09-16T22:51:35.329Z,79084,77452,1629,1183,199,156994500
dbtext-astra-standard,342,1,gpt-6-astra,ultra,settled,2026-09-16T22:51:06.921Z,2026-09-16T22:51:14.438Z,107628,106785,0,262,58,128315000
dbtext-astra-standard,343,0,gpt-6-astra,ultra,settled,2026-09-16T22:51:08.494Z,2026-09-16T22:51:50.481Z,121031,120330,698,2079,101,233035000
dbtext-astra-standard,344,1,gpt-6-astra,ultra,settled,2026-09-16T22:51:15.458Z,2026-09-16T22:51:28.196Z,112181,106785,5393,395,152,193977500
dbtext-astra-standard,345,1,gpt-6-astra,ultra,settled,2026-09-16T22:51:29.178Z,2026-09-16T22:51:53.983Z,112702,112178,521,838,516,160620500
dbtext-astra-standard,346,3,gpt-6-astra,ultra,settled,2026-09-16T22:51:36.347Z,2026-09-16T22:51:41.267Z,80330,79081,1246,116,0,100486000
dbtext-astra-standard,347,3,gpt-6-astra,ultra,settled,2026-09-16T22:51:42.286Z,2026-09-16T22:51:49.047Z,80458,80327,0,169,48,90087000
dbtext-astra-standard,348,0,gpt-6-astra,ultra,settled,2026-09-16T22:51:51.722Z,2026-09-16T22:52:11.372Z,121410,121028,0,745,516,162098000
dbtext-astra-standard,349,1,gpt-6-astra,ultra,settled,2026-09-16T22:51:56.625Z,2026-09-16T22:52:18.333Z,113604,112699,902,899,71,168954000
dbtext-astra-standard,350,0,gpt-6-astra,ultra,settled,2026-09-16T22:52:13.007Z,2026-09-16T22:52:32.262Z,130723,121028,9692,756,516,280008000
dbtext-astra-standard,351,1,gpt-6-astra,ultra,settled,2026-09-16T22:52:22.735Z,2026-09-16T22:52:39.840Z,114563,113601,959,705,258,160868500
dbtext-astra-standard,352,0,gpt-6-astra,ultra,settled,2026-09-16T22:52:33.897Z,2026-09-16T22:52:47.635Z,131763,130720,1040,428,275,165150000
dbtext-astra-standard,353,1,gpt-6-astra,ultra,settled,2026-09-16T22:52:40.756Z,2026-09-16T22:52:49.261Z,115658,114560,1095,229,22,139727500
dbtext-astra-standard,354,0,gpt-6-astra,ultra,settled,2026-09-16T22:52:50.076Z,2026-09-16T22:52:59.910Z,132205,131760,0,507,24,161560000
dbtext-astra-standard,355,1,gpt-6-astra,ultra,settled,2026-09-16T22:52:50.422Z,2026-09-16T22:52:57.516Z,115844,115655,0,197,0,127395000
dbtext-astra-standard,356,1,gpt-6-astra,ultra,settled,2026-09-16T22:52:58.558Z,2026-09-16T22:53:07.898Z,116053,115655,0,391,182,139185000
dbtext-astra-standard,357,0,gpt-6-astra,ultra,settled,2026-09-16T22:53:01.142Z,2026-09-16T22:53:52.343Z,132438,131760,0,2596,516,268340000
dbtext-astra-standard,358,1,gpt-6-astra,ultra,settled,2026-09-16T22:53:09.124Z,2026-09-16T22:54:12.640Z,117048,115655,1390,2226,1020,244360000
dbtext-astra-standard,359,0,gpt-6-astra,ultra,settled,2026-09-16T22:53:53.422Z,2026-09-16T22:53:59.098Z,135699,131760,3936,260,30,193990000
dbtext-astra-standard,360,0,gpt-6-astra,ultra,settled,2026-09-16T22:54:01.553Z,2026-09-16T22:54:23.269Z,136730,135696,1031,835,516,190363500
dbtext-astra-standard,361,1,gpt-6-astra,ultra,settled,2026-09-16T22:54:14.045Z,2026-09-16T22:54:42.527Z,119345,117045,2297,1267,459,209137500
dbtext-astra-standard,362,0,gpt-6-astra,ultra,settled,2026-09-16T22:54:24.655Z,2026-09-16T22:55:08.936Z,138092,136727,1362,2051,516,256332000
dbtext-astra-standard,363,1,gpt-6-astra,ultra,settled,2026-09-16T22:54:43.536Z,2026-09-16T22:54:51.322Z,120673,119342,1328,208,82,146372000
dbtext-astra-standard,364,1,gpt-6-astra,ultra,settled,2026-09-16T22:54:52.346Z,2026-09-16T22:54:59.721Z,120893,120670,0,185,36,132150000
dbtext-astra-standard,365,0,gpt-6-astra,ultra,settled,2026-09-16T22:55:10.163Z,2026-09-16T22:55:42.320Z,138926,138089,0,1650,63,228959000
dbtext-astra-standard,366,0,gpt-6-astra,ultra,settled,2026-09-16T22:55:44.194Z,2026-09-16T22:55:51.534Z,141413,138089,3321,331,35,196181500
dbtext-astra-standard,367,0,gpt-6-astra,ultra,settled,2026-09-16T22:55:53.169Z,2026-09-16T22:56:03.413Z,141969,141410,556,513,70,174040000
dbtext-astra-standard,368,0,gpt-6-astra,ultra,settled,2026-09-16T22:56:05.048Z,2026-09-16T22:56:39.661Z,142842,141966,873,1193,1034,212558500
dbtext-astra-standard,369,1,gpt-6-astra,ultra,settled,2026-09-16T22:56:41.298Z,2026-09-16T22:57:14.477Z,121249,120670,0,1620,485,207460000
dbtext-astra-standard,370,0,gpt-6-astra,ultra,settled,2026-09-16T22:56:41.560Z,2026-09-16T22:57:02.390Z,144053,142839,0,809,485,195429000
dbtext-astra-standard,371,0,gpt-6-astra,ultra,settled,2026-09-16T22:57:04.471Z,2026-09-16T22:57:24.626Z,144998,142839,2156,1055,26,222569000
dbtext-astra-standard,372,1,gpt-6-astra,ultra,settled,2026-09-16T22:57:15.500Z,2026-09-16T22:57:44.269Z,122994,120670,2321,1284,369,213912500
dbtext-astra-standard,373,0,gpt-6-astra,ultra,settled,2026-09-16T22:57:26.559Z,2026-09-16T22:57:37.620Z,146322,144995,1324,342,235,178675000
dbtext-astra-standard,374,0,gpt-6-astra,ultra,settled,2026-09-16T22:57:39.256Z,2026-09-16T22:58:02.402Z,148790,146319,2468,1019,429,228149000
dbtext-astra-standard,375,1,gpt-6-astra,ultra,settled,2026-09-16T22:57:46.636Z,2026-09-16T22:57:59.738Z,124335,122991,1341,592,105,169383500
dbtext-astra-standard,376,1,gpt-6-astra,ultra,settled,2026-09-16T22:58:02.809Z,2026-09-16T22:58:24.110Z,125394,124332,1059,658,494,170499500
dbtext-astra-standard,377,0,gpt-6-astra,ultra,settled,2026-09-16T22:58:04.038Z,2026-09-16T22:58:30.255Z,150086,148787,1296,596,516,194817000
dbtext-astra-standard,378,1,gpt-6-astra,ultra,settled,2026-09-16T22:58:27.588Z,2026-09-16T22:58:33.327Z,126064,125391,0,130,35,138621000
dbtext-astra-standard,379,0,gpt-6-astra,ultra,settled,2026-09-16T22:58:31.481Z,2026-09-16T22:58:56.271Z,150776,150083,0,616,516,187813000
dbtext-astra-standard,380,1,gpt-6-astra,ultra,settled,2026-09-16T22:58:34.553Z,2026-09-16T22:58:56.469Z,126206,125391,0,1240,19,195541000
dbtext-astra-standard,381,1,gpt-6-astra,ultra,settled,2026-09-16T22:58:57.493Z,2026-09-16T22:59:16.130Z,127523,125391,2129,543,420,179183500
dbtext-astra-standard,382,0,gpt-6-astra,ultra,settled,2026-09-16T22:58:57.509Z,2026-09-16T22:59:44.598Z,151399,150083,0,1144,1034,220443000
dbtext-astra-standard,383,0,gpt-6-astra,ultra,settled,2026-09-16T22:59:46.234Z,2026-09-16T23:00:11.220Z,152075,150083,0,971,516,218553000
dbtext-astra-standard,384,0,gpt-6-astra,ultra,settled,2026-09-16T23:00:12.624Z,2026-09-16T23:00:20.644Z,153186,150083,3100,264,139,202063000
dbtext-astra-standard,385,2,gpt-6-astra,ultra,settled,2026-09-16T23:00:21.459Z,2026-09-16T23:00:32.962Z,100890,100446,0,81,0,108936000
dbtext-astra-standard,386,0,gpt-6-astra,ultra,settled,2026-09-16T23:00:21.683Z,2026-09-16T23:00:54.232Z,153464,153183,0,1558,516,233893000
dbtext-astra-standard,387,2,gpt-6-astra,ultra,settled,2026-09-16T23:00:33.952Z,2026-09-16T23:00:39.486Z,103269,100446,2820,195,31,145476000
dbtext-astra-standard,388,2,gpt-6-astra,ultra,settled,2026-09-16T23:00:40.515Z,2026-09-16T23:00:53.207Z,109971,103266,6702,645,74,219321000
dbtext-astra-standard,389,2,gpt-6-astra,ultra,settled,2026-09-16T23:00:54.432Z,2026-09-16T23:01:05.700Z,116353,109968,6382,239,116,201723000
dbtext-astra-standard,390,0,gpt-6-astra,ultra,settled,2026-09-16T23:00:55.865Z,2026-09-16T23:01:19.626Z,155197,153183,2011,814,516,219050500
dbtext-astra-standard,391,2,gpt-6-astra,ultra,settled,2026-09-16T23:01:06.639Z,2026-09-16T23:01:30.642Z,120873,116350,4520,1120,516,228880000
dbtext-astra-standard,392,0,gpt-6-astra,ultra,settled,2026-09-16T23:01:20.749Z,2026-09-16T23:01:39.490Z,156181,155194,984,606,516,197824000
dbtext-astra-standard,393,2,gpt-6-astra,ultra,settled,2026-09-16T23:01:31.909Z,2026-09-16T23:01:42.360Z,123627,120870,2754,481,258,179375000
dbtext-astra-standard,394,0,gpt-6-astra,ultra,settled,2026-09-16T23:01:40.921Z,2026-09-16T23:02:30.711Z,157792,156178,1611,1503,1486,251495500
dbtext-astra-standard,395,2,gpt-6-astra,ultra,settled,2026-09-16T23:01:43.379Z,2026-09-16T23:01:56.627Z,125737,123624,2110,308,91,165429000
dbtext-astra-standard,396,2,gpt-6-astra,ultra,settled,2026-09-16T23:01:58.535Z,2026-09-16T23:02:05.544Z,129553,125734,3816,356,38,191264000
dbtext-astra-standard,397,2,gpt-6-astra,ultra,settled,2026-09-16T23:02:06.935Z,2026-09-16T23:02:19.851Z,130374,129550,821,406,65,160142500
dbtext-astra-standard,398,2,gpt-6-astra,ultra,settled,2026-09-16T23:02:20.789Z,2026-09-16T23:02:26.612Z,131244,130371,870,196,40,151076000
dbtext-astra-standard,399,2,gpt-6-astra,ultra,settled,2026-09-16T23:02:27.413Z,2026-09-16T23:03:05.099Z,131452,131241,0,1547,1034,210701000
dbtext-astra-standard,400,0,gpt-6-astra,ultra,settled,2026-09-16T23:02:32.126Z,2026-09-16T23:02:56.498Z,158476,157789,0,855,516,207409000
dbtext-astra-standard,401,0,gpt-6-astra,ultra,settled,2026-09-16T23:03:00.626Z,2026-09-16T23:03:22.097Z,159509,157789,1717,655,516,212031500
dbtext-astra-standard,402,2,gpt-6-astra,ultra,settled,2026-09-16T23:03:06.119Z,2026-09-16T23:03:14.125Z,133243,131241,1999,296,50,171058500
dbtext-astra-standard,403,2,gpt-6-astra,ultra,settled,2026-09-16T23:03:15.336Z,2026-09-16T23:03:34.181Z,133614,133240,371,673,516,171557500
dbtext-astra-standard,404,0,gpt-6-astra,ultra,settled,2026-09-16T23:03:24.141Z,2026-09-16T23:03:36.230Z,160181,159506,0,375,155,185006000
dbtext-astra-standard,405,2,gpt-6-astra,ultra,settled,2026-09-16T23:03:35.406Z,2026-09-16T23:03:39.915Z,134284,133611,0,126,41,146641000
dbtext-astra-standard,406,0,gpt-6-astra,ultra,settled,2026-09-16T23:03:37.868Z,2026-09-16T23:03:44.831Z,161001,159506,1492,111,90,183736000
dbtext-astra-standard,407,2,gpt-6-astra,ultra,settled,2026-09-16T23:03:41.346Z,2026-09-16T23:03:48.516Z,137123,133611,3509,147,76,184853500
dbtext-astra-standard,408,2,gpt-6-astra,ultra,settled,2026-09-16T23:03:49.541Z,2026-09-16T23:03:54.475Z,137798,137120,675,95,20,150337500
dbtext-astra-standard,409,2,gpt-6-astra,ultra,settled,2026-09-16T23:03:55.480Z,2026-09-16T23:04:04.314Z,137949,137795,151,124,22,145912500
dbtext-astra-standard,410,2,gpt-6-astra,ultra,settled,2026-09-16T23:04:06.675Z,2026-09-16T23:04:12.480Z,138558,137946,609,144,30,152788500
dbtext-astra-standard,411,0,gpt-6-astra,ultra,settled,2026-09-16T23:04:13.708Z,2026-09-16T23:04:36.444Z,161261,160998,138,1021,378,215023000
dbtext-astra-standard,412,2,gpt-6-astra,ultra,settled,2026-09-16T23:04:13.910Z,2026-09-16T23:04:17.191Z,138714,138555,0,62,0,143245000
dbtext-astra-standard,413,2,gpt-6-astra,ultra,settled,2026-09-16T23:04:18.214Z,2026-09-16T23:04:43.310Z,144456,138555,5898,802,660,252410000
dbtext-astra-standard,414,0,gpt-6-astra,ultra,settled,2026-09-16T23:04:37.875Z,2026-09-16T23:04:44.225Z,163844,161136,2705,272,43,208578500
dbtext-astra-standard,415,2,gpt-6-astra,ultra,settled,2026-09-16T23:04:44.624Z,2026-09-16T23:05:09.824Z,145358,144453,902,1106,0,211058000
dbtext-astra-standard,416,0,gpt-6-astra,ultra,settled,2026-09-16T23:04:48.656Z,2026-09-16T23:05:15.149Z,164865,163841,1021,1290,516,241133500
dbtext-astra-standard,417,2,gpt-6-astra,ultra,settled,2026-09-16T23:05:10.753Z,2026-09-16T23:05:28.659Z,146520,145355,1162,467,276,183260000
dbtext-astra-standard,418,0,gpt-6-astra,ultra,settled,2026-09-16T23:05:17.806Z,2026-09-16T23:05:56.827Z,166594,164862,1729,1258,1173,249404500
dbtext-astra-standard,419,0,gpt-6-astra,ultra,settled,2026-09-16T23:05:57.950Z,2026-09-16T23:06:03.537Z,167336,166591,0,205,63,184291000
dbtext-astra-standard,420,0,gpt-6-astra,ultra,settled,2026-09-16T23:06:05.118Z,2026-09-16T23:06:27.444Z,168742,166591,2148,944,516,240671000
dbtext-astra-standard,421,0,gpt-6-astra,ultra,settled,2026-09-16T23:06:28.669Z,2026-09-16T23:06:46.303Z,170070,168739,1328,745,516,222619000
dbtext-astra-standard,422,0,gpt-6-astra,ultra,settled,2026-09-16T23:06:47.715Z,2026-09-16T23:07:29.091Z,171496,170067,1426,1289,1034,252372000
dbtext-astra-standard,423,0,gpt-6-astra,ultra,settled,2026-09-16T23:07:31.547Z,2026-09-16T23:07:48.958Z,172946,171493,1450,1031,138,241198000
dbtext-astra-standard,424,0,gpt-6-astra,ultra,settled,2026-09-16T23:07:50.616Z,2026-09-16T23:08:03.906Z,174643,172943,1697,691,326,228735500
dbtext-astra-standard,425,0,gpt-6-astra,ultra,settled,2026-09-16T23:08:05.746Z,2026-09-16T23:08:24.185Z,175945,174640,1302,731,485,227495000
dbtext-astra-standard,426,0,gpt-6-astra,ultra,settled,2026-09-16T23:08:26.231Z,2026-09-16T23:08:37.495Z,177471,175942,1526,398,290,214947000
dbtext-astra-standard,427,0,gpt-6-astra,ultra,settled,2026-09-16T23:08:38.942Z,2026-09-16T23:08:45.279Z,179902,177468,2431,353,18,225535500
dbtext-astra-standard,428,0,gpt-6-astra,ultra,settled,2026-09-16T23:08:52.033Z,2026-09-16T23:09:21.321Z,181073,179899,1171,1247,516,256916500
dbtext-astra-standard,429,0,gpt-6-astra,ultra,settled,2026-09-16T23:09:23.162Z,2026-09-16T23:09:54.498Z,182771,181070,1698,1562,857,280425000
dbtext-astra-standard,430,0,gpt-6-astra,ultra,settled,2026-09-16T23:09:55.729Z,2026-09-16T23:10:45.085Z,184531,182768,1760,1822,1547,295898000
dbtext-astra-standard,431,0,gpt-6-astra,ultra,settled,2026-09-16T23:10:46.673Z,2026-09-16T23:11:05.565Z,186592,184528,2061,756,516,248120500
dbtext-astra-standard,432,0,gpt-6-astra,ultra,settled,2026-09-16T23:11:09.457Z,2026-09-16T23:12:19.202Z,188616,186589,2024,2439,2070,333869000
dbtext-astra-standard,433,0,gpt-6-astra,ultra,settled,2026-09-16T23:12:21.559Z,2026-09-16T23:12:45.511Z,191985,188613,3369,829,516,272205500
dbtext-astra-standard,434,0,gpt-6-astra,ultra,settled,2026-09-16T23:12:48.665Z,2026-09-16T23:13:11.110Z,195015,191982,3030,909,516,275337000
dbtext-astra-standard,435,0,gpt-6-astra,ultra,settled,2026-09-16T23:13:13.978Z,2026-09-16T23:15:01.703Z,196265,195012,1250,5992,516,510267000
dbtext-astra-standard,436,0,gpt-6-astra,ultra,settled,2026-09-16T23:15:04.162Z,2026-09-16T23:15:41.229Z,202332,196262,6067,1001,869,322179500
dbtext-astra-standard,437,2,gpt-6-astra,ultra,settled,2026-09-16T23:15:44.813Z,2026-09-16T23:15:48.199Z,147130,146517,0,46,0,154947000
dbtext-astra-standard,438,0,gpt-6-astra,ultra,settled,2026-09-16T23:15:44.866Z,2026-09-16T23:16:38.581Z,203352,202329,0,2079,1034,316509000
dbtext-astra-standard,439,2,gpt-6-astra,ultra,settled,2026-09-16T23:15:50.239Z,2026-09-16T23:16:30.997Z,154145,146517,7625,1577,471,320709500
dbtext-astra-standard,440,2,gpt-6-astra,ultra,settled,2026-09-16T23:16:32.225Z,2026-09-16T23:16:49.840Z,157054,154142,2909,921,65,236584500
dbtext-astra-standard,441,0,gpt-6-astra,ultra,settled,2026-09-16T23:16:40.622Z,2026-09-16T23:17:33.667Z,205615,202329,3283,2403,1034,363546500
dbtext-astra-standard,442,2,gpt-6-astra,ultra,settled,2026-09-16T23:16:52.089Z,2026-09-16T23:17:01.557Z,159214,157051,2160,184,101,193281000
dbtext-astra-standard,443,2,gpt-6-astra,ultra,settled,2026-09-16T23:17:02.944Z,2026-09-16T23:17:27.732Z,164488,159211,5274,764,642,263366000
dbtext-astra-standard,444,2,gpt-6-astra,ultra,settled,2026-09-16T23:17:29.024Z,2026-09-16T23:17:46.979Z,165270,164485,0,683,186,206485000
dbtext-astra-standard,445,0,gpt-6-astra,ultra,settled,2026-09-16T23:17:35.716Z,2026-09-16T23:18:00.090Z,206266,205612,0,1102,389,267252000
dbtext-astra-standard,446,2,gpt-6-astra,ultra,settled,2026-09-16T23:17:48.205Z,2026-09-16T23:18:26.506Z,166402,164485,1914,1030,919,239940000
dbtext-astra-standard,447,0,gpt-6-astra,ultra,settled,2026-09-16T23:18:01.928Z,2026-09-16T23:19:22.427Z,217388,0,217385,4268,516,2930742500
dbtext-astra-standard,448,0,gpt-6-astra,ultra,settled,2026-09-16T23:19:23.231Z,2026-09-16T23:19:30.405Z,15421,10719,4699,174,0,78186500
dbtext-astra-standard,449,0,gpt-6-astra,ultra,settled,2026-09-16T23:19:31.218Z,2026-09-16T23:19:35.320Z,15603,15418,0,151,0,24818000
dbtext-astra-standard,450,0,gpt-6-astra,ultra,settled,2026-09-16T23:19:35.928Z,2026-09-16T23:19:41.683Z,18981,15418,3560,142,38,67048000
dbtext-astra-standard,451,0,gpt-6-astra,ultra,settled,2026-09-16T23:19:42.278Z,2026-09-16T23:19:48.018Z,19136,18978,0,178,0,29458000
dbtext-astra-standard,452,2,gpt-6-astra,ultra,settled,2026-09-16T23:19:42.896Z,2026-09-16T23:19:50.475Z,167554,166399,0,98,0,182849000
dbtext-astra-standard,453,0,gpt-6-astra,ultra,settled,2026-09-16T23:19:49.242Z,2026-09-16T23:19:53.963Z,31782,18978,12801,174,51,187720500
dbtext-astra-standard,454,2,gpt-6-astra,ultra,settled,2026-09-16T23:19:51.701Z,2026-09-16T23:20:14.613Z,172609,166399,6207,1036,365,295816500
dbtext-astra-standard,455,0,gpt-6-astra,ultra,settled,2026-09-16T23:19:54.771Z,2026-09-16T23:20:58.323Z,39087,31779,7305,3961,177,321171500
dbtext-astra-standard,456,2,gpt-6-astra,ultra,settled,2026-09-16T23:20:16.278Z,2026-09-16T23:20:19.556Z,173714,172606,1105,40,0,188448500
dbtext-astra-standard,457,0,gpt-6-astra,ultra,settled,2026-09-16T23:20:59.489Z,2026-09-16T23:21:53.769Z,39337,39084,0,3636,0,223414000
dbtext-astra-standard,458,0,gpt-6-astra,ultra,settled,2026-09-16T23:21:54.640Z,2026-09-16T23:22:28.568Z,43038,39084,3951,2390,77,208001500
dbtext-astra-standard,459,0,gpt-6-astra,ultra,settled,2026-09-16T23:22:30.271Z,2026-09-16T23:22:52.133Z,45494,43035,2456,1389,84,143215000
dbtext-astra-standard,460,0,gpt-6-astra,ultra,settled,2026-09-16T23:22:53.358Z,2026-09-16T23:23:04.423Z,47052,45491,1558,568,48,93396000
dbtext-astra-standard,461,0,gpt-6-astra,ultra,settled,2026-09-16T23:23:05.851Z,2026-09-16T23:23:11.795Z,47670,47049,618,250,98,67304000
dbtext-astra-standard,462,0,gpt-6-astra,ultra,settled,2026-09-16T23:23:14.044Z,2026-09-16T23:23:26.540Z,48410,47667,740,690,253,91447000
dbtext-astra-standard,463,0,gpt-6-astra,ultra,settled,2026-09-16T23:23:27.356Z,2026-09-16T23:23:47.259Z,49173,48407,763,1035,516,109724500
dbtext-glm-standard,1,0,GLM-5.3-Flash,max,completed,2026-09-19T23:04:22.426Z,2026-09-19T23:04:28.221Z,14969,0,0,124,,
dbtext-glm-standard,2,0,GLM-5.3-Flash,max,completed,2026-09-19T23:04:28.266Z,2026-09-19T23:04:31.281Z,16242,6272,0,66,,
dbtext-glm-standard,3,0,GLM-5.3-Flash,max,completed,2026-09-19T23:04:31.398Z,2026-09-19T23:04:36.231Z,24825,16192,0,217,,
dbtext-glm-standard,4,0,GLM-5.3-Flash,max,completed,2026-09-19T23:04:36.350Z,2026-09-19T23:04:44.375Z,25735,24768,0,170,,
dbtext-glm-standard,5,0,GLM-5.3-Flash,max,completed,2026-09-19T23:04:44.469Z,2026-09-19T23:04:51.340Z,26939,25728,0,158,,
dbtext-glm-standard,6,0,GLM-5.3-Flash,max,completed,2026-09-19T23:04:51.417Z,2026-09-19T23:04:54.674Z,27190,26880,0,151,,
dbtext-glm-standard,7,0,GLM-5.3-Flash,max,completed,2026-09-19T23:04:54.751Z,2026-09-19T23:04:58.161Z,28331,27136,0,109,,
dbtext-glm-standard,8,0,GLM-5.3-Flash,max,completed,2026-09-19T23:04:58.220Z,2026-09-19T23:05:03.262Z,30326,28288,0,173,,
dbtext-glm-standard,9,0,GLM-5.3-Flash,max,completed,2026-09-19T23:05:03.320Z,2026-09-19T23:05:16.329Z,34033,30272,0,368,,
dbtext-glm-standard,10,0,GLM-5.3-Flash,max,completed,2026-09-19T23:05:16.458Z,2026-09-19T23:05:25.664Z,35498,33984,0,127,,
dbtext-glm-standard,11,0,GLM-5.3-Flash,max,completed,2026-09-19T23:05:25.754Z,2026-09-19T23:05:31.479Z,35725,35456,0,75,,
dbtext-glm-standard,12,0,GLM-5.3-Flash,max,completed,2026-09-19T23:05:31.558Z,2026-09-19T23:05:37.423Z,37540,35712,0,282,,
dbtext-glm-standard,13,0,GLM-5.3-Flash,max,completed,2026-09-19T23:05:37.520Z,2026-09-19T23:05:46.639Z,39031,37504,0,407,,
dbtext-glm-standard,14,0,GLM-5.3-Flash,max,completed,2026-09-19T23:05:46.741Z,2026-09-19T23:05:50.356Z,39616,38976,0,82,,
dbtext-glm-standard,15,0,GLM-5.3-Flash,max,completed,2026-09-19T23:05:50.423Z,2026-09-19T23:05:53.631Z,40066,39616,0,58,,
dbtext-glm-standard,16,0,GLM-5.3-Flash,max,completed,2026-09-19T23:05:53.692Z,2026-09-19T23:07:18.804Z,41192,40064,0,3079,,
dbtext-glm-standard,17,0,GLM-5.3-Flash,max,completed,2026-09-19T23:07:18.858Z,2026-09-19T23:07:29.037Z,44466,41152,0,345,,
dbtext-glm-standard,18,0,GLM-5.3-Flash,max,completed,2026-09-19T23:07:29.964Z,2026-09-19T23:09:25.784Z,45866,44416,0,3479,,
dbtext-glm-standard,19,0,GLM-5.3-Flash,max,completed,2026-09-19T23:09:26.057Z,2026-09-19T23:09:29.696Z,49405,45824,0,83,,
dbtext-glm-standard,20,0,GLM-5.3-Flash,max,completed,2026-09-19T23:09:29.783Z,2026-09-19T23:09:38.474Z,49634,49344,0,393,,
dbtext-glm-standard,21,0,GLM-5.3-Flash,max,completed,2026-09-19T23:10:09.892Z,2026-09-19T23:10:28.283Z,51599,49600,0,633,,
dbtext-glm-standard,22,0,GLM-5.3-Flash,max,completed,2026-09-19T23:10:28.584Z,2026-09-19T23:10:59.699Z,52440,51584,0,1258,,
dbtext-glm-standard,23,0,GLM-5.3-Flash,max,completed,2026-09-19T23:11:00.166Z,2026-09-19T23:11:33.784Z,53938,52416,0,1211,,
dbtext-glm-standard,24,0,GLM-5.3-Flash,max,completed,2026-09-19T23:11:34.080Z,2026-09-19T23:12:51.407Z,55391,53888,0,2711,,
dbtext-glm-standard,25,0,GLM-5.3-Flash,max,completed,2026-09-19T23:13:13.063Z,2026-09-19T23:16:39.149Z,58450,55360,0,6831,,
dbtext-glm-standard,26,0,GLM-5.3-Flash,max,completed,2026-09-19T23:16:39.795Z,2026-09-19T23:20:12.134Z,65422,58432,0,7130,,
dbtext-glm-standard,27,0,GLM-5.3-Flash,max,completed,2026-09-19T23:20:12.572Z,2026-09-19T23:20:19.718Z,75115,65408,0,252,,
dbtext-glm-standard,28,0,GLM-5.3-Flash,max,completed,2026-09-19T23:20:19.800Z,2026-09-19T23:20:26.258Z,75427,75072,0,197,,
dbtext-glm-standard,29,0,GLM-5.3-Flash,max,completed,2026-09-19T23:20:26.331Z,2026-09-19T23:22:31.403Z,75686,75392,0,4101,,
dbtext-glm-standard,30,0,GLM-5.3-Flash,max,completed,2026-09-19T23:22:31.692Z,2026-09-19T23:22:35.284Z,79810,75648,0,87,,
dbtext-glm-standard,31,0,GLM-5.3-Flash,max,completed,2026-09-19T23:22:35.364Z,2026-09-19T23:22:40.195Z,79913,79808,0,135,,
dbtext-glm-standard,32,0,GLM-5.3-Flash,max,completed,2026-09-19T23:22:40.323Z,2026-09-19T23:22:47.569Z,80652,79872,0,172,,
dbtext-glm-standard,33,0,GLM-5.3-Flash,max,completed,2026-09-19T23:22:47.648Z,2026-09-19T23:23:11.955Z,82214,80640,0,785,,
dbtext-glm-standard,34,0,GLM-5.3-Flash,max,completed,2026-09-19T23:23:12.062Z,2026-09-19T23:23:44.504Z,84157,82176,0,1618,,
dbtext-glm-standard,35,0,GLM-5.3-Flash,max,completed,2026-09-19T23:23:44.659Z,2026-09-19T23:24:07.666Z,86502,84096,0,774,,
dbtext-glm-standard,36,0,GLM-5.3-Flash,max,completed,2026-09-19T23:24:07.814Z,2026-09-19T23:24:16.461Z,89946,86464,0,302,,
dbtext-glm-standard,37,0,GLM-5.3-Flash,max,completed,2026-09-19T23:24:16.558Z,2026-09-19T23:27:56.872Z,92906,89920,0,7991,,
dbtext-glm-standard,38,0,GLM-5.3-Flash,max,completed,2026-09-19T23:27:56.935Z,2026-09-19T23:28:19.563Z,101255,92864,0,1402,,
dbtext-glm-standard,39,0,GLM-5.3-Flash,max,completed,2026-09-19T23:28:19.702Z,2026-09-19T23:29:41.282Z,102716,101248,0,5093,,
dbtext-glm-standard,40,0,GLM-5.3-Flash,max,completed,2026-09-19T23:29:41.605Z,2026-09-19T23:31:38.039Z,107867,102656,0,7148,,
dbtext-glm-standard,41,0,GLM-5.3-Flash,max,completed,2026-09-19T23:31:38.576Z,2026-09-19T23:33:43.373Z,115075,107840,0,4951,,
dbtext-glm-standard,42,0,GLM-5.3-Flash,max,completed,2026-09-19T23:33:43.720Z,2026-09-19T23:35:32.528Z,120087,115072,0,8588,,
dbtext-glm-standard,43,0,GLM-5.3-Flash,max,completed,2026-09-19T23:35:33.222Z,2026-09-19T23:38:31.537Z,128734,120064,0,11356,,
dbtext-glm-standard,44,0,GLM-5.3-Flash,max,completed,2026-09-19T23:38:32.239Z,2026-09-19T23:40:18.033Z,140150,128704,0,4764,,
dbtext-glm-standard,45,0,GLM-5.3-Flash,max,completed,2026-09-19T23:40:18.363Z,2026-09-19T23:42:04.326Z,144972,140096,0,7617,,
dbtext-glm-standard,46,0,GLM-5.3-Flash,max,completed,2026-09-19T23:42:04.816Z,2026-09-19T23:42:12.916Z,152647,144960,0,243,,
dbtext-glm-standard,47,0,GLM-5.3-Flash,max,completed,2026-09-19T23:42:13.014Z,2026-09-19T23:42:16.198Z,152906,152640,0,54,,
dbtext-glm-standard,48,0,GLM-5.3-Flash,max,completed,2026-09-19T23:42:16.372Z,2026-09-19T23:43:51.510Z,153184,152896,0,7761,,
dbtext-glm-standard,49,0,GLM-5.3-Flash,max,completed,2026-09-19T23:43:52.020Z,2026-09-19T23:45:16.216Z,161003,153152,0,2930,,
dbtext-glm-standard,50,0,GLM-5.3-Flash,max,completed,2026-09-19T23:45:16.488Z,2026-09-19T23:45:30.964Z,163994,160960,0,269,,
dbtext-glm-standard,51,0,GLM-5.3-Flash,max,completed,2026-09-19T23:45:32.990Z,2026-09-19T23:45:43.451Z,165560,163968,0,397,,
dbtext-glm-standard,52,0,GLM-5.3-Flash,max,completed,2026-09-19T23:45:47.317Z,2026-09-19T23:46:16.635Z,166212,165504,0,1712,,
dbtext-glm-standard,53,0,GLM-5.3-Flash,max,completed,2026-09-19T23:46:16.831Z,2026-09-19T23:46:20.938Z,167980,166208,0,81,,
dbtext-glm-standard,54,0,GLM-5.3-Flash,max,completed,2026-09-19T23:46:21.273Z,2026-09-19T23:46:29.822Z,168401,167936,0,211,,
dbtext-glm-standard,55,0,GLM-5.3-Flash,max,completed,2026-09-19T23:46:29.960Z,2026-09-19T23:46:39.912Z,168689,168384,0,288,,
dbtext-glm-standard,56,0,GLM-5.3-Flash,max,completed,2026-09-19T23:46:40.123Z,2026-09-19T23:46:43.875Z,169035,168640,0,79,,
dbtext-glm-standard,57,0,GLM-5.3-Flash,max,completed,2026-09-19T23:46:46.941Z,2026-09-19T23:47:15.611Z,169478,169024,0,857,,
dbtext-glm-standard,58,0,GLM-5.3-Flash,max,completed,2026-09-19T23:47:15.786Z,2026-09-19T23:48:07.017Z,170679,169472,0,2473,,
dbtext-glm-standard,59,0,GLM-5.3-Flash,max,completed,2026-09-19T23:48:07.242Z,2026-09-19T23:48:12.132Z,173210,170624,0,173,,
dbtext-glm-standard,60,0,GLM-5.3-Flash,max,completed,2026-09-19T23:48:12.822Z,2026-09-19T23:48:44.083Z,173492,173184,0,1503,,
dbtext-glm-standard,61,0,GLM-5.3-Flash,max,completed,2026-09-19T23:48:44.671Z,2026-09-19T23:49:40.615Z,175063,173440,0,2222,,
dbtext-glm-standard,62,0,GLM-5.3-Flash,max,completed,2026-09-19T23:49:40.822Z,2026-09-19T23:49:44.706Z,177324,175040,0,75,,
dbtext-glm-standard,63,0,GLM-5.3-Flash,max,completed,2026-09-19T23:49:44.809Z,2026-09-19T23:49:48.223Z,177434,177280,0,56,,
dbtext-glm-standard,64,0,GLM-5.3-Flash,max,completed,2026-09-19T23:49:48.315Z,2026-09-19T23:49:55.154Z,177935,177408,0,261,,
dbtext-glm-standard,65,0,GLM-5.3-Flash,max,completed,2026-09-19T23:49:55.316Z,2026-09-19T23:50:06.008Z,178256,177920,0,423,,
dbtext-glm-standard,66,0,GLM-5.3-Flash,max,completed,2026-09-19T23:50:06.118Z,2026-09-19T23:50:16.451Z,178739,178240,0,527,,
dbtext-glm-standard,67,0,GLM-5.3-Flash,max,completed,2026-09-19T23:50:16.563Z,2026-09-19T23:50:23.427Z,179326,178688,0,329,,
dbtext-glm-standard,68,0,GLM-5.3-Flash,max,completed,2026-09-19T23:50:23.616Z,2026-09-19T23:50:44.912Z,179928,179264,0,1055,,
dbtext-glm-standard,69,0,GLM-5.3-Flash,max,completed,2026-09-19T23:50:45.063Z,2026-09-19T23:50:52.989Z,181197,179904,0,92,,
dbtext-glm-standard,70,0,GLM-5.3-Flash,max,completed,2026-09-19T23:50:53.148Z,2026-09-19T23:50:59.456Z,181844,181184,0,322,,
dbtext-glm-standard,71,0,GLM-5.3-Flash,max,completed,2026-09-19T23:51:03.512Z,2026-09-19T23:51:06.849Z,182173,181824,0,79,,
dbtext-glm-standard,72,0,GLM-5.3-Flash,max,completed,2026-09-19T23:51:11.071Z,2026-09-19T23:52:15.645Z,182573,182144,0,3028,,
dbtext-glm-standard,73,0,GLM-5.3-Flash,max,completed,2026-09-19T23:52:17.383Z,2026-09-19T23:52:50.053Z,185654,182528,0,1450,,
dbtext-glm-standard,74,0,GLM-5.3-Flash,max,completed,2026-09-19T23:52:54.284Z,2026-09-19T23:53:07.268Z,188476,185600,0,478,,
dbtext-glm-standard,75,0,GLM-5.3-Flash,max,completed,2026-09-19T23:53:07.362Z,2026-09-19T23:53:47.477Z,189557,188416,0,1558,,
dbtext-glm-standard,76,0,GLM-5.3-Flash,max,completed,2026-09-19T23:53:57.307Z,2026-09-19T23:54:15.247Z,192018,189504,0,615,,
dbtext-glm-standard,77,0,GLM-5.3-Flash,max,completed,2026-09-19T23:54:15.349Z,2026-09-19T23:54:22.001Z,192778,192000,0,286,,
dbtext-glm-standard,78,0,GLM-5.3-Flash,max,completed,2026-09-19T23:54:22.204Z,2026-09-19T23:54:28.145Z,193337,192768,0,183,,
dbtext-glm-standard,79,0,GLM-5.3-Flash,max,completed,2026-09-19T23:54:36.202Z,2026-09-19T23:55:18.313Z,194041,193280,0,1801,,
dbtext-glm-standard,80,0,GLM-5.3-Flash,max,completed,2026-09-19T23:55:22.031Z,2026-09-19T23:55:54.769Z,195936,193984,0,1130,,
dbtext-glm-standard,81,0,GLM-5.3-Flash,max,completed,2026-09-19T23:55:55.331Z,2026-09-19T23:56:07.467Z,197285,195904,0,501,,
dbtext-glm-standard,82,0,GLM-5.3-Flash,max,completed,2026-09-19T23:56:12.238Z,2026-09-19T23:57:13.727Z,197948,197248,0,2190,,
dbtext-glm-standard,83,0,GLM-5.3-Flash,max,completed,2026-09-19T23:57:19.148Z,2026-09-19T23:58:12.808Z,200187,197888,0,2078,,
dbtext-glm-standard,84,0,GLM-5.3-Flash,max,completed,2026-09-19T23:58:18.728Z,2026-09-19T23:58:33.901Z,202316,200128,0,398,,
dbtext-glm-standard,85,0,GLM-5.3-Flash,max,completed,2026-09-19T23:58:34.283Z,2026-09-20T00:00:00.736Z,202860,202304,0,3539,,
dbtext-glm-standard,86,0,GLM-5.3-Flash,max,completed,2026-09-20T00:00:03.647Z,2026-09-20T00:00:12.847Z,206531,202816,0,211,,
dbtext-glm-standard,87,0,GLM-5.3-Flash,max,completed,2026-09-20T00:00:12.926Z,2026-09-20T00:00:21.217Z,208014,206528,0,521,,
dbtext-glm-standard,88,0,GLM-5.3-Flash,max,completed,2026-09-20T00:00:24.973Z,2026-09-20T00:00:32.977Z,208899,208000,0,314,,
dbtext-glm-standard,89,0,GLM-5.3-Flash,max,completed,2026-09-20T00:00:44.633Z,2026-09-20T00:01:28.800Z,209278,208896,0,1525,,
dbtext-glm-standard,90,0,GLM-5.3-Flash,max,completed,2026-09-20T00:01:38.600Z,2026-09-20T00:04:05.077Z,210844,209216,0,5927,,
dbtext-glm-standard,91,0,GLM-5.3-Flash,max,completed,2026-09-20T00:04:05.485Z,2026-09-20T00:04:11.821Z,216802,210816,0,132,,
dbtext-glm-standard,92,0,GLM-5.3-Flash,max,completed,2026-09-20T00:04:11.911Z,2026-09-20T00:04:18.787Z,217555,216768,0,126,,
dbtext-glm-standard,93,0,GLM-5.3-Flash,max,completed,2026-09-20T00:04:18.862Z,2026-09-20T00:04:28.210Z,217896,217536,0,466,,
dbtext-glm-standard,94,0,GLM-5.3-Flash,max,completed,2026-09-20T00:04:28.318Z,2026-09-20T00:04:48.286Z,218418,217856,0,1003,,
dbtext-glm-standard,95,0,GLM-5.3-Flash,max,completed,2026-09-20T00:04:52.106Z,2026-09-20T00:04:58.931Z,219890,218368,0,283,,
dbtext-glm-standard,96,0,GLM-5.3-Flash,max,completed,2026-09-20T00:05:02.546Z,2026-09-20T00:05:23.713Z,220180,219840,0,707,,
dbtext-glm-standard,97,0,GLM-5.3-Flash,max,completed,2026-09-20T00:05:28.924Z,2026-09-20T00:05:36.823Z,221206,220160,0,88,,
dbtext-glm-standard,98,0,GLM-5.3-Flash,max,completed,2026-09-20T00:05:36.912Z,2026-09-20T00:05:45.216Z,221535,221184,0,200,,
dbtext-glm-standard,99,0,GLM-5.3-Flash,max,completed,2026-09-20T00:06:17.351Z,2026-09-20T00:06:58.151Z,222941,221504,0,1637,,
dbtext-glm-standard,100,0,GLM-5.3-Flash,max,completed,2026-09-20T00:07:00.673Z,2026-09-20T00:07:12.475Z,224794,222912,0,465,,
dbtext-glm-standard,101,0,GLM-5.3-Flash,max,completed,2026-09-20T00:07:18.042Z,2026-09-20T00:07:47.796Z,225270,224768,0,1474,,
dbtext-glm-standard,102,0,GLM-5.3-Flash,max,completed,2026-09-20T00:08:20.515Z,2026-09-20T00:08:53.041Z,227972,225216,0,97,,
dbtext-glm-standard,103,0,GLM-5.3-Flash,max,completed,2026-09-20T00:08:53.210Z,2026-09-20T00:08:56.704Z,228077,227968,0,44,,
dbtext-glm-standard,104,0,GLM-5.3-Flash,max,completed,2026-09-20T00:08:56.776Z,2026-09-20T00:09:03.075Z,228138,228032,0,82,,
dbtext-glm-standard,105,0,GLM-5.3-Flash,max,completed,2026-09-20T00:09:03.149Z,2026-09-20T00:09:09.200Z,228690,228096,0,298,,
dbtext-glm-standard,106,0,GLM-5.3-Flash,max,completed,2026-09-20T00:09:09.301Z,2026-09-20T00:09:18.622Z,229027,228672,0,499,,
dbtext-glm-standard,107,0,GLM-5.3-Flash,max,completed,2026-09-20T00:09:49.415Z,2026-09-20T00:11:13.160Z,229625,228992,0,3509,,
dbtext-glm-standard,108,0,GLM-5.3-Flash,max,completed,2026-09-20T00:11:41.374Z,2026-09-20T00:12:50.996Z,234551,229568,0,3444,,
dbtext-glm-standard,109,0,GLM-5.3-Flash,max,completed,2026-09-20T00:13:05.840Z,2026-09-20T00:15:19.801Z,239200,234496,0,5977,,
dbtext-glm-standard,110,0,GLM-5.3-Flash,max,completed,2026-09-20T00:15:53.935Z,2026-09-20T00:16:57.458Z,246338,239168,0,2973,,
dbtext-glm-standard,111,0,GLM-5.3-Flash,max,completed,2026-09-20T00:17:31.432Z,2026-09-20T00:17:53.637Z,250519,246336,0,962,,
dbtext-glm-standard,112,0,GLM-5.3-Flash,max,completed,2026-09-20T00:18:00.289Z,2026-09-20T00:18:11.118Z,251583,250496,0,513,,
dbtext-glm-standard,113,0,GLM-5.3-Flash,max,completed,2026-09-20T00:18:11.312Z,2026-09-20T00:18:17.037Z,252999,251520,0,126,,
dbtext-glm-standard,114,0,GLM-5.3-Flash,max,completed,2026-09-20T00:18:17.408Z,2026-09-20T00:19:21.969Z,253189,252992,0,2726,,
dbtext-glm-standard,115,0,GLM-5.3-Flash,max,completed,2026-09-20T00:19:22.429Z,2026-09-20T00:19:44.088Z,255934,253184,0,806,,
dbtext-glm-standard,116,0,GLM-5.3-Flash,max,completed,2026-09-20T00:19:44.472Z,2026-09-20T00:20:03.344Z,256854,255872,0,820,,
dbtext-glm-standard,117,0,GLM-5.3-Flash,max,completed,2026-09-20T00:20:03.481Z,2026-09-20T00:20:52.289Z,257778,256832,0,2075,,
dbtext-glm-standard,118,0,GLM-5.3-Flash,max,completed,2026-09-20T00:20:52.489Z,2026-09-20T00:20:57.197Z,260083,257728,0,73,,
dbtext-glm-standard,119,0,GLM-5.3-Flash,max,completed,2026-09-20T00:20:57.277Z,2026-09-20T00:21:02.941Z,260172,260032,0,126,,
dbtext-glm-standard,120,0,GLM-5.3-Flash,max,completed,2026-09-20T00:21:03.018Z,2026-09-20T00:21:07.260Z,260487,260160,0,56,,
dbtext-glm-standard,121,0,GLM-5.3-Flash,max,completed,2026-09-20T00:21:07.297Z,2026-09-20T00:22:02.958Z,261821,260480,0,2680,,
dbtext-glm-standard,122,0,GLM-5.3-Flash,max,completed,2026-09-20T00:22:03.225Z,2026-09-20T00:22:33.261Z,264544,261760,0,1140,,
dbtext-glm-standard,123,0,GLM-5.3-Flash,max,completed,2026-09-20T00:22:35.462Z,2026-09-20T00:23:29.807Z,266547,264512,0,1623,,
dbtext-glm-standard,124,0,GLM-5.3-Flash,max,completed,2026-09-20T00:23:30.483Z,2026-09-20T00:24:22.819Z,268213,266496,0,1876,,
dbtext-glm-standard,125,0,GLM-5.3-Flash,max,completed,2026-09-20T00:26:23.000Z,2026-09-20T00:26:32.301Z,270234,268160,0,52,,
dbtext-glm-standard,126,0,GLM-5.3-Flash,max,completed,2026-09-20T00:28:32.318Z,2026-09-20T00:28:36.595Z,270356,270208,0,52,,
dbtext-glm-standard,127,0,GLM-5.3-Flash,max,completed,2026-09-20T00:31:55.198Z,2026-09-20T00:32:38.651Z,270791,270336,0,1904,,
dbtext-glm-standard,128,0,GLM-5.3-Flash,max,completed,2026-09-20T00:32:38.839Z,2026-09-20T00:32:50.327Z,272959,270784,0,640,,
dbtext-glm-standard,129,0,GLM-5.3-Flash,max,completed,2026-09-20T00:32:50.622Z,2026-09-20T00:33:39.471Z,273629,272896,0,2018,,
dbtext-glm-standard,130,0,GLM-5.3-Flash,max,completed,2026-09-20T00:33:42.588Z,2026-09-20T00:34:05.075Z,276456,273600,0,974,,
dbtext-glm-standard,131,0,GLM-5.3-Flash,max,completed,2026-09-20T00:34:05.218Z,2026-09-20T00:34:20.435Z,278047,276416,0,533,,
dbtext-glm-standard,132,0,GLM-5.3-Flash,max,completed,2026-09-20T00:34:23.454Z,2026-09-20T00:34:35.793Z,278796,278016,0,633,,
dbtext-glm-standard,133,0,GLM-5.3-Flash,max,completed,2026-09-20T00:34:35.928Z,2026-09-20T00:35:00.781Z,279735,278784,0,994,,
dbtext-glm-standard,134,0,GLM-5.3-Flash,max,completed,2026-09-20T00:35:00.912Z,2026-09-20T00:35:36.407Z,280772,279680,0,1857,,
dbtext-glm-standard,135,0,GLM-5.3-Flash,max,completed,2026-09-20T00:35:39.774Z,2026-09-20T00:36:02.419Z,282677,280768,0,946,,
dbtext-glm-standard,136,0,GLM-5.3-Flash,max,completed,2026-09-20T00:36:05.554Z,2026-09-20T00:36:20.653Z,283650,282624,0,551,,
dbtext-glm-standard,137,0,GLM-5.3-Flash,max,completed,2026-09-20T00:36:20.756Z,2026-09-20T00:36:27.195Z,284335,283648,0,36,,
dbtext-glm-standard,138,0,GLM-5.3-Flash,max,completed,2026-09-20T00:36:27.276Z,2026-09-20T00:37:15.534Z,285567,284288,0,2035,,
dbtext-glm-standard,139,0,GLM-5.3-Flash,max,completed,2026-09-20T00:37:18.703Z,2026-09-20T00:38:03.662Z,287761,285504,0,1894,,
dbtext-glm-standard,140,0,GLM-5.3-Flash,max,completed,2026-09-20T00:38:28.103Z,2026-09-20T00:39:26.405Z,290857,287744,0,2133,,
dbtext-glm-standard,141,0,GLM-5.3-Flash,max,completed,2026-09-20T00:39:26.583Z,2026-09-20T00:39:33.772Z,293012,290816,0,287,,
dbtext-glm-standard,142,0,GLM-5.3-Flash,max,completed,2026-09-20T00:39:35.662Z,2026-09-20T00:39:40.332Z,293473,292992,0,76,,
dbtext-glm-standard,143,0,GLM-5.3-Flash,max,completed,2026-09-20T00:39:44.058Z,2026-09-20T00:39:58.556Z,293595,293440,0,611,,
dbtext-glm-standard,144,0,GLM-5.3-Flash,max,completed,2026-09-20T00:40:18.004Z,2026-09-20T00:40:34.597Z,294567,293568,0,633,,
dbtext-glm-standard,145,0,GLM-5.3-Flash,max,completed,2026-09-20T00:40:45.539Z,2026-09-20T00:42:18.442Z,295426,294528,0,3633,,
dbtext-glm-standard,146,0,GLM-5.3-Flash,max,completed,2026-09-20T00:42:45.893Z,2026-09-20T00:43:00.215Z,299312,295424,0,593,,
dbtext-glm-standard,147,0,GLM-5.3-Flash,max,completed,2026-09-20T00:43:07.904Z,2026-09-20T00:43:28.299Z,309425,299264,0,669,,
dbtext-glm-standard,148,0,GLM-5.3-Flash,max,completed,2026-09-20T00:43:37.251Z,2026-09-20T00:44:07.842Z,310418,309376,0,971,,
dbtext-glm-standard,149,0,GLM-5.3-Flash,max,completed,2026-09-20T00:44:07.989Z,2026-09-20T00:44:52.041Z,311458,310400,0,1283,,
dbtext-glm-standard,150,0,GLM-5.3-Flash,max,completed,2026-09-20T00:44:53.726Z,2026-09-20T00:45:01.043Z,312752,311424,0,201,,
dbtext-glm-standard,151,0,GLM-5.3-Flash,max,completed,2026-09-20T00:45:42.284Z,2026-09-20T00:47:03.846Z,314586,312704,0,2776,,
dbtext-glm-standard,152,0,GLM-5.3-Flash,max,completed,2026-09-20T00:57:04.076Z,2026-09-20T00:57:11.064Z,317509,314560,0,53,,
dbtext-glm-standard,153,0,GLM-5.3-Flash,max,completed,2026-09-20T01:07:11.142Z,2026-09-20T01:07:53.607Z,317633,317504,0,53,,
dbtext-glm-standard,154,0,GLM-5.3-Flash,max,completed,2026-09-20T01:17:53.680Z,2026-09-20T01:18:55.219Z,317757,317632,0,103,,
dbtext-glm-standard,155,0,GLM-5.3-Flash,max,completed,2026-09-20T01:18:55.308Z,2026-09-20T01:19:42.253Z,317871,317696,0,201,,
dbtext-glm-standard,156,0,GLM-5.3-Flash,max,completed,2026-09-20T01:19:42.337Z,2026-09-20T01:21:00.289Z,318180,317824,0,1679,,
dbtext-glm-standard,157,0,GLM-5.3-Flash,max,completed,2026-09-20T01:21:00.488Z,2026-09-20T01:21:50.255Z,319918,318144,0,315,,
dbtext-glm-standard,158,0,GLM-5.3-Flash,max,completed,2026-09-20T01:21:50.354Z,2026-09-20T01:22:35.942Z,320504,319872,0,331,,
dbtext-glm-standard,159,0,GLM-5.3-Flash,max,completed,2026-09-20T01:22:36.880Z,2026-09-20T01:23:23.135Z,320895,320448,0,53,,
dbtext-glm-standard,160,0,GLM-5.3-Flash,max,completed,2026-09-20T01:33:23.612Z,2026-09-20T01:34:05.325Z,321019,320832,0,69,,
dbtext-glm-standard,161,0,GLM-5.3-Flash,max,completed,2026-09-20T01:34:05.483Z,2026-09-20T01:35:18.197Z,321558,320960,0,269,,
dbtext-glm-standard,162,0,GLM-5.3-Flash,max,completed,2026-09-20T01:35:19.412Z,2026-09-20T01:35:50.437Z,322006,321536,0,902,,
dbtext-glm-standard,163,0,GLM-5.3-Flash,max,completed,2026-09-20T01:36:11.117Z,2026-09-20T01:36:52.815Z,324544,321984,0,1056,,
dbtext-glm-standard,164,0,GLM-5.3-Flash,max,completed,2026-09-20T01:36:53.120Z,2026-09-20T01:37:00.208Z,325669,324544,0,211,,
dbtext-glm-standard,165,0,GLM-5.3-Flash,max,completed,2026-09-20T01:37:00.634Z,2026-09-20T01:37:22.516Z,325960,325632,0,1176,,
dbtext-glm-standard,166,0,GLM-5.3-Flash,max,completed,2026-09-20T01:37:22.991Z,2026-09-20T01:37:28.753Z,327163,325952,0,98,,
dbtext-glm-standard,167,0,GLM-5.3-Flash,max,completed,2026-09-20T01:37:28.841Z,2026-09-20T01:37:34.597Z,327330,327104,0,111,,
dbtext-glm-standard,168,0,GLM-5.3-Flash,max,completed,2026-09-20T01:37:35.348Z,2026-09-20T01:37:43.809Z,327688,327296,0,247,,
dbtext-glm-standard,169,0,GLM-5.3-Flash,max,completed,2026-09-20T01:37:43.910Z,2026-09-20T01:37:56.503Z,327985,327680,0,344,,
dbtext-glm-standard,170,0,GLM-5.3-Flash,max,completed,2026-09-20T01:37:57.061Z,2026-09-20T01:38:50.170Z,328522,327936,0,2566,,
dbtext-glm-standard,171,0,GLM-5.3-Flash,max,completed,2026-09-20T01:39:11.257Z,2026-09-20T01:39:39.123Z,332452,328512,0,874,,
dbtext-glm-standard,172,0,GLM-5.3-Flash,max,completed,2026-09-20T01:39:39.330Z,2026-09-20T01:40:18.727Z,333392,332416,0,966,,
dbtext-glm-standard,173,0,GLM-5.3-Flash,max,completed,2026-09-20T01:40:18.891Z,2026-09-20T01:40:45.474Z,334436,333376,0,1020,,
dbtext-glm-standard,174,0,GLM-5.3-Flash,max,completed,2026-09-20T01:40:46.724Z,2026-09-20T01:40:59.630Z,335493,334400,0,342,,
dbtext-glm-standard,175,0,GLM-5.3-Flash,max,completed,2026-09-20T01:40:59.756Z,2026-09-20T01:41:18.446Z,336264,335488,0,632,,
dbtext-glm-standard,176,0,GLM-5.3-Flash,max,completed,2026-09-20T01:41:19.036Z,2026-09-20T01:41:31.550Z,336930,336256,0,290,,
dbtext-glm-standard,177,0,GLM-5.3-Flash,max,completed,2026-09-20T01:41:32.456Z,2026-09-20T01:42:22.198Z,337234,336896,0,1122,,
dbtext-glm-standard,178,0,GLM-5.3-Flash,max,completed,2026-09-20T01:42:22.376Z,2026-09-20T01:42:41.619Z,338607,337216,0,538,,
dbtext-glm-standard,179,0,GLM-5.3-Flash,max,completed,2026-09-20T01:42:41.741Z,2026-09-20T01:43:05.343Z,339225,338560,0,261,,
dbtext-glm-standard,180,0,GLM-5.3-Flash,max,completed,2026-09-20T01:43:05.507Z,2026-09-20T01:43:36.278Z,339538,339200,0,1245,,
dbtext-glm-standard,181,0,GLM-5.3-Flash,max,completed,2026-09-20T01:43:36.476Z,2026-09-20T01:43:46.511Z,340832,339520,0,507,,
dbtext-glm-standard,182,0,GLM-5.3-Flash,max,completed,2026-09-20T01:43:47.334Z,2026-09-20T01:43:52.873Z,341393,340800,0,75,,
dbtext-glm-standard,183,0,GLM-5.3-Flash,max,completed,2026-09-20T01:43:59.202Z,2026-09-20T01:44:04.329Z,341494,341376,0,38,,
dbtext-glm-standard,184,0,GLM-5.3-Flash,max,completed,2026-09-20T01:44:04.402Z,2026-09-20T01:44:23.786Z,341577,341440,0,1094,,
dbtext-glm-standard,185,0,GLM-5.3-Flash,max,completed,2026-09-20T01:44:24.595Z,2026-09-20T01:44:31.359Z,342754,341568,0,138,,
dbtext-glm-standard,186,0,GLM-5.3-Flash,max,completed,2026-09-20T01:44:32.596Z,2026-09-20T01:44:52.464Z,342921,342720,0,738,,
dbtext-glm-standard,187,0,GLM-5.3-Flash,max,completed,2026-09-20T01:44:53.839Z,2026-09-20T01:45:12.551Z,343688,342912,0,555,,
dbtext-glm-standard,188,0,GLM-5.3-Flash,max,completed,2026-09-20T01:45:12.737Z,2026-09-20T01:45:19.531Z,344510,343680,0,108,,
dbtext-glm-standard,189,0,GLM-5.3-Flash,max,completed,2026-09-20T01:45:19.610Z,2026-09-20T01:45:50.215Z,345044,344448,0,783,,
dbtext-glm-standard,190,0,GLM-5.3-Flash,max,completed,2026-09-20T01:45:51.552Z,2026-09-20T01:46:07.827Z,345861,345024,0,531,,
dbtext-glm-standard,191,0,GLM-5.3-Flash,max,completed,2026-09-20T01:46:09.208Z,2026-09-20T01:46:33.021Z,346421,345856,0,633,,
dbtext-glm-standard,192,0,GLM-5.3-Flash,max,completed,2026-09-20T01:46:33.896Z,2026-09-20T01:47:47.163Z,347137,346368,0,3256,,
dbtext-glm-standard,193,0,GLM-5.3-Flash,max,completed,2026-09-20T01:47:53.025Z,2026-09-20T01:48:16.446Z,350702,347136,0,1055,,
dbtext-glm-standard,194,0,GLM-5.3-Flash,max,completed,2026-09-20T01:48:19.667Z,2026-09-20T01:48:41.638Z,352019,350656,0,772,,
dbtext-glm-standard,195,0,GLM-5.3-Flash,max,completed,2026-09-20T01:48:42.313Z,2026-09-20T01:49:35.290Z,353046,352000,0,2105,,
dbtext-glm-standard,196,0,GLM-5.3-Flash,max,completed,2026-09-20T01:49:40.338Z,2026-09-20T01:50:02.838Z,356328,353024,0,916,,
dbtext-glm-standard,197,0,GLM-5.3-Flash,max,completed,2026-09-20T01:50:46.984Z,2026-09-20T01:50:59.493Z,357341,356288,0,446,,
dbtext-glm-standard,198,0,GLM-5.3-Flash,max,completed,2026-09-20T01:50:59.562Z,2026-09-20T01:51:03.963Z,358140,357312,0,30,,
dbtext-glm-standard,199,0,GLM-5.3-Flash,max,completed,2026-09-20T01:51:04.051Z,2026-09-20T01:51:08.464Z,358235,358080,0,40,,
dbtext-glm-standard,200,0,GLM-5.3-Flash,max,completed,2026-09-20T01:51:08.520Z,2026-09-20T01:51:13.602Z,358340,358208,0,61,,
dbtext-glm-standard,201,0,GLM-5.3-Flash,max,completed,2026-09-20T01:51:13.667Z,2026-09-20T01:51:43.910Z,358473,358336,0,1096,,
dbtext-glm-standard,202,0,GLM-5.3-Flash,max,completed,2026-09-20T01:51:44.041Z,2026-09-20T01:51:48.811Z,359626,358464,0,40,,
dbtext-glm-standard,203,0,GLM-5.3-Flash,max,completed,2026-09-20T01:51:48.893Z,2026-09-20T01:51:53.124Z,359731,359616,0,30,,
dbtext-glm-standard,204,0,GLM-5.3-Flash,max,completed,2026-09-20T01:53:53.203Z,2026-09-20T01:53:58.461Z,359772,359680,0,40,,
dbtext-glm-standard,205,0,GLM-5.3-Flash,max,completed,2026-09-20T01:53:58.526Z,2026-09-20T01:54:11.790Z,360379,359744,0,297,,
dbtext-glm-standard,206,0,GLM-5.3-Flash,max,completed,2026-09-20T01:54:11.880Z,2026-09-20T01:54:16.272Z,360742,360320,0,30,,
dbtext-glm-standard,207,0,GLM-5.3-Flash,max,completed,2026-09-20T01:57:16.343Z,2026-09-20T01:57:24.798Z,360783,360704,0,41,,
dbtext-glm-standard,208,0,GLM-5.3-Flash,max,completed,2026-09-20T01:57:24.895Z,2026-09-20T01:58:23.481Z,362490,360768,0,1761,,
dbtext-glm-standard,209,0,GLM-5.3-Flash,max,completed,2026-09-20T01:58:23.644Z,2026-09-20T01:58:34.350Z,364271,362432,0,117,,
dbtext-glm-standard,210,0,GLM-5.3-Flash,max,completed,2026-09-20T01:58:34.488Z,2026-09-20T01:58:39.033Z,364454,364224,0,30,,
dbtext-glm-standard,211,0,GLM-5.3-Flash,max,completed,2026-09-20T02:05:39.099Z,2026-09-20T02:05:44.844Z,364495,364416,0,42,,
dbtext-glm-standard,212,0,GLM-5.3-Flash,max,completed,2026-09-20T02:05:44.905Z,2026-09-20T02:05:49.113Z,364603,364480,0,31,,
dbtext-glm-standard,213,0,GLM-5.3-Flash,max,completed,2026-09-20T02:12:49.191Z,2026-09-20T02:12:57.779Z,364645,364544,0,42,,
dbtext-glm-standard,214,0,GLM-5.3-Flash,max,completed,2026-09-20T02:12:57.838Z,2026-09-20T02:13:08.445Z,365284,364608,0,174,,
dbtext-glm-standard,215,0,GLM-5.3-Flash,max,completed,2026-09-20T02:13:08.603Z,2026-09-20T02:13:17.637Z,365523,365248,0,32,,
dbtext-glm-standard,216,0,GLM-5.3-Flash,max,completed,2026-09-20T02:22:17.710Z,2026-09-20T02:22:24.249Z,365566,365504,0,40,,
dbtext-glm-standard,217,0,GLM-5.3-Flash,max,completed,2026-09-20T02:22:24.307Z,2026-09-20T02:22:29.158Z,365671,365504,0,31,,
dbtext-glm-standard,218,0,GLM-5.3-Flash,max,completed,2026-09-20T02:29:29.239Z,2026-09-20T02:29:36.676Z,365921,365632,0,40,,
dbtext-glm-standard,219,0,GLM-5.3-Flash,max,completed,2026-09-20T02:29:36.737Z,2026-09-20T02:29:48.647Z,367543,365888,0,508,,
dbtext-glm-standard,220,0,GLM-5.3-Flash,max,completed,2026-09-20T02:29:48.707Z,2026-09-20T02:29:58.807Z,368393,367488,0,162,,
dbtext-glm-standard,221,0,GLM-5.3-Flash,max,completed,2026-09-20T02:29:59.023Z,2026-09-20T02:30:12.641Z,385415,368384,0,212,,
dbtext-glm-standard,222,0,GLM-5.3-Flash,max,completed,2026-09-20T02:30:12.742Z,2026-09-20T02:31:57.712Z,390752,385408,0,3638,,
dbtext-glm-standard,223,0,GLM-5.3-Flash,max,completed,2026-09-20T02:32:17.475Z,2026-09-20T02:32:29.660Z,394443,390720,0,327,,
dbtext-glm-standard,224,0,GLM-5.3-Flash,max,completed,2026-09-20T02:32:31.901Z,2026-09-20T02:34:06.944Z,394869,394432,0,3749,,
dbtext-glm-standard,225,0,GLM-5.3-Flash,max,completed,2026-09-20T02:34:07.225Z,2026-09-20T02:34:42.377Z,398687,394816,0,1893,,
dbtext-glm-standard,226,0,GLM-5.3-Flash,max,completed,2026-09-20T02:34:46.770Z,2026-09-20T02:35:02.638Z,400837,398656,0,643,,
dbtext-glm-standard,227,0,GLM-5.3-Flash,max,completed,2026-09-20T02:35:45.972Z,2026-09-20T02:36:50.986Z,401582,400832,0,2342,,
dbtext-glm-standard,228,0,GLM-5.3-Flash,max,completed,2026-09-20T02:37:43.919Z,2026-09-20T02:38:27.246Z,404021,401536,0,1606,,
dbtext-glm-standard,229,0,GLM-5.3-Flash,max,completed,2026-09-20T02:39:17.103Z,2026-09-20T02:39:34.426Z,405723,403968,0,398,,
dbtext-glm-standard,230,0,GLM-5.3-Flash,max,completed,2026-09-20T02:39:34.550Z,2026-09-20T02:39:39.739Z,406385,405696,0,33,,
dbtext-glm-standard,231,0,GLM-5.3-Flash,max,completed,2026-09-20T02:48:39.814Z,2026-09-20T02:49:10.319Z,406429,0,0,37,,
dbtext-glm-standard,232,0,GLM-5.3-Flash,max,completed,2026-09-20T02:49:10.385Z,2026-09-20T02:50:20.562Z,408024,406400,0,1668,,
dbtext-glm-standard,233,0,GLM-5.3-Flash,max,completed,2026-09-20T02:50:20.721Z,2026-09-20T02:50:29.166Z,409714,408000,0,196,,
dbtext-glm-standard,234,0,GLM-5.3-Flash,max,completed,2026-09-20T02:50:46.585Z,2026-09-20T02:51:01.814Z,410110,409664,0,132,,
dbtext-glm-standard,235,0,GLM-5.3-Flash,max,completed,2026-09-20T02:51:01.899Z,2026-09-20T02:51:09.091Z,410305,410048,0,33,,
dbtext-glm-standard,236,0,GLM-5.3-Flash,max,completed,2026-09-20T03:00:29.175Z,2026-09-20T03:00:35.396Z,410349,410304,0,39,,
dbtext-glm-standard,237,0,GLM-5.3-Flash,max,completed,2026-09-20T03:00:35.479Z,2026-09-20T03:00:43.582Z,410451,410304,0,28,,
dbtext-glm-standard,238,0,GLM-5.3-Flash,max,completed,2026-09-20T03:08:43.668Z,2026-09-20T03:08:51.443Z,410490,410432,0,39,,
dbtext-glm-standard,239,0,GLM-5.3-Flash,max,completed,2026-09-20T03:08:51.687Z,2026-09-20T03:09:51.589Z,412103,410432,0,2336,,
dbtext-glm-standard,240,0,GLM-5.3-Flash,max,completed,2026-09-20T03:09:51.881Z,2026-09-20T03:10:12.328Z,414706,412096,0,1004,,
dbtext-glm-standard,241,0,GLM-5.3-Flash,max,completed,2026-09-20T03:10:32.045Z,2026-09-20T03:10:45.623Z,415763,414656,0,173,,
dbtext-glm-standard,242,0,GLM-5.3-Flash,max,completed,2026-09-20T03:10:45.849Z,2026-09-20T03:10:56.842Z,416001,415744,0,33,,
dbtext-glm-standard,243,0,GLM-5.3-Flash,max,completed,2026-09-20T03:20:16.927Z,2026-09-20T03:20:24.046Z,416045,416000,0,40,,
dbtext-glm-standard,244,0,GLM-5.3-Flash,max,completed,2026-09-20T03:20:24.127Z,2026-09-20T03:20:35.753Z,417647,416000,0,184,,
dbtext-glm-standard,245,0,GLM-5.3-Flash,max,completed,2026-09-20T03:20:35.853Z,2026-09-20T03:20:43.330Z,417895,417600,0,33,,
dbtext-glm-standard,246,0,GLM-5.3-Flash,max,completed,2026-09-20T03:30:03.428Z,2026-09-20T03:30:10.231Z,417939,417856,0,39,,
dbtext-glm-standard,247,0,GLM-5.3-Flash,max,completed,2026-09-20T03:30:10.308Z,2026-09-20T03:30:49.524Z,418062,417920,0,1514,,
dbtext-glm-standard,248,0,GLM-5.3-Flash,max,completed,2026-09-20T03:30:49.732Z,2026-09-20T03:31:08.360Z,419640,418048,0,818,,
dbtext-glm-standard,249,0,GLM-5.3-Flash,max,completed,2026-09-20T03:31:40.558Z,2026-09-20T03:31:48.354Z,420511,419584,0,107,,
dbtext-glm-standard,250,0,GLM-5.3-Flash,max,completed,2026-09-20T03:32:06.248Z,2026-09-20T03:32:14.511Z,420868,420480,0,30,,
dbtext-glm-standard,251,0,GLM-5.3-Flash,max,completed,2026-09-20T03:32:14.605Z,2026-09-20T03:32:21.886Z,420962,420864,0,33,,
dbtext-glm-standard,252,0,GLM-5.3-Flash,max,completed,2026-09-20T03:41:41.972Z,2026-09-20T03:41:47.749Z,421006,420928,0,39,,
dbtext-glm-standard,253,0,GLM-5.3-Flash,max,completed,2026-09-20T03:41:47.838Z,2026-09-20T03:41:57.169Z,421129,420992,0,250,,
dbtext-glm-standard,254,0,GLM-5.3-Flash,max,completed,2026-09-20T03:42:03.833Z,2026-09-20T03:42:45.715Z,421415,421120,0,1630,,
dbtext-glm-standard,255,0,GLM-5.3-Flash,max,completed,2026-09-20T03:43:48.653Z,2026-09-20T03:43:55.744Z,423142,421376,0,182,,
dbtext-glm-standard,256,0,GLM-5.3-Flash,max,completed,2026-09-20T03:44:23.134Z,2026-09-20T03:44:31.239Z,423386,423104,0,56,,
dbtext-glm-standard,257,0,GLM-5.3-Flash,max,completed,2026-09-20T03:44:31.343Z,2026-09-20T03:44:38.849Z,423506,423360,0,32,,
dbtext-glm-standard,258,0,GLM-5.3-Flash,max,completed,2026-09-20T03:53:58.938Z,2026-09-20T03:54:25.330Z,423549,423488,0,39,,
dbtext-glm-standard,259,0,GLM-5.3-Flash,max,completed,2026-09-20T03:54:25.403Z,2026-09-20T03:54:30.030Z,423652,423488,0,31,,
dbtext-glm-standard,260,0,GLM-5.3-Flash,max,completed,2026-09-20T04:02:30.133Z,2026-09-20T04:02:43.595Z,423897,423616,0,39,,
dbtext-glm-standard,261,0,GLM-5.3-Flash,max,completed,2026-09-20T04:02:43.665Z,2026-09-20T04:03:00.205Z,424537,423872,0,547,,
dbtext-glm-standard,262,0,GLM-5.3-Flash,max,completed,2026-09-20T04:03:00.316Z,2026-09-20T04:03:47.699Z,428773,424512,0,1319,,
dbtext-glm-standard,263,0,GLM-5.3-Flash,max,completed,2026-09-20T04:03:48.576Z,2026-09-20T04:03:55.108Z,432181,428736,0,63,,
dbtext-glm-standard,264,0,GLM-5.3-Flash,max,completed,2026-09-20T04:03:55.789Z,2026-09-20T04:04:48.127Z,434357,432128,0,2286,,
dbtext-glm-standard,265,0,GLM-5.3-Flash,max,completed,2026-09-20T04:04:48.707Z,2026-09-20T04:04:53.842Z,436699,434304,0,43,,
dbtext-glm-standard,266,0,GLM-5.3-Flash,max,completed,2026-09-20T04:04:53.911Z,2026-09-20T04:05:08.681Z,438944,436672,0,122,,
dbtext-glm-standard,267,0,GLM-5.3-Flash,max,completed,2026-09-20T04:05:08.983Z,2026-09-20T04:05:16.990Z,439266,438912,0,61,,
dbtext-glm-standard,268,0,GLM-5.3-Flash,max,completed,2026-09-20T04:05:18.543Z,2026-09-20T04:05:33.160Z,439516,439232,0,43,,
dbtext-glm-standard,269,0,GLM-5.3-Flash,max,completed,2026-09-20T04:05:33.483Z,2026-09-20T04:05:58.149Z,441761,439488,0,1071,,
dbtext-glm-standard,270,0,GLM-5.3-Flash,max,completed,2026-09-20T04:05:58.324Z,2026-09-20T04:06:08.417Z,443094,441728,0,219,,
dbtext-glm-standard,271,0,GLM-5.3-Flash,max,completed,2026-09-20T04:06:08.493Z,2026-09-20T04:06:16.591Z,443655,443072,0,32,,
dbtext-glm-standard,272,0,GLM-5.3-Flash,max,completed,2026-09-20T04:15:36.688Z,2026-09-20T04:15:45.137Z,443698,443648,0,43,,
dbtext-glm-standard,273,0,GLM-5.3-Flash,max,completed,2026-09-20T04:15:45.212Z,2026-09-20T04:16:10.953Z,456869,443648,0,893,,
dbtext-glm-standard,274,0,GLM-5.3-Flash,max,completed,2026-09-20T04:16:12.422Z,2026-09-20T04:16:19.746Z,459847,456832,0,33,,
dbtext-glm-standard,275,0,GLM-5.3-Flash,max,completed,2026-09-20T04:25:39.844Z,2026-09-20T04:25:49.406Z,459891,459840,0,44,,
dbtext-glm-standard,276,0,GLM-5.3-Flash,max,completed,2026-09-20T04:25:49.489Z,2026-09-20T04:26:45.826Z,467907,459840,0,2942,,
dbtext-glm-standard,277,0,GLM-5.3-Flash,max,completed,2026-09-20T04:26:46.136Z,2026-09-20T04:27:17.578Z,470907,467904,0,2092,,
dbtext-glm-standard,278,0,GLM-5.3-Flash,max,completed,2026-09-20T04:27:17.824Z,2026-09-20T04:27:39.681Z,474041,470848,0,1134,,
dbtext-glm-standard,279,0,GLM-5.3-Flash,max,completed,2026-09-20T04:27:39.852Z,2026-09-20T04:27:59.144Z,475234,473984,0,709,,
dbtext-glm-standard,280,0,GLM-5.3-Flash,max,completed,2026-09-20T04:27:59.293Z,2026-09-20T04:28:06.716Z,476004,475200,0,185,,
dbtext-glm-standard,281,0,GLM-5.3-Flash,max,completed,2026-09-20T04:28:06.835Z,2026-09-20T04:28:14.703Z,476458,475968,0,258,,
dbtext-glm-standard,282,0,GLM-5.3-Flash,max,completed,2026-09-20T04:29:17.252Z,2026-09-20T04:29:30.269Z,476729,476416,0,150,,
dbtext-glm-standard,283,0,GLM-5.3-Flash,max,completed,2026-09-20T04:29:30.387Z,2026-09-20T04:29:37.648Z,476989,476672,0,93,,
dbtext-glm-standard,284,0,GLM-5.3-Flash,max,completed,2026-09-20T04:29:41.351Z,2026-09-20T04:29:50.336Z,477090,476928,0,97,,
dbtext-glm-standard,285,0,GLM-5.3-Flash,max,completed,2026-09-20T04:29:50.450Z,2026-09-20T04:30:04.492Z,477208,477056,0,430,,
dbtext-glm-standard,286,0,GLM-5.3-Flash,max,completed,2026-09-20T04:30:04.575Z,2026-09-20T04:30:24.365Z,477980,477184,0,590,,
dbtext-glm-decode-first,1,0,GLM-5.3-Flash,max,completed,2026-09-20T04:35:39.069Z,2026-09-20T04:35:47.624Z,14991,0,0,129,,
dbtext-glm-decode-first,2,0,GLM-5.3-Flash,max,completed,2026-09-20T04:35:47.765Z,2026-09-20T04:35:53.490Z,17534,14976,0,78,,
dbtext-glm-decode-first,3,0,GLM-5.3-Flash,max,completed,2026-09-20T04:35:53.574Z,2026-09-20T04:35:59.017Z,21622,17472,0,70,,
dbtext-glm-decode-first,4,0,GLM-5.3-Flash,max,completed,2026-09-20T04:35:59.136Z,2026-09-20T04:36:05.742Z,26880,21568,0,120,,
dbtext-glm-decode-first,5,0,GLM-5.3-Flash,max,completed,2026-09-20T04:36:05.786Z,2026-09-20T04:36:11.485Z,27103,26880,0,124,,
dbtext-glm-decode-first,6,0,GLM-5.3-Flash,max,completed,2026-09-20T04:36:11.584Z,2026-09-20T04:36:18.288Z,28930,27072,0,114,,
dbtext-glm-decode-first,7,0,GLM-5.3-Flash,max,completed,2026-09-20T04:36:18.692Z,2026-09-20T04:36:21.740Z,29130,28928,0,87,,
dbtext-glm-decode-first,8,0,GLM-5.3-Flash,max,completed,2026-09-20T04:36:21.852Z,2026-09-20T04:36:27.678Z,29238,29120,0,101,,
dbtext-glm-decode-first,9,0,GLM-5.3-Flash,max,completed,2026-09-20T04:36:27.802Z,2026-09-20T04:36:34.618Z,31576,29184,0,189,,
dbtext-glm-decode-first,10,0,GLM-5.3-Flash,max,completed,2026-09-20T04:36:34.738Z,2026-09-20T04:36:52.229Z,33453,31552,0,775,,
dbtext-glm-decode-first,11,0,GLM-5.3-Flash,max,completed,2026-09-20T04:36:52.388Z,2026-09-20T04:36:58.703Z,34407,33408,0,154,,
dbtext-glm-decode-first,12,0,GLM-5.3-Flash,max,completed,2026-09-20T04:36:58.777Z,2026-09-20T04:37:07.174Z,36355,34368,0,245,,
dbtext-glm-decode-first,13,0,GLM-5.3-Flash,max,completed,2026-09-20T04:37:07.297Z,2026-09-20T04:37:13.939Z,36993,36352,0,152,,
dbtext-glm-decode-first,14,0,GLM-5.3-Flash,max,completed,2026-09-20T04:37:14.044Z,2026-09-20T04:37:22.128Z,37946,36992,0,253,,
dbtext-glm-decode-first,15,0,GLM-5.3-Flash,max,completed,2026-09-20T04:37:22.679Z,2026-09-20T04:40:49.403Z,39024,37888,0,7543,,
dbtext-glm-decode-first,16,0,GLM-5.3-Flash,max,completed,2026-09-20T04:40:50.052Z,2026-09-20T04:40:57.996Z,46695,38976,0,155,,
dbtext-glm-decode-first,17,0,GLM-5.3-Flash,max,completed,2026-09-20T04:40:58.078Z,2026-09-20T04:41:04.741Z,47049,46656,0,90,,
dbtext-glm-decode-first,18,0,GLM-5.3-Flash,max,completed,2026-09-20T04:41:04.819Z,2026-09-20T04:41:10.691Z,47163,47040,0,94,,
dbtext-glm-decode-first,19,0,GLM-5.3-Flash,max,completed,2026-09-20T04:41:10.772Z,2026-09-20T04:41:17.033Z,47960,47104,0,116,,
dbtext-glm-decode-first,20,0,GLM-5.3-Flash,max,completed,2026-09-20T04:41:17.117Z,2026-09-20T04:41:22.373Z,48651,47936,0,46,,
dbtext-glm-decode-first,21,0,GLM-5.3-Flash,max,completed,2026-09-20T04:41:22.453Z,2026-09-20T04:41:28.133Z,48807,48640,0,48,,
dbtext-glm-decode-first,22,0,GLM-5.3-Flash,max,completed,2026-09-20T04:41:28.207Z,2026-09-20T04:41:34.078Z,48957,48768,0,86,,
dbtext-glm-decode-first,23,0,GLM-5.3-Flash,max,completed,2026-09-20T04:41:34.164Z,2026-09-20T04:41:39.980Z,49772,48896,0,82,,
dbtext-glm-decode-first,24,0,GLM-5.3-Flash,max,completed,2026-09-20T04:41:40.058Z,2026-09-20T04:41:48.578Z,49947,49728,0,273,,
dbtext-glm-decode-first,25,0,GLM-5.3-Flash,max,completed,2026-09-20T04:41:48.646Z,2026-09-20T04:41:55.346Z,50535,49920,0,326,,
dbtext-glm-decode-first,26,0,GLM-5.3-Flash,max,completed,2026-09-20T04:41:55.457Z,2026-09-20T04:42:05.586Z,50973,50496,0,296,,
dbtext-glm-decode-first,27,0,GLM-5.3-Flash,max,completed,2026-09-20T04:42:07.248Z,2026-09-20T04:42:22.594Z,52798,50944,0,439,,
dbtext-glm-decode-first,28,0,GLM-5.3-Flash,max,completed,2026-09-20T04:42:22.773Z,2026-09-20T04:42:49.211Z,53775,52736,0,904,,
dbtext-glm-decode-first,29,0,GLM-5.3-Flash,max,completed,2026-09-20T04:42:49.693Z,2026-09-20T04:44:41.241Z,55163,53760,0,3899,,
dbtext-glm-decode-first,30,0,GLM-5.3-Flash,max,completed,2026-09-20T04:44:41.623Z,2026-09-20T04:45:19.946Z,59162,55104,0,2032,,
dbtext-glm-decode-first,31,0,GLM-5.3-Flash,max,completed,2026-09-20T04:45:20.174Z,2026-09-20T04:45:29.560Z,61254,59136,0,364,,
dbtext-glm-decode-first,32,0,GLM-5.3-Flash,max,completed,2026-09-20T04:45:53.133Z,2026-09-20T04:49:26.339Z,63287,61248,0,8507,,
dbtext-glm-decode-first,33,0,GLM-5.3-Flash,max,completed,2026-09-20T04:49:27.073Z,2026-09-20T04:49:37.783Z,71855,63232,0,552,,
dbtext-glm-decode-first,34,0,GLM-5.3-Flash,max,completed,2026-09-20T04:49:38.282Z,2026-09-20T04:49:58.256Z,72657,71808,0,895,,
dbtext-glm-decode-first,35,0,GLM-5.3-Flash,max,completed,2026-09-20T04:49:58.908Z,2026-09-20T04:52:32.485Z,74984,72640,0,5744,,
dbtext-glm-decode-first,36,0,GLM-5.3-Flash,max,completed,2026-09-20T04:52:33.002Z,2026-09-20T04:52:39.031Z,80788,74944,0,55,,
dbtext-glm-decode-first,37,0,GLM-5.3-Flash,max,completed,2026-09-20T04:52:39.113Z,2026-09-20T04:52:59.934Z,80854,80768,0,1012,,
dbtext-glm-decode-first,38,0,GLM-5.3-Flash,max,completed,2026-09-20T04:53:00.085Z,2026-09-20T04:57:28.433Z,81925,80832,0,9672,,
dbtext-glm-decode-first,39,0,GLM-5.3-Flash,max,completed,2026-09-20T04:57:29.153Z,2026-09-20T04:58:12.777Z,91656,81920,0,2521,,
dbtext-glm-decode-first,40,0,GLM-5.3-Flash,max,completed,2026-09-20T04:58:13.050Z,2026-09-20T05:01:21.504Z,94237,91648,0,7332,,
dbtext-glm-decode-first,41,0,GLM-5.3-Flash,max,completed,2026-09-20T05:01:22.506Z,2026-09-20T05:02:52.636Z,101732,94208,0,4531,,
dbtext-glm-decode-first,42,0,GLM-5.3-Flash,max,completed,2026-09-20T05:02:53.093Z,2026-09-20T05:04:54.083Z,106325,101696,0,5965,,
dbtext-glm-decode-first,43,0,GLM-5.3-Flash,max,completed,2026-09-20T05:04:54.641Z,2026-09-20T05:08:05.782Z,112352,106304,0,11547,,
dbtext-glm-decode-first,44,0,GLM-5.3-Flash,max,error,2026-09-20T05:08:06.747Z,2026-09-20T05:08:07.814Z,0,0,0,0,,
dbtext-glm-decode-first,45,0,GLM-5.3-Flash,max,completed,2026-09-20T06:54:16.534Z,2026-09-20T06:58:07.386Z,123990,0,0,10804,,
dbtext-glm-decode-first,46,0,GLM-5.3-Flash,max,completed,2026-09-20T06:58:08.367Z,2026-09-20T07:02:45.944Z,135061,123968,0,15005,,
dbtext-glm-decode-first,47,0,GLM-5.3-Flash,max,completed,2026-09-20T07:02:47.180Z,2026-09-20T07:03:50.427Z,150131,135040,0,2368,,
dbtext-glm-decode-first,48,0,GLM-5.3-Flash,max,completed,2026-09-20T07:03:50.725Z,2026-09-20T07:04:02.128Z,152561,150080,0,226,,
dbtext-glm-decode-first,49,0,GLM-5.3-Flash,max,completed,2026-09-20T07:04:02.263Z,2026-09-20T07:04:17.678Z,152850,152512,0,338,,
dbtext-glm-decode-first,50,0,GLM-5.3-Flash,max,completed,2026-09-20T07:04:17.820Z,2026-09-20T07:04:37.122Z,153251,152832,0,600,,
dbtext-glm-decode-first,51,0,GLM-5.3-Flash,max,completed,2026-09-20T07:04:37.287Z,2026-09-20T07:04:46.140Z,153914,153216,0,239,,
dbtext-glm-decode-first,52,0,GLM-5.3-Flash,max,completed,2026-09-20T07:04:46.363Z,2026-09-20T07:04:53.503Z,154216,153856,0,304,,
dbtext-glm-decode-first,53,0,GLM-5.3-Flash,max,completed,2026-09-20T07:04:53.725Z,2026-09-20T07:05:53.731Z,154583,154176,0,3726,,
dbtext-glm-decode-first,54,0,GLM-5.3-Flash,max,completed,2026-09-20T07:05:54.131Z,2026-09-20T07:06:04.965Z,158372,154560,0,593,,
dbtext-glm-decode-first,55,0,GLM-5.3-Flash,max,completed,2026-09-20T07:06:05.120Z,2026-09-20T07:06:21.360Z,159028,158336,0,574,,
dbtext-glm-decode-first,56,0,GLM-5.3-Flash,max,completed,2026-09-20T07:06:21.528Z,2026-09-20T07:06:27.718Z,159869,158976,0,229,,
dbtext-glm-decode-first,57,0,GLM-5.3-Flash,max,completed,2026-09-20T07:06:27.820Z,2026-09-20T07:07:44.707Z,160444,159808,0,4671,,
dbtext-glm-decode-first,58,0,GLM-5.3-Flash,max,completed,2026-09-20T07:07:45.159Z,2026-09-20T07:11:10.664Z,165176,160384,0,11205,,
dbtext-glm-decode-first,59,0,GLM-5.3-Flash,max,completed,2026-09-20T07:11:11.613Z,2026-09-20T07:14:11.384Z,176444,165120,0,10378,,
dbtext-glm-decode-first,60,0,GLM-5.3-Flash,max,completed,2026-09-20T07:14:12.233Z,2026-09-20T07:15:07.095Z,186885,176384,0,2042,,
dbtext-glm-decode-first,61,0,GLM-5.3-Flash,max,completed,2026-09-20T07:15:07.375Z,2026-09-20T07:15:13.443Z,188989,186880,0,218,,
dbtext-glm-decode-first,62,0,GLM-5.3-Flash,max,completed,2026-09-20T07:15:13.583Z,2026-09-20T07:15:20.417Z,189270,188928,0,188,,
dbtext-glm-decode-first,63,0,GLM-5.3-Flash,max,completed,2026-09-20T07:15:20.544Z,2026-09-20T07:15:54.410Z,189521,189248,0,1565,,
dbtext-glm-decode-first,64,0,GLM-5.3-Flash,max,completed,2026-09-20T07:15:54.647Z,2026-09-20T07:16:07.925Z,191146,189504,0,531,,
dbtext-glm-decode-first,65,0,GLM-5.3-Flash,max,completed,2026-09-20T07:16:08.151Z,2026-09-20T07:16:23.698Z,191739,191104,0,775,,
dbtext-glm-decode-first,66,0,GLM-5.3-Flash,max,completed,2026-09-20T07:16:23.870Z,2026-09-20T07:16:50.523Z,192574,191680,0,1186,,
dbtext-glm-decode-first,67,0,GLM-5.3-Flash,max,completed,2026-09-20T07:16:50.749Z,2026-09-20T07:17:34.863Z,193972,192512,0,2342,,
dbtext-glm-decode-first,68,0,GLM-5.3-Flash,max,completed,2026-09-20T07:17:35.149Z,2026-09-20T07:17:44.570Z,196373,193920,0,434,,
dbtext-glm-decode-first,69,0,GLM-5.3-Flash,max,completed,2026-09-20T07:17:44.767Z,2026-09-20T07:17:49.090Z,196868,196352,0,93,,
dbtext-glm-decode-first,70,0,GLM-5.3-Flash,max,completed,2026-09-20T07:17:49.829Z,2026-09-20T07:18:02.821Z,197885,196864,0,363,,
dbtext-glm-decode-first,71,0,GLM-5.3-Flash,max,completed,2026-09-20T07:18:02.968Z,2026-09-20T07:18:08.340Z,198469,197824,0,146,,
dbtext-glm-decode-first,72,0,GLM-5.3-Flash,max,completed,2026-09-20T07:18:12.840Z,2026-09-20T07:18:18.565Z,198685,198464,0,141,,
dbtext-glm-decode-first,73,0,GLM-5.3-Flash,max,completed,2026-09-20T07:18:20.039Z,2026-09-20T07:18:24.531Z,198861,198656,0,103,,
dbtext-glm-decode-first,74,0,GLM-5.3-Flash,max,completed,2026-09-20T07:18:26.299Z,2026-09-20T07:18:45.814Z,199221,198848,0,1101,,
dbtext-glm-decode-first,75,0,GLM-5.3-Flash,max,completed,2026-09-20T07:18:45.976Z,2026-09-20T07:18:50.566Z,200361,199168,0,57,,
dbtext-glm-decode-first,76,0,GLM-5.3-Flash,max,completed,2026-09-20T07:18:50.617Z,2026-09-20T07:19:01.164Z,201408,200320,0,487,,
dbtext-glm-decode-first,77,0,GLM-5.3-Flash,max,completed,2026-09-20T07:19:01.304Z,2026-09-20T07:19:06.286Z,202165,201408,0,133,,
dbtext-glm-decode-first,78,0,GLM-5.3-Flash,max,completed,2026-09-20T07:19:11.413Z,2026-09-20T07:19:42.328Z,202337,202112,0,982,,
dbtext-glm-decode-first,79,0,GLM-5.3-Flash,max,completed,2026-09-20T07:19:43.015Z,2026-09-20T07:19:48.777Z,203330,202304,0,93,,
dbtext-glm-decode-first,80,0,GLM-5.3-Flash,max,completed,2026-09-20T07:19:49.365Z,2026-09-20T07:19:56.657Z,203541,203328,0,107,,
dbtext-glm-decode-first,81,0,GLM-5.3-Flash,max,completed,2026-09-20T07:19:57.411Z,2026-09-20T07:20:07.957Z,204440,203520,0,163,,
dbtext-glm-decode-first,82,0,GLM-5.3-Flash,max,completed,2026-09-20T07:20:08.024Z,2026-09-20T07:20:59.128Z,204742,204416,0,1893,,
dbtext-glm-decode-first,83,0,GLM-5.3-Flash,max,completed,2026-09-20T07:20:59.313Z,2026-09-20T07:21:04.464Z,206697,204736,0,188,,
dbtext-glm-decode-first,84,0,GLM-5.3-Flash,max,completed,2026-09-20T07:21:09.259Z,2026-09-20T07:21:30.044Z,206924,206656,0,1029,,
dbtext-glm-decode-first,85,0,GLM-5.3-Flash,max,completed,2026-09-20T07:21:30.189Z,2026-09-20T07:21:36.025Z,208013,206912,0,88,,
dbtext-glm-decode-first,86,0,GLM-5.3-Flash,max,completed,2026-09-20T07:21:39.465Z,2026-09-20T07:22:52.589Z,208217,208000,0,2693,,
dbtext-glm-decode-first,87,0,GLM-5.3-Flash,max,completed,2026-09-20T07:22:52.846Z,2026-09-20T07:23:08.566Z,211180,208192,0,748,,
dbtext-glm-decode-first,88,0,GLM-5.3-Flash,max,completed,2026-09-20T07:23:08.744Z,2026-09-20T07:23:14.501Z,211991,211136,0,113,,
dbtext-glm-decode-first,89,0,GLM-5.3-Flash,max,completed,2026-09-20T07:23:19.231Z,2026-09-20T07:24:02.052Z,212978,211968,0,1587,,
dbtext-glm-decode-first,90,0,GLM-5.3-Flash,max,completed,2026-09-20T07:24:02.385Z,2026-09-20T07:24:19.827Z,214628,212928,0,271,,
dbtext-glm-decode-first,91,0,GLM-5.3-Flash,max,completed,2026-09-20T07:24:19.927Z,2026-09-20T07:24:27.820Z,214962,214592,0,126,,
dbtext-glm-decode-first,92,0,GLM-5.3-Flash,max,completed,2026-09-20T07:24:31.342Z,2026-09-20T07:24:55.696Z,215246,214912,0,59,,
dbtext-glm-decode-first,93,0,GLM-5.3-Flash,max,completed,2026-09-20T07:24:55.792Z,2026-09-20T07:25:26.388Z,215480,215232,0,911,,
dbtext-glm-decode-first,94,0,GLM-5.3-Flash,max,completed,2026-09-20T07:25:27.165Z,2026-09-20T07:25:34.413Z,216402,215424,0,108,,
dbtext-glm-decode-first,95,0,GLM-5.3-Flash,max,completed,2026-09-20T07:25:35.196Z,2026-09-20T07:25:46.757Z,216726,216384,0,297,,
dbtext-glm-decode-first,96,0,GLM-5.3-Flash,max,completed,2026-09-20T07:25:47.487Z,2026-09-20T07:26:21.273Z,217797,216704,0,1098,,
dbtext-glm-decode-first,97,0,GLM-5.3-Flash,max,completed,2026-09-20T07:26:21.412Z,2026-09-20T07:26:27.406Z,219166,217792,0,130,,
dbtext-glm-decode-first,98,0,GLM-5.3-Flash,max,completed,2026-09-20T07:26:31.423Z,2026-09-20T07:27:36.024Z,219519,219136,0,2058,,
dbtext-glm-decode-first,99,0,GLM-5.3-Flash,max,completed,2026-09-20T07:27:36.239Z,2026-09-20T07:27:54.875Z,221640,219456,0,723,,
dbtext-glm-decode-first,100,0,GLM-5.3-Flash,max,completed,2026-09-20T07:27:55.001Z,2026-09-20T07:28:00.674Z,222426,221632,0,124,,
dbtext-glm-decode-first,101,0,GLM-5.3-Flash,max,completed,2026-09-20T07:28:00.746Z,2026-09-20T07:28:08.593Z,222613,222400,0,239,,
dbtext-glm-decode-first,102,0,GLM-5.3-Flash,max,completed,2026-09-20T07:28:08.681Z,2026-09-20T07:28:15.750Z,222915,222592,0,123,,
dbtext-glm-decode-first,103,0,GLM-5.3-Flash,max,completed,2026-09-20T07:28:15.841Z,2026-09-20T07:28:21.070Z,223101,222912,0,136,,
dbtext-glm-decode-first,104,0,GLM-5.3-Flash,max,completed,2026-09-20T07:28:25.198Z,2026-09-20T07:28:43.256Z,223455,223040,0,548,,
dbtext-glm-decode-first,105,0,GLM-5.3-Flash,max,completed,2026-09-20T07:28:43.334Z,2026-09-20T07:28:53.632Z,224902,223424,0,340,,
dbtext-glm-decode-first,106,0,GLM-5.3-Flash,max,completed,2026-09-20T07:28:53.724Z,2026-09-20T07:29:00.807Z,225305,224896,0,130,,
dbtext-glm-decode-first,107,0,GLM-5.3-Flash,max,completed,2026-09-20T07:29:05.203Z,2026-09-20T07:29:28.251Z,225878,225280,0,935,,
dbtext-glm-decode-first,108,0,GLM-5.3-Flash,max,completed,2026-09-20T07:29:30.873Z,2026-09-20T07:30:35.232Z,227246,225856,0,2340,,
dbtext-glm-decode-first,109,0,GLM-5.3-Flash,max,completed,2026-09-20T07:30:35.410Z,2026-09-20T07:30:39.336Z,229616,227200,0,57,,
dbtext-glm-decode-first,110,0,GLM-5.3-Flash,max,completed,2026-09-20T07:30:39.420Z,2026-09-20T07:30:55.095Z,229684,229568,0,1030,,
dbtext-glm-decode-first,111,0,GLM-5.3-Flash,max,completed,2026-09-20T07:30:55.218Z,2026-09-20T07:31:01.460Z,230774,229632,0,97,,
dbtext-glm-decode-first,112,0,GLM-5.3-Flash,max,completed,2026-09-20T07:31:04.230Z,2026-09-20T07:31:38.309Z,230976,230720,0,1222,,
dbtext-glm-decode-first,113,0,GLM-5.3-Flash,max,completed,2026-09-20T07:31:38.435Z,2026-09-20T07:31:43.649Z,232261,230976,0,59,,
dbtext-glm-decode-first,114,0,GLM-5.3-Flash,max,completed,2026-09-20T07:31:43.683Z,2026-09-20T07:31:47.951Z,233121,232256,0,59,,
dbtext-glm-decode-first,115,0,GLM-5.3-Flash,max,completed,2026-09-20T07:31:47.985Z,2026-09-20T07:31:58.208Z,234333,233088,0,438,,
dbtext-glm-decode-first,116,0,GLM-5.3-Flash,max,completed,2026-09-20T07:31:58.295Z,2026-09-20T07:32:06.566Z,234834,234304,0,281,,
dbtext-glm-decode-first,117,0,GLM-5.3-Flash,max,completed,2026-09-20T07:32:06.653Z,2026-09-20T07:32:10.064Z,235477,234816,0,59,,
dbtext-glm-decode-first,118,0,GLM-5.3-Flash,max,completed,2026-09-20T07:32:10.098Z,2026-09-20T07:32:15.773Z,236366,235456,0,115,,
dbtext-glm-decode-first,119,0,GLM-5.3-Flash,max,completed,2026-09-20T07:32:15.842Z,2026-09-20T07:32:20.642Z,236544,236352,0,132,,
dbtext-glm-decode-first,120,0,GLM-5.3-Flash,max,completed,2026-09-20T07:32:24.990Z,2026-09-20T07:33:19.896Z,237111,236544,0,1490,,
dbtext-glm-decode-first,121,0,GLM-5.3-Flash,max,completed,2026-09-20T07:33:22.506Z,2026-09-20T07:34:41.197Z,238929,237056,0,2332,,
dbtext-glm-decode-first,122,0,GLM-5.3-Flash,max,completed,2026-09-20T07:34:41.391Z,2026-09-20T07:34:46.555Z,241322,238912,0,88,,
dbtext-glm-decode-first,123,0,GLM-5.3-Flash,max,completed,2026-09-20T07:35:15.740Z,2026-09-20T07:35:50.621Z,241421,241280,0,1181,,
dbtext-glm-decode-first,124,0,GLM-5.3-Flash,max,completed,2026-09-20T07:35:53.290Z,2026-09-20T07:36:33.833Z,242809,241408,0,1451,,
dbtext-glm-decode-first,125,0,GLM-5.3-Flash,max,completed,2026-09-20T07:36:36.471Z,2026-09-20T07:37:04.382Z,244345,242752,0,801,,
dbtext-glm-decode-first,126,0,GLM-5.3-Flash,max,completed,2026-09-20T07:37:04.462Z,2026-09-20T07:37:14.383Z,245653,244288,0,345,,
dbtext-glm-decode-first,127,0,GLM-5.3-Flash,max,completed,2026-09-20T07:37:14.496Z,2026-09-20T07:37:21.141Z,246269,245632,0,203,,
dbtext-glm-decode-first,128,0,GLM-5.3-Flash,max,completed,2026-09-20T07:37:32.637Z,2026-09-20T07:37:41.833Z,246483,246208,0,182,,
dbtext-glm-decode-first,129,0,GLM-5.3-Flash,max,completed,2026-09-20T07:37:52.903Z,2026-09-20T07:38:03.326Z,246862,246464,0,163,,
dbtext-glm-decode-first,130,0,GLM-5.3-Flash,max,completed,2026-09-20T07:38:08.306Z,2026-09-20T07:38:22.999Z,247050,246848,0,644,,
dbtext-glm-decode-first,131,0,GLM-5.3-Flash,max,completed,2026-09-20T07:38:23.125Z,2026-09-20T07:38:32.003Z,247755,247040,0,183,,
dbtext-glm-decode-first,132,0,GLM-5.3-Flash,max,completed,2026-09-20T07:38:41.452Z,2026-09-20T07:41:28.148Z,248944,247744,0,5712,,
dbtext-glm-decode-first,133,0,GLM-5.3-Flash,max,completed,2026-09-20T07:41:28.696Z,2026-09-20T07:42:06.761Z,254739,248896,0,1261,,
dbtext-glm-decode-first,134,0,GLM-5.3-Flash,max,completed,2026-09-20T07:42:06.896Z,2026-09-20T07:42:16.667Z,256039,254720,0,252,,
dbtext-glm-decode-first,135,0,GLM-5.3-Flash,max,completed,2026-09-20T07:42:19.272Z,2026-09-20T07:42:38.767Z,256367,256000,0,536,,
dbtext-glm-decode-first,136,0,GLM-5.3-Flash,max,completed,2026-09-20T07:42:38.864Z,2026-09-20T07:42:50.696Z,257246,256320,0,287,,
dbtext-glm-decode-first,137,0,GLM-5.3-Flash,max,completed,2026-09-20T07:42:50.770Z,2026-09-20T07:43:01.747Z,257970,257216,0,125,,
dbtext-glm-decode-first,138,0,GLM-5.3-Flash,max,completed,2026-09-20T07:43:02.121Z,2026-09-20T07:43:16.266Z,258456,257920,0,377,,
dbtext-glm-decode-first,139,0,GLM-5.3-Flash,max,completed,2026-09-20T07:43:16.613Z,2026-09-20T07:43:53.132Z,258953,258432,0,1183,,
dbtext-glm-decode-first,140,0,GLM-5.3-Flash,max,completed,2026-09-20T07:43:55.836Z,2026-09-20T07:44:31.635Z,260194,258944,0,1408,,
dbtext-glm-decode-first,141,0,GLM-5.3-Flash,max,completed,2026-09-20T07:44:32.143Z,2026-09-20T07:45:21.814Z,261646,260160,0,1585,,
dbtext-glm-decode-first,142,0,GLM-5.3-Flash,max,completed,2026-09-20T07:45:24.489Z,2026-09-20T07:45:53.143Z,263275,261632,0,1184,,
dbtext-glm-decode-first,143,0,GLM-5.3-Flash,max,completed,2026-09-20T07:45:56.036Z,2026-09-20T07:46:50.667Z,264520,263232,0,2383,,
dbtext-glm-decode-first,144,0,GLM-5.3-Flash,max,completed,2026-09-20T07:46:53.608Z,2026-09-20T07:49:06.489Z,266980,264512,0,5374,,
dbtext-glm-decode-first,145,0,GLM-5.3-Flash,max,completed,2026-09-20T07:49:06.936Z,2026-09-20T07:49:27.545Z,272360,266944,0,801,,
dbtext-glm-decode-first,146,0,GLM-5.3-Flash,max,completed,2026-09-20T07:49:30.503Z,2026-09-20T07:49:56.523Z,273228,272320,0,1189,,
dbtext-glm-decode-first,147,0,GLM-5.3-Flash,max,completed,2026-09-20T07:49:59.462Z,2026-09-20T07:50:58.940Z,274702,273216,0,2008,,
dbtext-glm-decode-first,148,0,GLM-5.3-Flash,max,completed,2026-09-20T07:50:59.122Z,2026-09-20T07:51:27.804Z,276771,274688,0,1700,,
dbtext-glm-decode-first,149,0,GLM-5.3-Flash,max,completed,2026-09-20T07:51:27.981Z,2026-09-20T07:52:26.172Z,278478,276736,0,2720,,
dbtext-glm-decode-first,150,0,GLM-5.3-Flash,max,completed,2026-09-20T07:52:26.399Z,2026-09-20T07:53:07.762Z,281206,278464,0,2218,,
dbtext-glm-decode-first,151,0,GLM-5.3-Flash,max,completed,2026-09-20T07:53:07.961Z,2026-09-20T07:55:35.423Z,283431,281152,0,10908,,
dbtext-glm-decode-first,152,0,GLM-5.3-Flash,max,completed,2026-09-20T07:55:36.067Z,2026-09-20T07:55:42.571Z,294369,283392,0,65,,
dbtext-glm-decode-first,153,0,GLM-5.3-Flash,max,completed,2026-09-20T07:55:42.655Z,2026-09-20T07:57:39.209Z,294439,294336,0,9522,,
dbtext-glm-decode-first,154,0,GLM-5.3-Flash,max,completed,2026-09-20T07:57:39.806Z,2026-09-20T07:57:56.343Z,304022,294400,0,242,,
dbtext-glm-decode-first,155,0,GLM-5.3-Flash,max,completed,2026-09-20T07:57:56.397Z,2026-09-20T07:58:03.888Z,305669,304000,0,306,,
dbtext-glm-decode-first,156,0,GLM-5.3-Flash,max,completed,2026-09-20T07:58:04.027Z,2026-09-20T07:58:12.112Z,306038,305664,0,59,,
dbtext-glm-decode-first,157,0,GLM-5.3-Flash,max,completed,2026-09-20T07:58:12.217Z,2026-09-20T07:58:47.516Z,307481,305984,0,828,,
dbtext-glm-decode-first,158,0,GLM-5.3-Flash,max,completed,2026-09-20T07:58:47.640Z,2026-09-20T07:59:28.299Z,308372,307456,0,570,,
dbtext-glm-decode-first,159,0,GLM-5.3-Flash,max,completed,2026-09-20T07:59:29.710Z,2026-09-20T07:59:47.730Z,309537,308352,0,415,,
dbtext-glm-decode-first,160,0,GLM-5.3-Flash,max,completed,2026-09-20T08:00:00.721Z,2026-09-20T08:00:10.668Z,310381,309504,0,210,,
dbtext-glm-decode-first,161,0,GLM-5.3-Flash,max,completed,2026-09-20T08:00:18.052Z,2026-09-20T08:00:30.119Z,310711,310336,0,255,,
dbtext-glm-decode-first,162,0,GLM-5.3-Flash,max,completed,2026-09-20T08:00:31.008Z,2026-09-20T08:00:57.362Z,311046,310656,0,1214,,
dbtext-glm-decode-first,163,0,GLM-5.3-Flash,max,completed,2026-09-20T08:01:03.234Z,2026-09-20T08:01:12.100Z,312535,311040,0,132,,
dbtext-glm-decode-first,164,0,GLM-5.3-Flash,max,completed,2026-09-20T08:01:23.379Z,2026-09-20T08:03:30.754Z,313690,312512,0,4763,,
dbtext-glm-decode-first,165,0,GLM-5.3-Flash,max,completed,2026-09-20T08:03:35.036Z,2026-09-20T08:04:40.460Z,318496,313664,0,2954,,
dbtext-glm-decode-first,166,0,GLM-5.3-Flash,max,completed,2026-09-20T08:04:42.022Z,2026-09-20T08:04:48.581Z,321565,318464,0,121,,
dbtext-glm-decode-first,167,0,GLM-5.3-Flash,max,completed,2026-09-20T08:04:50.276Z,2026-09-20T08:05:13.563Z,321968,321536,0,610,,
dbtext-glm-decode-first,168,0,GLM-5.3-Flash,max,completed,2026-09-20T08:05:16.096Z,2026-09-20T08:05:31.168Z,322690,321920,0,371,,
dbtext-glm-decode-first,169,0,GLM-5.3-Flash,max,completed,2026-09-20T08:05:32.747Z,2026-09-20T08:05:37.562Z,323072,322688,0,90,,
dbtext-glm-decode-first,170,0,GLM-5.3-Flash,max,completed,2026-09-20T08:05:39.274Z,2026-09-20T08:05:45.444Z,323280,323072,0,108,,
dbtext-glm-decode-first,171,0,GLM-5.3-Flash,max,completed,2026-09-20T08:05:46.906Z,2026-09-20T08:06:31.418Z,323515,323264,0,1245,,
dbtext-glm-decode-first,172,0,GLM-5.3-Flash,max,completed,2026-09-20T08:06:33.941Z,2026-09-20T08:07:18.697Z,324800,323456,0,1846,,
dbtext-glm-decode-first,173,0,GLM-5.3-Flash,max,completed,2026-09-20T08:07:22.557Z,2026-09-20T08:08:09.485Z,326706,324800,0,1856,,
dbtext-glm-decode-first,174,0,GLM-5.3-Flash,max,completed,2026-09-20T08:08:13.329Z,2026-09-20T08:08:22.385Z,328660,326656,0,145,,
dbtext-glm-decode-first,175,0,GLM-5.3-Flash,max,completed,2026-09-20T08:08:22.596Z,2026-09-20T08:08:30.198Z,329020,328640,0,101,,
dbtext-glm-decode-first,176,0,GLM-5.3-Flash,max,completed,2026-09-20T08:08:30.280Z,2026-09-20T08:08:53.722Z,329312,328960,0,666,,
dbtext-glm-decode-first,177,0,GLM-5.3-Flash,max,completed,2026-09-20T08:08:53.847Z,2026-09-20T08:09:16.647Z,330595,329280,0,821,,
dbtext-glm-decode-first,178,0,GLM-5.3-Flash,max,completed,2026-09-20T08:09:20.473Z,2026-09-20T08:09:37.550Z,331486,330560,0,424,,
dbtext-glm-decode-first,179,0,GLM-5.3-Flash,max,completed,2026-09-20T08:09:37.910Z,2026-09-20T08:09:44.665Z,331989,331456,0,119,,
dbtext-glm-decode-first,180,0,GLM-5.3-Flash,max,completed,2026-09-20T08:09:46.371Z,2026-09-20T08:10:03.148Z,332211,331968,0,394,,
dbtext-glm-decode-first,181,0,GLM-5.3-Flash,max,completed,2026-09-20T08:10:04.662Z,2026-09-20T08:10:34.303Z,332849,332160,0,905,,
dbtext-glm-decode-first,182,0,GLM-5.3-Flash,max,completed,2026-09-20T08:10:35.837Z,2026-09-20T08:11:31.415Z,333951,332800,0,1757,,
dbtext-glm-decode-first,183,0,GLM-5.3-Flash,max,completed,2026-09-20T08:11:41.088Z,2026-09-20T08:12:15.247Z,335799,333888,0,891,,
dbtext-glm-decode-first,184,0,GLM-5.3-Flash,max,completed,2026-09-20T08:12:15.367Z,2026-09-20T08:12:48.210Z,337192,335744,0,1235,,
dbtext-glm-decode-first,185,0,GLM-5.3-Flash,max,completed,2026-09-20T08:12:52.740Z,2026-09-20T08:13:06.776Z,338530,337152,0,424,,
dbtext-glm-decode-first,186,0,GLM-5.3-Flash,max,completed,2026-09-20T08:13:09.985Z,2026-09-20T08:13:22.822Z,338959,338496,0,318,,
dbtext-glm-decode-first,187,0,GLM-5.3-Flash,max,completed,2026-09-20T08:13:22.926Z,2026-09-20T08:13:30.638Z,339899,338944,0,80,,
dbtext-glm-decode-first,188,0,GLM-5.3-Flash,max,completed,2026-09-20T08:13:32.329Z,2026-09-20T08:14:09.936Z,340012,339840,0,1407,,
dbtext-glm-decode-first,189,0,GLM-5.3-Flash,max,completed,2026-09-20T08:14:13.248Z,2026-09-20T08:15:17.103Z,341572,339968,0,1750,,
dbtext-glm-decode-first,190,0,GLM-5.3-Flash,max,completed,2026-09-20T08:15:32.339Z,2026-09-20T08:16:24.800Z,344342,341568,0,2032,,
dbtext-glm-decode-first,191,0,GLM-5.3-Flash,max,completed,2026-09-20T08:16:35.246Z,2026-09-20T08:17:21.633Z,346575,344320,0,1833,,
dbtext-glm-decode-first,192,0,GLM-5.3-Flash,max,completed,2026-09-20T08:17:31.372Z,2026-09-20T08:17:56.758Z,348609,346560,0,746,,
dbtext-glm-decode-first,193,0,GLM-5.3-Flash,max,completed,2026-09-20T08:18:02.412Z,2026-09-20T08:18:26.754Z,350300,348608,0,945,,
dbtext-glm-decode-first,194,0,GLM-5.3-Flash,max,completed,2026-09-20T08:18:37.178Z,2026-09-20T08:18:53.172Z,352268,350272,0,263,,
dbtext-glm-decode-first,195,0,GLM-5.3-Flash,max,completed,2026-09-20T08:18:53.449Z,2026-09-20T08:19:27.371Z,352650,352256,0,930,,
dbtext-glm-decode-first,196,0,GLM-5.3-Flash,max,completed,2026-09-20T08:19:30.237Z,2026-09-20T08:19:48.061Z,353721,352640,0,652,,
dbtext-glm-decode-first,197,0,GLM-5.3-Flash,max,completed,2026-09-20T08:19:50.927Z,2026-09-20T08:20:09.360Z,354648,353664,0,618,,
dbtext-glm-decode-first,198,0,GLM-5.3-Flash,max,completed,2026-09-20T08:20:21.296Z,2026-09-20T08:21:11.211Z,356288,354624,0,1975,,
dbtext-glm-decode-first,199,0,GLM-5.3-Flash,max,completed,2026-09-20T08:21:24.114Z,2026-09-20T08:21:40.914Z,358421,356288,0,646,,
dbtext-glm-decode-first,200,0,GLM-5.3-Flash,max,completed,2026-09-20T08:21:51.756Z,2026-09-20T08:22:32.681Z,360104,358400,0,1548,,
dbtext-glm-decode-first,201,0,GLM-5.3-Flash,max,completed,2026-09-20T08:22:32.838Z,2026-09-20T08:22:39.886Z,361711,360064,0,114,,
dbtext-glm-decode-first,202,0,GLM-5.3-Flash,max,completed,2026-09-20T08:22:41.335Z,2026-09-20T08:24:49.939Z,361926,361664,0,5255,,
dbtext-glm-decode-first,203,0,GLM-5.3-Flash,max,completed,2026-09-20T08:24:58.165Z,2026-09-20T08:25:30.282Z,367224,361920,0,970,,
dbtext-glm-decode-first,204,0,GLM-5.3-Flash,max,completed,2026-09-20T08:25:33.542Z,2026-09-20T08:25:54.758Z,368349,367168,0,1100,,
dbtext-glm-decode-first,205,0,GLM-5.3-Flash,max,completed,2026-09-20T08:27:15.042Z,2026-09-20T08:28:18.424Z,370475,368320,0,1987,,
dbtext-glm-decode-first,206,0,GLM-5.3-Flash,max,completed,2026-09-20T08:28:21.474Z,2026-09-20T08:28:57.958Z,372481,370432,0,1230,,
dbtext-glm-decode-first,207,0,GLM-5.3-Flash,max,completed,2026-09-20T08:29:10.559Z,2026-09-20T08:29:36.251Z,374937,372480,0,710,,
dbtext-glm-decode-first,208,0,GLM-5.3-Flash,max,completed,2026-09-20T08:29:46.295Z,2026-09-20T08:30:08.669Z,375807,374912,0,744,,
dbtext-glm-decode-first,209,0,GLM-5.3-Flash,max,completed,2026-09-20T08:30:20.634Z,2026-09-20T08:31:00.018Z,376709,375744,0,1733,,
dbtext-glm-decode-first,210,0,GLM-5.3-Flash,max,completed,2026-09-20T08:31:18.258Z,2026-09-20T08:32:41.652Z,378856,376704,0,2916,,
dbtext-glm-decode-first,211,0,GLM-5.3-Flash,max,completed,2026-09-20T08:32:41.877Z,2026-09-20T08:32:54.090Z,381833,378816,0,496,,
dbtext-glm-decode-first,212,0,GLM-5.3-Flash,max,completed,2026-09-20T08:32:54.209Z,2026-09-20T08:33:05.568Z,382425,381824,0,231,,
dbtext-glm-decode-first,213,0,GLM-5.3-Flash,max,completed,2026-09-20T08:33:16.656Z,2026-09-20T08:33:29.733Z,383044,382400,0,40,,
dbtext-glm-decode-first,214,0,GLM-5.3-Flash,max,completed,2026-09-20T08:33:29.809Z,2026-09-20T08:33:37.908Z,383147,383040,0,38,,
dbtext-glm-decode-first,215,0,GLM-5.3-Flash,max,completed,2026-09-20T08:33:37.971Z,2026-09-20T08:33:42.012Z,383248,383104,0,23,,
dbtext-glm-decode-first,216,0,GLM-5.3-Flash,max,completed,2026-09-20T08:34:42.100Z,2026-09-20T08:34:57.790Z,383282,383232,0,38,,
dbtext-glm-decode-first,217,0,GLM-5.3-Flash,max,completed,2026-09-20T08:34:57.862Z,2026-09-20T08:35:07.616Z,384093,383232,0,188,,
dbtext-glm-decode-first,218,0,GLM-5.3-Flash,max,completed,2026-09-20T08:35:07.680Z,2026-09-20T08:38:25.263Z,384607,384064,0,7558,,
dbtext-glm-decode-first,219,0,GLM-5.3-Flash,max,completed,2026-09-20T08:38:31.014Z,2026-09-20T08:39:19.735Z,392288,384576,0,2187,,
dbtext-glm-decode-first,220,0,GLM-5.3-Flash,max,completed,2026-09-20T08:39:24.818Z,2026-09-20T08:39:45.149Z,394599,392256,0,653,,
dbtext-glm-decode-first,221,0,GLM-5.3-Flash,max,completed,2026-09-20T08:39:48.049Z,2026-09-20T08:41:03.974Z,395328,394560,0,2589,,
dbtext-glm-decode-first,222,0,GLM-5.3-Flash,max,completed,2026-09-20T08:41:06.994Z,2026-09-20T08:41:19.788Z,397951,395328,0,349,,
dbtext-glm-decode-first,223,0,GLM-5.3-Flash,max,completed,2026-09-20T08:41:19.969Z,2026-09-20T08:41:41.875Z,398413,397888,0,688,,
dbtext-glm-decode-first,224,0,GLM-5.3-Flash,max,completed,2026-09-20T08:41:41.981Z,2026-09-20T08:42:49.660Z,399629,398400,0,2490,,
dbtext-glm-decode-first,225,0,GLM-5.3-Flash,max,completed,2026-09-20T08:42:49.857Z,2026-09-20T08:42:58.196Z,402179,399616,0,150,,
dbtext-glm-decode-first,226,0,GLM-5.3-Flash,max,completed,2026-09-20T08:42:59.771Z,2026-09-20T08:43:46.178Z,402372,402176,0,1438,,
dbtext-glm-decode-first,227,0,GLM-5.3-Flash,max,completed,2026-09-20T08:43:47.649Z,2026-09-20T08:44:04.195Z,403844,402368,0,464,,
dbtext-glm-decode-first,228,0,GLM-5.3-Flash,max,completed,2026-09-20T08:44:05.689Z,2026-09-20T08:44:37.381Z,404562,403840,0,1180,,
dbtext-glm-decode-first,229,0,GLM-5.3-Flash,max,completed,2026-09-20T08:44:38.856Z,2026-09-20T08:45:05.862Z,405814,404544,0,923,,
dbtext-glm-decode-first,230,0,GLM-5.3-Flash,max,completed,2026-09-20T08:45:14.049Z,2026-09-20T08:46:06.634Z,406995,405760,0,2250,,
dbtext-glm-decode-first,231,0,GLM-5.3-Flash,max,completed,2026-09-20T08:46:08.861Z,2026-09-20T08:46:15.474Z,409328,406976,0,36,,
dbtext-glm-decode-first,232,0,GLM-5.3-Flash,max,completed,2026-09-20T08:46:21.555Z,2026-09-20T08:46:41.320Z,410382,409280,0,581,,
dbtext-glm-decode-first,233,0,GLM-5.3-Flash,max,completed,2026-09-20T08:46:54.370Z,2026-09-20T08:47:14.470Z,411982,410368,0,774,,
dbtext-glm-decode-first,234,0,GLM-5.3-Flash,max,completed,2026-09-20T08:47:16.112Z,2026-09-20T08:48:10.173Z,412870,411968,0,2141,,
dbtext-glm-decode-first,235,0,GLM-5.3-Flash,max,completed,2026-09-20T08:48:24.597Z,2026-09-20T08:48:33.724Z,415216,412864,0,138,,
dbtext-glm-decode-first,236,0,GLM-5.3-Flash,max,completed,2026-09-20T08:48:33.882Z,2026-09-20T08:48:39.247Z,415360,415168,0,30,,
dbtext-glm-decode-first,237,0,GLM-5.3-Flash,max,completed,2026-09-20T08:48:39.327Z,2026-09-20T08:48:46.615Z,415456,415360,0,23,,
dbtext-glm-decode-first,238,0,GLM-5.3-Flash,max,completed,2026-09-20T08:50:16.703Z,2026-09-20T08:50:23.725Z,415677,415424,0,42,,
dbtext-glm-decode-first,239,0,GLM-5.3-Flash,max,completed,2026-09-20T08:50:23.794Z,2026-09-20T08:51:17.154Z,416284,415616,0,1989,,
dbtext-glm-decode-first,240,0,GLM-5.3-Flash,max,completed,2026-09-20T08:51:33.718Z,2026-09-20T08:52:36.621Z,418507,416256,0,1796,,
dbtext-glm-decode-first,241,0,GLM-5.3-Flash,max,completed,2026-09-20T08:52:48.594Z,2026-09-20T08:53:01.642Z,420422,418496,0,339,,
dbtext-glm-decode-first,242,0,GLM-5.3-Flash,max,completed,2026-09-20T08:53:04.690Z,2026-09-20T08:53:49.733Z,420801,420416,0,1702,,
dbtext-glm-decode-first,243,0,GLM-5.3-Flash,max,completed,2026-09-20T08:53:51.489Z,2026-09-20T08:54:00.584Z,422549,420800,0,285,,
dbtext-glm-decode-first,244,0,GLM-5.3-Flash,max,completed,2026-09-20T08:54:02.185Z,2026-09-20T08:54:20.757Z,422856,422528,0,713,,
dbtext-glm-decode-first,245,0,GLM-5.3-Flash,max,completed,2026-09-20T08:54:22.392Z,2026-09-20T08:54:47.689Z,423610,422848,0,863,,
dbtext-glm-decode-first,246,0,GLM-5.3-Flash,max,completed,2026-09-20T08:54:49.311Z,2026-09-20T08:55:04.286Z,424525,423552,0,452,,
dbtext-glm-decode-first,247,0,GLM-5.3-Flash,max,completed,2026-09-20T08:57:04.384Z,2026-09-20T08:57:12.472Z,425125,424512,0,52,,
dbtext-glm-decode-first,248,0,GLM-5.3-Flash,max,completed,2026-09-20T09:00:12.516Z,2026-09-20T09:00:18.272Z,425434,425088,0,52,,
dbtext-glm-decode-first,249,0,GLM-5.3-Flash,max,completed,2026-09-20T09:04:18.374Z,2026-09-20T09:04:35.688Z,425556,425408,0,104,,
dbtext-glm-decode-first,250,0,GLM-5.3-Flash,max,completed,2026-09-20T09:04:35.789Z,2026-09-20T09:04:45.497Z,425671,425536,0,187,,
dbtext-glm-decode-first,251,0,GLM-5.3-Flash,max,completed,2026-09-20T09:04:45.621Z,2026-09-20T09:05:06.190Z,425998,425664,0,271,,
dbtext-glm-decode-first,252,0,GLM-5.3-Flash,max,completed,2026-09-20T09:05:06.293Z,2026-09-20T09:05:32.220Z,426779,425984,0,547,,
dbtext-glm-decode-first,253,0,GLM-5.3-Flash,max,completed,2026-09-20T09:05:32.452Z,2026-09-20T09:05:46.117Z,427337,426752,0,43,,
dbtext-glm-decode-first,254,0,GLM-5.3-Flash,max,completed,2026-09-20T09:05:46.525Z,2026-09-20T09:05:51.855Z,427456,427328,0,39,,
dbtext-glm-decode-first,255,0,GLM-5.3-Flash,max,completed,2026-09-20T09:05:51.952Z,2026-09-20T09:06:27.088Z,427982,427456,0,1617,,
dbtext-glm-decode-first,256,0,GLM-5.3-Flash,max,completed,2026-09-20T09:06:39.654Z,2026-09-20T09:07:52.496Z,430899,427968,0,3053,,
dbtext-glm-decode-first,257,0,GLM-5.3-Flash,max,completed,2026-09-20T09:07:53.331Z,2026-09-20T09:08:09.896Z,434077,430848,0,290,,
dbtext-glm-decode-first,258,0,GLM-5.3-Flash,max,completed,2026-09-20T09:08:19.947Z,2026-09-20T09:08:31.403Z,434808,434048,0,388,,
dbtext-glm-decode-first,259,0,GLM-5.3-Flash,max,completed,2026-09-20T09:08:48.318Z,2026-09-20T09:09:05.212Z,435432,434752,0,433,,
dbtext-glm-decode-first,260,0,GLM-5.3-Flash,max,completed,2026-09-20T09:09:05.316Z,2026-09-20T09:09:13.582Z,435926,435392,0,23,,
dbtext-glm-decode-first,261,0,GLM-5.3-Flash,max,completed,2026-09-20T09:11:13.662Z,2026-09-20T09:11:20.797Z,435972,435904,0,21,,
dbtext-glm-decode-first,262,0,GLM-5.3-Flash,max,completed,2026-09-20T09:13:10.876Z,2026-09-20T09:13:18.532Z,436004,435968,0,37,,
dbtext-glm-decode-first,263,0,GLM-5.3-Flash,max,completed,2026-09-20T09:13:18.616Z,2026-09-20T09:13:28.181Z,436195,435968,0,210,,
dbtext-glm-decode-first,264,0,GLM-5.3-Flash,max,completed,2026-09-20T09:13:28.269Z,2026-09-20T09:14:12.706Z,436665,436160,0,1922,,
dbtext-glm-decode-first,265,0,GLM-5.3-Flash,max,completed,2026-09-20T09:14:19.236Z,2026-09-20T09:14:27.770Z,438632,436608,0,77,,
dbtext-glm-decode-first,266,0,GLM-5.3-Flash,max,completed,2026-09-20T09:14:27.842Z,2026-09-20T09:14:33.509Z,438730,438592,0,88,,
dbtext-glm-decode-first,267,0,GLM-5.3-Flash,max,completed,2026-09-20T09:14:43.531Z,2026-09-20T09:14:52.597Z,439050,438720,0,83,,
dbtext-glm-decode-first,268,0,GLM-5.3-Flash,max,completed,2026-09-20T09:14:52.693Z,2026-09-20T09:15:20.588Z,439386,439040,0,22,,
dbtext-glm-decode-first,269,0,GLM-5.3-Flash,max,completed,2026-09-20T09:17:15.659Z,2026-09-20T09:17:22.713Z,439419,439360,0,42,,
dbtext-glm-decode-first,270,0,GLM-5.3-Flash,max,completed,2026-09-20T09:17:22.803Z,2026-09-20T09:17:27.975Z,439527,439360,0,21,,
dbtext-glm-decode-first,271,0,GLM-5.3-Flash,max,completed,2026-09-20T09:19:23.043Z,2026-09-20T09:19:31.472Z,439559,439488,0,42,,
dbtext-glm-decode-first,272,0,GLM-5.3-Flash,max,completed,2026-09-20T09:19:31.533Z,2026-09-20T09:19:56.783Z,440188,439552,0,289,,
dbtext-glm-decode-first,273,0,GLM-5.3-Flash,max,completed,2026-09-20T09:19:56.871Z,2026-09-20T09:20:03.624Z,440542,440128,0,23,,
dbtext-glm-decode-first,274,0,GLM-5.3-Flash,max,completed,2026-09-20T09:21:58.713Z,2026-09-20T09:22:05.280Z,440576,440512,0,41,,
dbtext-glm-decode-first,275,0,GLM-5.3-Flash,max,completed,2026-09-20T09:22:05.340Z,2026-09-20T09:22:16.861Z,440775,440576,0,301,,
dbtext-glm-decode-first,276,0,GLM-5.3-Flash,max,completed,2026-09-20T09:22:20.989Z,2026-09-20T09:22:29.446Z,441085,440768,0,32,,
dbtext-glm-decode-first,277,0,GLM-5.3-Flash,max,completed,2026-09-20T09:22:29.522Z,2026-09-20T09:22:34.651Z,441180,441024,0,23,,
dbtext-glm-decode-first,278,0,GLM-5.3-Flash,max,completed,2026-09-20T09:24:29.737Z,2026-09-20T09:24:43.588Z,441401,441152,0,166,,
dbtext-glm-decode-first,279,0,GLM-5.3-Flash,max,completed,2026-09-20T09:24:43.650Z,2026-09-20T09:24:50.575Z,441848,441344,0,39,,
dbtext-glm-decode-first,280,0,GLM-5.3-Flash,max,completed,2026-09-20T09:24:50.638Z,2026-09-20T09:25:03.663Z,441950,441792,0,24,,
dbtext-glm-decode-first,281,0,GLM-5.3-Flash,max,completed,2026-09-20T09:26:58.730Z,2026-09-20T09:27:08.793Z,441985,441920,0,39,,
dbtext-glm-decode-first,282,0,GLM-5.3-Flash,max,completed,2026-09-20T09:27:09.222Z,2026-09-20T09:27:15.349Z,442087,441984,0,28,,
dbtext-glm-decode-first,283,0,GLM-5.3-Flash,max,completed,2026-09-20T09:29:10.422Z,2026-09-20T09:29:17.414Z,442126,442048,0,39,,
dbtext-glm-decode-first,284,0,GLM-5.3-Flash,max,completed,2026-09-20T09:29:17.485Z,2026-09-20T09:29:22.319Z,442228,442112,0,24,,
dbtext-glm-decode-first,285,0,GLM-5.3-Flash,max,completed,2026-09-20T09:31:17.392Z,2026-09-20T09:31:25.413Z,442263,442176,0,39,,
dbtext-glm-decode-first,286,0,GLM-5.3-Flash,max,completed,2026-09-20T09:31:25.509Z,2026-09-20T09:32:46.832Z,443870,442240,0,3234,,
dbtext-glm-decode-first,287,0,GLM-5.3-Flash,max,completed,2026-09-20T09:32:56.073Z,2026-09-20T09:33:30.367Z,448123,443840,0,784,,
dbtext-glm-decode-first,288,0,GLM-5.3-Flash,max,completed,2026-09-20T09:33:30.480Z,2026-09-20T09:33:37.707Z,448968,448064,0,24,,
dbtext-glm-decode-first,289,0,GLM-5.3-Flash,max,completed,2026-09-20T09:35:32.788Z,2026-09-20T09:35:41.618Z,449180,448960,0,37,,
dbtext-glm-decode-first,290,0,GLM-5.3-Flash,max,completed,2026-09-20T09:35:41.677Z,2026-09-20T09:35:49.617Z,449278,449152,0,23,,
dbtext-glm-decode-first,291,0,GLM-5.3-Flash,max,completed,2026-09-20T09:37:44.996Z,2026-09-20T09:37:52.896Z,449312,449216,0,37,,
dbtext-glm-decode-first,292,0,GLM-5.3-Flash,max,completed,2026-09-20T09:37:52.963Z,2026-09-20T09:37:58.861Z,449410,449280,0,21,,
dbtext-glm-decode-first,293,0,GLM-5.3-Flash,max,completed,2026-09-20T09:39:53.956Z,2026-09-20T09:40:05.203Z,449442,449408,0,37,,
dbtext-glm-decode-first,294,0,GLM-5.3-Flash,max,error,2026-09-20T09:40:05.269Z,2026-09-20T09:40:06.231Z,0,0,0,0,,
dbtext-glm-decode-first,295,0,GLM-5.3-Flash,max,completed,2026-09-20T12:13:35.896Z,2026-09-20T12:14:24.843Z,449695,1152,0,331,,
dbtext-glm-decode-first,296,0,GLM-5.3-Flash,max,completed,2026-09-20T12:14:24.948Z,2026-09-20T12:14:43.368Z,451600,449664,0,556,,
dbtext-glm-decode-first,297,0,GLM-5.3-Flash,max,completed,2026-09-20T12:14:43.474Z,2026-09-20T12:14:57.921Z,460123,451584,0,459,,
dbtext-glm-decode-first,298,0,GLM-5.3-Flash,max,completed,2026-09-20T12:14:58.021Z,2026-09-20T12:16:21.613Z,473804,460096,0,3526,,
dbtext-glm-decode-first,299,0,GLM-5.3-Flash,max,completed,2026-09-20T12:16:21.863Z,2026-09-20T12:16:38.243Z,477433,473792,0,546,,
dbtext-glm-decode-first,300,0,GLM-5.3-Flash,max,completed,2026-09-20T12:16:38.373Z,2026-09-20T12:16:45.815Z,478320,477376,0,171,,
dbtext-glm-decode-first,301,0,GLM-5.3-Flash,max,completed,2026-09-20T12:16:45.898Z,2026-09-20T12:16:57.093Z,478767,478272,0,64,,
dbtext-glm-decode-first,302,0,GLM-5.3-Flash,max,completed,2026-09-20T12:16:57.411Z,2026-09-20T12:17:13.264Z,479025,478720,0,63,,
dbtext-glm-decode-first,303,0,GLM-5.3-Flash,max,completed,2026-09-20T12:17:14.023Z,2026-09-20T12:18:46.637Z,479282,478976,0,4765,,
dbtext-glm-decode-first,304,0,GLM-5.3-Flash,max,completed,2026-09-20T12:18:46.962Z,2026-09-20T12:19:14.943Z,484105,479232,0,1218,,
dbtext-glm-decode-first,305,0,GLM-5.3-Flash,max,completed,2026-09-20T12:19:15.086Z,2026-09-20T12:19:32.117Z,485384,484096,0,703,,
dbtext-glm-decode-first,306,0,GLM-5.3-Flash,max,completed,2026-09-20T12:19:42.104Z,2026-09-20T12:19:58.944Z,486245,485376,0,608,,
dbtext-glm-decode-first,307,0,GLM-5.3-Flash,max,completed,2026-09-20T12:19:59.056Z,2026-09-20T12:20:10.205Z,486929,486208,0,261,,
dbtext-glm-decode-first,308,0,GLM-5.3-Flash,max,completed,2026-09-20T12:20:10.302Z,2026-09-20T12:20:16.889Z,487333,486912,0,92,,
dbtext-glm-decode-first,309,0,GLM-5.3-Flash,max,completed,2026-09-20T12:20:16.985Z,2026-09-20T12:20:23.929Z,487436,487296,0,76,,
dbtext-glm-decode-first,310,0,GLM-5.3-Flash,max,completed,2026-09-20T12:20:32.808Z,2026-09-20T12:21:07.150Z,487567,487424,0,1000,,
python-astra-standard,1,0,gpt-6-astra,ultra,settled,2026-09-20T23:19:24.973Z,2026-09-20T23:19:31.376Z,11242,0,11239,111,0,146067500
python-astra-standard,2,0,gpt-6-astra,ultra,settled,2026-09-20T23:19:32.939Z,2026-09-20T23:19:35.271Z,11382,11239,140,40,0,15019000
python-astra-standard,3,0,gpt-6-astra,ultra,settled,2026-09-20T23:19:37.584Z,2026-09-20T23:19:42.851Z,11451,11379,69,107,29,17621500
python-astra-standard,4,0,gpt-6-astra,ultra,settled,2026-09-20T23:19:43.359Z,2026-09-20T23:19:46.689Z,11580,11448,129,14,0,13790500
python-astra-standard,5,1,gpt-6-astra,ultra,settled,2026-09-20T23:19:43.381Z,2026-09-20T23:19:46.575Z,11101,0,10358,30,0,138405000
python-astra-standard,6,1,gpt-6-astra,ultra,settled,2026-09-20T23:19:48.945Z,2026-09-20T23:19:53.596Z,11160,10358,799,116,49,26175500
python-astra-standard,7,0,gpt-6-astra,ultra,settled,2026-09-20T23:19:48.970Z,2026-09-20T23:19:57.947Z,11623,11577,43,155,98,19894500
python-astra-standard,8,1,gpt-6-astra,ultra,settled,2026-09-20T23:19:54.083Z,2026-09-20T23:19:57.237Z,11288,11157,0,108,57,17867000
python-astra-standard,9,1,gpt-6-astra,ultra,settled,2026-09-20T23:19:57.830Z,2026-09-20T23:20:01.149Z,11484,11157,324,86,0,19537000
python-astra-standard,10,0,gpt-6-astra,ultra,settled,2026-09-20T23:19:58.409Z,2026-09-20T23:20:03.569Z,11800,11620,0,151,89,20970000
python-astra-standard,11,1,gpt-6-astra,ultra,settled,2026-09-20T23:20:01.606Z,2026-09-20T23:20:06.736Z,11582,11481,0,87,0,16841000
python-astra-standard,12,0,gpt-6-astra,ultra,settled,2026-09-20T23:20:04.020Z,2026-09-20T23:20:07.009Z,11988,11620,0,62,0,18400000
python-astra-standard,13,1,gpt-6-astra,ultra,settled,2026-09-20T23:20:08.423Z,2026-09-20T23:20:12.855Z,11698,11481,214,52,0,16786000
python-astra-standard,14,0,gpt-6-astra,ultra,settled,2026-09-20T23:20:08.484Z,2026-09-20T23:20:14.896Z,12079,11620,456,49,0,19800000
python-astra-standard,15,1,gpt-6-astra,ultra,settled,2026-09-20T23:20:13.386Z,2026-09-20T23:20:16.364Z,12451,11695,753,69,28,24587500
python-astra-standard,16,0,gpt-6-astra,ultra,settled,2026-09-20T23:20:15.434Z,2026-09-20T23:20:18.273Z,12213,12076,134,77,0,17631000
python-astra-standard,17,1,gpt-6-astra,ultra,settled,2026-09-20T23:20:16.845Z,2026-09-20T23:20:21.307Z,12544,12448,93,38,0,15540500
python-astra-standard,18,0,gpt-6-astra,ultra,settled,2026-09-20T23:20:18.776Z,2026-09-20T23:20:22.131Z,13003,12210,790,75,0,25865000
python-astra-standard,19,1,gpt-6-astra,ultra,settled,2026-09-20T23:20:21.736Z,2026-09-20T23:20:27.417Z,15609,12541,3065,79,0,54833500
python-astra-standard,20,0,gpt-6-astra,ultra,settled,2026-09-20T23:20:22.744Z,2026-09-20T23:20:27.410Z,13090,13000,0,68,0,17300000
python-astra-standard,21,0,gpt-6-astra,ultra,settled,2026-09-20T23:20:27.928Z,2026-09-20T23:20:29.841Z,13672,13000,669,39,0,23342500
python-astra-standard,22,1,gpt-6-astra,ultra,settled,2026-09-20T23:20:27.973Z,2026-09-20T23:20:32.750Z,19273,15606,3577,175,0,69968500
python-astra-standard,23,0,gpt-6-astra,ultra,settled,2026-09-20T23:20:30.334Z,2026-09-20T23:20:33.223Z,13735,13669,63,38,0,16386500
python-astra-standard,24,1,gpt-6-astra,ultra,settled,2026-09-20T23:20:33.269Z,2026-09-20T23:20:38.917Z,19460,19183,0,252,0,34553000
python-astra-standard,25,0,gpt-6-astra,ultra,settled,2026-09-20T23:20:33.691Z,2026-09-20T23:20:36.647Z,16987,13732,3065,79,0,57894500
python-astra-standard,26,0,gpt-6-astra,ultra,settled,2026-09-20T23:20:37.277Z,2026-09-20T23:20:39.772Z,20564,16797,3764,64,0,67077000
python-astra-standard,27,1,gpt-6-astra,ultra,settled,2026-09-20T23:20:39.448Z,2026-09-20T23:20:48.025Z,19724,19183,0,308,58,39993000
python-astra-standard,28,0,gpt-6-astra,ultra,settled,2026-09-20T23:20:40.296Z,2026-09-20T23:20:47.421Z,27359,20561,6531,179,54,113818500
python-astra-standard,29,0,gpt-6-astra,ultra,settled,2026-09-20T23:20:47.916Z,2026-09-20T23:20:58.300Z,27551,27092,0,243,0,43832000
python-astra-standard,30,1,gpt-6-astra,ultra,settled,2026-09-20T23:20:48.527Z,2026-09-20T23:20:55.593Z,19919,19183,0,167,0,34893000
python-astra-standard,31,1,gpt-6-astra,ultra,settled,2026-09-20T23:20:57.085Z,2026-09-20T23:21:16.057Z,22779,19183,3593,854,237,106825500
python-astra-standard,32,2,gpt-6-astra,ultra,settled,2026-09-20T23:20:58.805Z,2026-09-20T23:21:01.102Z,11268,10358,0,49,0,21908000
python-astra-standard,33,0,gpt-6-astra,ultra,settled,2026-09-20T23:20:58.918Z,2026-09-20T23:21:05.297Z,27817,27092,722,272,0,49747000
python-astra-standard,34,2,gpt-6-astra,ultra,settled,2026-09-20T23:21:01.649Z,2026-09-20T23:21:08.495Z,12320,10358,1959,176,0,43675500
python-astra-standard,35,3,gpt-6-astra,ultra,settled,2026-09-20T23:21:05.772Z,2026-09-20T23:21:07.969Z,11298,10358,0,30,0,21258000
python-astra-standard,36,0,gpt-6-astra,ultra,settled,2026-09-20T23:21:05.854Z,2026-09-20T23:21:15.581Z,28112,27814,295,353,0,49181500
python-astra-standard,37,3,gpt-6-astra,ultra,settled,2026-09-20T23:21:08.659Z,2026-09-20T23:21:14.591Z,12029,10358,1668,182,27,40338000
python-astra-standard,38,2,gpt-6-astra,ultra,settled,2026-09-20T23:21:09.055Z,2026-09-20T23:21:45.575Z,19137,12317,6817,1577,307,176409500
python-astra-standard,39,3,gpt-6-astra,ultra,settled,2026-09-20T23:21:15.153Z,2026-09-20T23:21:20.975Z,12669,12026,640,137,15,26906000
python-astra-standard,40,1,gpt-6-astra,ultra,settled,2026-09-20T23:21:17.696Z,2026-09-20T23:21:20.360Z,23692,22776,913,74,10,37918500
python-astra-standard,41,0,gpt-6-astra,ultra,settled,2026-09-20T23:21:19.227Z,2026-09-20T23:22:27.922Z,30893,28109,2781,3224,516,224101500
python-astra-standard,42,3,gpt-6-astra,ultra,settled,2026-09-20T23:21:21.519Z,2026-09-20T23:21:45.088Z,18291,12666,5622,579,516,111921000
python-astra-standard,43,1,gpt-6-astra,ultra,settled,2026-09-20T23:21:25.867Z,2026-09-20T23:21:30.215Z,23825,23689,133,118,31,31281500
python-astra-standard,44,1,gpt-6-astra,ultra,settled,2026-09-20T23:21:30.759Z,2026-09-20T23:21:33.237Z,23955,23822,0,62,0,28252000
python-astra-standard,45,1,gpt-6-astra,ultra,settled,2026-09-20T23:21:33.837Z,2026-09-20T23:21:42.175Z,28983,23822,5158,317,112,104177000
python-astra-standard,46,1,gpt-6-astra,ultra,settled,2026-09-20T23:21:42.721Z,2026-09-20T23:21:46.582Z,29312,28980,0,121,58,38350000
python-astra-standard,47,3,gpt-6-astra,ultra,settled,2026-09-20T23:21:45.616Z,2026-09-20T23:22:35.558Z,20277,18288,1986,2607,435,173493000
python-astra-standard,48,1,gpt-6-astra,ultra,settled,2026-09-20T23:21:47.110Z,2026-09-20T23:21:52.407Z,29445,28980,0,173,0,42280000
python-astra-standard,49,2,gpt-6-astra,ultra,settled,2026-09-20T23:21:47.206Z,2026-09-20T23:21:54.346Z,20737,19134,1600,162,38,47264000
python-astra-standard,50,1,gpt-6-astra,ultra,settled,2026-09-20T23:21:53.040Z,2026-09-20T23:22:22.291Z,29961,28980,978,1204,479,101435000
python-astra-standard,51,2,gpt-6-astra,ultra,settled,2026-09-20T23:21:54.772Z,2026-09-20T23:22:00.531Z,20911,20734,0,85,27,26754000
python-astra-standard,52,2,gpt-6-astra,ultra,settled,2026-09-20T23:22:01.120Z,2026-09-20T23:22:14.277Z,25044,20734,4307,570,199,103101500
python-astra-standard,53,2,gpt-6-astra,ultra,settled,2026-09-20T23:22:16.296Z,2026-09-20T23:22:21.536Z,25671,25041,627,89,0,37358500
python-astra-standard,54,2,gpt-6-astra,ultra,settled,2026-09-20T23:22:22.003Z,2026-09-20T23:22:27.909Z,25772,25668,0,111,53,32258000
python-astra-standard,55,1,gpt-6-astra,ultra,settled,2026-09-20T23:22:24.011Z,2026-09-20T23:22:30.992Z,31315,29958,1354,110,46,52413000
python-astra-standard,56,0,gpt-6-astra,ultra,settled,2026-09-20T23:22:28.463Z,2026-09-20T23:22:38.813Z,32035,30890,0,387,0,61690000
python-astra-standard,57,2,gpt-6-astra,ultra,settled,2026-09-20T23:22:28.473Z,2026-09-20T23:22:34.799Z,26427,25668,756,113,54,40798000
python-astra-standard,58,2,gpt-6-astra,ultra,settled,2026-09-20T23:22:35.482Z,2026-09-20T23:22:37.762Z,26576,26424,149,71,10,31866500
python-astra-standard,59,1,gpt-6-astra,ultra,settled,2026-09-20T23:22:36.527Z,2026-09-20T23:22:58.524Z,32537,31312,1222,672,516,80217000
python-astra-standard,60,3,gpt-6-astra,ultra,settled,2026-09-20T23:22:37.216Z,2026-09-20T23:22:41.448Z,22941,20274,2664,134,21,60304000
python-astra-standard,61,2,gpt-6-astra,ultra,settled,2026-09-20T23:22:38.501Z,2026-09-20T23:22:44.780Z,28030,26573,1454,132,19,51378000
python-astra-standard,62,0,gpt-6-astra,ultra,settled,2026-09-20T23:22:39.788Z,2026-09-20T23:23:15.679Z,32477,30890,1584,2187,0,160070000
python-astra-standard,63,3,gpt-6-astra,ultra,settled,2026-09-20T23:22:41.903Z,2026-09-20T23:22:43.764Z,23087,22938,0,40,0,26428000
python-astra-standard,64,3,gpt-6-astra,ultra,settled,2026-09-20T23:22:44.237Z,2026-09-20T23:23:06.684Z,23268,22938,327,889,516,71505500
python-astra-standard,65,2,gpt-6-astra,ultra,settled,2026-09-20T23:22:45.698Z,2026-09-20T23:22:55.867Z,28801,28027,771,407,149,58044500
python-astra-standard,66,2,gpt-6-astra,ultra,settled,2026-09-20T23:22:57.203Z,2026-09-20T23:23:08.882Z,29785,28798,984,508,141,66528000
python-astra-standard,67,1,gpt-6-astra,ultra,settled,2026-09-20T23:22:59.403Z,2026-09-20T23:23:26.816Z,33221,32534,0,1014,236,90104000
python-astra-standard,68,3,gpt-6-astra,ultra,settled,2026-09-20T23:23:08.408Z,2026-09-20T23:23:43.152Z,24213,23265,945,1744,516,122307500
python-astra-standard,69,2,gpt-6-astra,ultra,settled,2026-09-20T23:23:10.590Z,2026-09-20T23:23:18.649Z,30352,29782,567,115,0,42649500
python-astra-standard,70,0,gpt-6-astra,ultra,settled,2026-09-20T23:23:17.978Z,2026-09-20T23:23:21.970Z,35131,32474,2363,47,0,67301500
python-astra-standard,71,2,gpt-6-astra,ultra,settled,2026-09-20T23:23:19.248Z,2026-09-20T23:23:29.291Z,30479,30349,0,285,224,45899000
python-astra-standard,72,0,gpt-6-astra,ultra,settled,2026-09-20T23:23:22.507Z,2026-09-20T23:23:30.058Z,35319,34837,0,369,14,58107000
python-astra-standard,73,1,gpt-6-astra,ultra,settled,2026-09-20T23:23:27.418Z,2026-09-20T23:23:31.018Z,34434,32534,1897,100,11,61276500
python-astra-standard,74,2,gpt-6-astra,ultra,settled,2026-09-20T23:23:29.879Z,2026-09-20T23:23:39.661Z,31002,30349,650,151,98,46054000
python-astra-standard,75,1,gpt-6-astra,ultra,settled,2026-09-20T23:23:31.640Z,2026-09-20T23:24:58.361Z,34546,34431,0,153,16,43231000
python-astra-standard,76,0,gpt-6-astra,ultra,settled,2026-09-20T23:23:35.411Z,2026-09-20T23:23:45.990Z,35879,34837,940,325,165,63857000
python-astra-standard,77,2,gpt-6-astra,ultra,settled,2026-09-20T23:23:40.220Z,2026-09-20T23:23:45.592Z,31438,30999,436,102,44,41579000
python-astra-standard,78,3,gpt-6-astra,ultra,settled,2026-09-20T23:23:43.683Z,2026-09-20T23:24:02.391Z,24791,24210,0,1182,0,89120000
python-astra-standard,79,2,gpt-6-astra,ultra,settled,2026-09-20T23:23:46.216Z,2026-09-20T23:24:03.453Z,37614,31435,6176,561,482,136715000
python-astra-standard,80,0,gpt-6-astra,ultra,settled,2026-09-20T23:23:46.581Z,2026-09-20T23:24:02.097Z,36217,35777,0,925,0,86427000
python-astra-standard,81,0,gpt-6-astra,ultra,settled,2026-09-20T23:24:03.882Z,2026-09-20T23:24:11.661Z,37199,35777,1419,263,118,66694500
python-astra-standard,82,3,gpt-6-astra,ultra,settled,2026-09-20T23:24:04.043Z,2026-09-20T23:24:27.148Z,26146,24210,1933,912,516,94002500
python-astra-standard,83,2,gpt-6-astra,ultra,settled,2026-09-20T23:24:04.079Z,2026-09-20T23:24:12.364Z,38711,37611,1097,285,213,65603500
python-astra-standard,84,0,gpt-6-astra,ultra,settled,2026-09-20T23:24:12.521Z,2026-09-20T23:24:32.349Z,37941,37196,742,333,238,63151000
python-astra-standard,85,2,gpt-6-astra,ultra,settled,2026-09-20T23:24:13.200Z,2026-09-20T23:24:24.214Z,39204,38708,493,133,0,51550500
python-astra-standard,86,2,gpt-6-astra,ultra,settled,2026-09-20T23:24:24.787Z,2026-09-20T23:24:34.706Z,40369,39201,1165,244,114,65993500
python-astra-standard,87,3,gpt-6-astra,ultra,settled,2026-09-20T23:24:29.033Z,2026-09-20T23:24:37.350Z,27233,26143,1087,243,129,51910500
python-astra-standard,88,0,gpt-6-astra,ultra,settled,2026-09-20T23:24:32.927Z,2026-09-20T23:24:35.402Z,38286,37938,0,70,0,44918000
python-astra-standard,89,2,gpt-6-astra,ultra,settled,2026-09-20T23:24:35.210Z,2026-09-20T23:24:50.422Z,40590,40366,0,807,144,82956000
python-astra-standard,90,0,gpt-6-astra,ultra,settled,2026-09-20T23:24:36.185Z,2026-09-20T23:24:41.794Z,38853,37938,912,188,97,58768000
python-astra-standard,91,3,gpt-6-astra,ultra,settled,2026-09-20T23:24:37.841Z,2026-09-20T23:25:13.914Z,27488,27230,0,1098,829,84710000
python-astra-standard,92,0,gpt-6-astra,ultra,settled,2026-09-20T23:24:42.366Z,2026-09-20T23:24:52.784Z,39078,38850,0,294,187,55830000
python-astra-standard,93,2,gpt-6-astra,ultra,settled,2026-09-20T23:24:52.167Z,2026-09-20T23:25:02.092Z,41455,40366,1086,245,35,66221000
python-astra-standard,94,0,gpt-6-astra,ultra,settled,2026-09-20T23:24:53.491Z,2026-09-20T23:25:09.281Z,39384,38850,0,415,324,64940000
python-astra-standard,95,1,gpt-6-astra,ultra,settled,2026-09-20T23:24:59.123Z,2026-09-20T23:25:05.023Z,34851,34431,0,167,80,46981000
python-astra-standard,96,2,gpt-6-astra,ultra,settled,2026-09-20T23:25:02.722Z,2026-09-20T23:25:21.324Z,42422,41452,967,470,360,77069500
python-astra-standard,97,1,gpt-6-astra,ultra,settled,2026-09-20T23:25:05.709Z,2026-09-20T23:25:17.926Z,35030,34431,0,107,30,45771000
python-astra-standard,98,0,gpt-6-astra,ultra,settled,2026-09-20T23:25:09.860Z,2026-09-20T23:25:17.194Z,39807,38850,0,89,0,52870000
python-astra-standard,99,3,gpt-6-astra,ultra,settled,2026-09-20T23:25:14.551Z,2026-09-20T23:25:54.432Z,28924,27230,1691,1943,431,145547500
python-astra-standard,100,0,gpt-6-astra,ultra,settled,2026-09-20T23:25:17.912Z,2026-09-20T23:25:31.078Z,41219,38850,2366,347,221,85805000
python-astra-standard,101,1,gpt-6-astra,ultra,settled,2026-09-20T23:25:18.603Z,2026-09-20T23:25:22.510Z,35537,34431,1103,69,9,51698500
python-astra-standard,102,2,gpt-6-astra,ultra,settled,2026-09-20T23:25:22.003Z,2026-09-20T23:25:28.472Z,46152,42419,3730,207,33,99424000
python-astra-standard,103,1,gpt-6-astra,ultra,settled,2026-09-20T23:25:23.215Z,2026-09-20T23:25:27.235Z,36150,35534,613,98,14,48126500
python-astra-standard,104,1,gpt-6-astra,ultra,settled,2026-09-20T23:25:27.871Z,2026-09-20T23:26:26.589Z,37074,36147,924,2752,932,185327000
python-astra-standard,105,2,gpt-6-astra,ultra,settled,2026-09-20T23:25:29.187Z,2026-09-20T23:25:35.839Z,46371,46149,0,252,12,60969000
python-astra-standard,106,0,gpt-6-astra,ultra,settled,2026-09-20T23:25:31.927Z,2026-09-20T23:25:38.885Z,41628,41216,0,167,75,53686000
python-astra-standard,107,2,gpt-6-astra,ultra,settled,2026-09-20T23:25:36.604Z,2026-09-20T23:26:03.648Z,48237,46149,2085,1384,355,141441500
python-astra-standard,108,0,gpt-6-astra,ultra,settled,2026-09-20T23:25:39.469Z,2026-09-20T23:25:44.322Z,41807,41216,0,106,0,52426000
python-astra-standard,109,0,gpt-6-astra,ultra,settled,2026-09-20T23:25:44.886Z,2026-09-20T23:26:09.852Z,41925,41216,0,937,436,95156000
python-astra-standard,110,3,gpt-6-astra,ultra,settled,2026-09-20T23:25:54.929Z,2026-09-20T23:25:59.980Z,29476,28921,0,99,0,39421000
python-astra-standard,111,3,gpt-6-astra,ultra,settled,2026-09-20T23:26:00.450Z,2026-09-20T23:26:04.611Z,29587,28921,0,194,0,45281000
python-astra-standard,112,3,gpt-6-astra,ultra,settled,2026-09-20T23:26:07.594Z,2026-09-20T23:26:45.354Z,29873,28921,949,1880,336,134813500
python-astra-standard,113,2,gpt-6-astra,ultra,settled,2026-09-20T23:26:08.024Z,2026-09-20T23:26:26.724Z,48696,48234,0,1033,0,104504000
python-astra-standard,114,0,gpt-6-astra,ultra,settled,2026-09-20T23:26:10.536Z,2026-09-20T23:26:31.204Z,42477,41216,0,760,0,91826000
python-astra-standard,115,1,gpt-6-astra,ultra,settled,2026-09-20T23:26:28.368Z,2026-09-20T23:26:38.747Z,39883,37071,2809,346,233,89513500
python-astra-standard,116,2,gpt-6-astra,ultra,settled,2026-09-20T23:26:28.455Z,2026-09-20T23:26:35.253Z,49787,48234,1550,198,129,77539000
python-astra-standard,117,0,gpt-6-astra,ultra,settled,2026-09-20T23:26:33.058Z,2026-09-20T23:27:07.963Z,43363,41216,2144,1399,333,137996000
python-astra-standard,118,2,gpt-6-astra,ultra,settled,2026-09-20T23:26:35.924Z,2026-09-20T23:27:01.788Z,50940,49784,1153,602,484,94326500
python-astra-standard,119,1,gpt-6-astra,ultra,settled,2026-09-20T23:26:39.433Z,2026-09-20T23:26:51.655Z,41075,39880,1192,168,37,63210000
python-astra-standard,120,3,gpt-6-astra,ultra,settled,2026-09-20T23:26:47.079Z,2026-09-20T23:26:51.608Z,32045,29870,2172,135,10,63800000
python-astra-standard,121,3,gpt-6-astra,ultra,settled,2026-09-20T23:26:52.155Z,2026-09-20T23:27:04.033Z,32192,32042,0,577,144,62392000
python-astra-standard,122,1,gpt-6-astra,ultra,settled,2026-09-20T23:26:52.181Z,2026-09-20T23:27:22.159Z,41255,41072,0,1406,516,113202000
python-astra-standard,123,2,gpt-6-astra,ultra,settled,2026-09-20T23:27:02.569Z,2026-09-20T23:27:05.468Z,51555,50937,0,62,0,60217000
python-astra-standard,124,3,gpt-6-astra,ultra,settled,2026-09-20T23:27:04.520Z,2026-09-20T23:27:09.486Z,32474,32042,0,140,0,43362000
python-astra-standard,125,2,gpt-6-astra,ultra,settled,2026-09-20T23:27:06.129Z,2026-09-20T23:27:14.510Z,53761,50937,2821,161,28,94279500
python-astra-standard,126,0,gpt-6-astra,ultra,settled,2026-09-20T23:27:08.916Z,2026-09-20T23:27:18.178Z,43976,43360,0,251,152,62070000
python-astra-standard,127,3,gpt-6-astra,ultra,settled,2026-09-20T23:27:10.042Z,2026-09-20T23:27:13.855Z,32626,32042,0,40,0,39882000
python-astra-standard,128,3,gpt-6-astra,ultra,settled,2026-09-20T23:27:14.349Z,2026-09-20T23:27:24.778Z,32807,32042,762,512,58,67197000
python-astra-standard,129,2,gpt-6-astra,ultra,settled,2026-09-20T23:27:15.112Z,2026-09-20T23:27:21.168Z,53949,53758,0,174,26,64368000
python-astra-standard,130,0,gpt-6-astra,ultra,settled,2026-09-20T23:27:18.815Z,2026-09-20T23:27:23.034Z,44239,43360,0,140,0,59150000
python-astra-standard,131,2,gpt-6-astra,ultra,settled,2026-09-20T23:27:21.817Z,2026-09-20T23:28:03.115Z,54135,53758,0,2072,197,161128000
python-astra-standard,132,1,gpt-6-astra,ultra,settled,2026-09-20T23:27:23.166Z,2026-09-20T23:27:26.816Z,41882,41072,0,80,0,53172000
python-astra-standard,133,0,gpt-6-astra,ultra,settled,2026-09-20T23:27:23.599Z,2026-09-20T23:27:30.907Z,44461,43360,0,191,89,63920000
python-astra-standard,134,3,gpt-6-astra,ultra,settled,2026-09-20T23:27:26.493Z,2026-09-20T23:27:32.073Z,33377,32804,570,122,21,46059000
python-astra-standard,135,1,gpt-6-astra,ultra,settled,2026-09-20T23:27:27.586Z,2026-09-20T23:27:43.237Z,41974,41072,0,984,0,99292000
python-astra-standard,136,0,gpt-6-astra,ultra,settled,2026-09-20T23:27:31.975Z,2026-09-20T23:27:48.030Z,44644,43360,0,525,0,82450000
python-astra-standard,137,3,gpt-6-astra,ultra,settled,2026-09-20T23:27:32.686Z,2026-09-20T23:27:40.068Z,34398,33374,1021,160,32,54166500
python-astra-standard,138,3,gpt-6-astra,ultra,settled,2026-09-20T23:27:40.645Z,2026-09-20T23:28:20.282Z,34570,34395,0,1482,855,110245000
python-astra-standard,139,1,gpt-6-astra,ultra,settled,2026-09-20T23:27:45.080Z,2026-09-20T23:27:49.872Z,43015,41072,1940,134,39,72052000
python-astra-standard,140,0,gpt-6-astra,ultra,settled,2026-09-20T23:27:48.825Z,2026-09-20T23:28:08.355Z,45646,43360,2143,599,382,101527500
python-astra-standard,141,1,gpt-6-astra,ultra,settled,2026-09-20T23:27:55.697Z,2026-09-20T23:28:10.055Z,43431,43012,416,117,49,54092000
python-astra-standard,142,2,gpt-6-astra,ultra,settled,2026-09-20T23:28:03.968Z,2026-09-20T23:28:10.926Z,57067,53758,3306,86,32,99413000
python-astra-standard,143,0,gpt-6-astra,ultra,settled,2026-09-20T23:28:09.050Z,2026-09-20T23:28:14.813Z,46257,45503,0,136,64,59843000
python-astra-standard,144,1,gpt-6-astra,ultra,settled,2026-09-20T23:28:10.833Z,2026-09-20T23:28:17.396Z,46469,43428,3038,113,53,87083000
python-astra-standard,145,2,gpt-6-astra,ultra,settled,2026-09-20T23:28:11.625Z,2026-09-20T23:28:18.222Z,58081,57064,1014,191,16,79319000
python-astra-standard,146,0,gpt-6-astra,ultra,settled,2026-09-20T23:28:15.654Z,2026-09-20T23:28:18.438Z,47101,45503,1595,82,0,69570500
python-astra-standard,147,1,gpt-6-astra,ultra,settled,2026-09-20T23:28:18.065Z,2026-09-20T23:28:25.505Z,46664,46466,195,165,106,57183500
python-astra-standard,148,0,gpt-6-astra,ultra,settled,2026-09-20T23:28:19.266Z,2026-09-20T23:28:22.610Z,50734,47098,3633,93,29,97190500
python-astra-standard,149,2,gpt-6-astra,ultra,settled,2026-09-20T23:28:20.199Z,2026-09-20T23:28:24.939Z,58328,58078,247,59,18,64145500
python-astra-standard,150,3,gpt-6-astra,ultra,settled,2026-09-20T23:28:20.847Z,2026-09-20T23:28:24.005Z,35317,34395,0,75,6,47365000
python-astra-standard,151,0,gpt-6-astra,ultra,settled,2026-09-20T23:28:23.241Z,2026-09-20T23:28:26.695Z,50926,50731,192,83,0,57311000
python-astra-standard,152,3,gpt-6-astra,ultra,settled,2026-09-20T23:28:24.575Z,2026-09-20T23:28:35.652Z,37888,34395,3490,461,101,101100000
python-astra-standard,153,2,gpt-6-astra,ultra,settled,2026-09-20T23:28:25.938Z,2026-09-20T23:28:32.179Z,58505,58325,177,165,0,68817500
python-astra-standard,154,1,gpt-6-astra,ultra,settled,2026-09-20T23:28:26.154Z,2026-09-20T23:28:49.123Z,46886,46661,222,1154,191,107166000
python-astra-standard,155,0,gpt-6-astra,ultra,settled,2026-09-20T23:28:27.360Z,2026-09-20T23:28:37.839Z,51021,50923,0,257,146,64753000
python-astra-standard,156,2,gpt-6-astra,ultra,settled,2026-09-20T23:28:32.776Z,2026-09-20T23:28:52.687Z,58777,58502,0,797,459,101102000
python-astra-standard,157,3,gpt-6-astra,ultra,settled,2026-09-20T23:28:37.363Z,2026-09-20T23:28:56.923Z,38406,37885,518,845,209,86640000
python-astra-standard,158,0,gpt-6-astra,ultra,settled,2026-09-20T23:28:39.477Z,2026-09-20T23:28:44.277Z,51348,50923,0,96,0,59973000
python-astra-standard,159,0,gpt-6-astra,ultra,settled,2026-09-20T23:28:44.967Z,2026-09-20T23:28:53.968Z,51456,50923,0,307,0,71603000
python-astra-standard,160,1,gpt-6-astra,ultra,settled,2026-09-20T23:28:51.098Z,2026-09-20T23:29:14.312Z,48097,46883,1211,612,516,92650500
python-astra-standard,161,2,gpt-6-astra,ultra,settled,2026-09-20T23:28:53.330Z,2026-09-20T23:29:25.126Z,59348,58502,0,1541,237,144012000
python-astra-standard,162,0,gpt-6-astra,ultra,settled,2026-09-20T23:28:54.736Z,2026-09-20T23:29:02.462Z,51919,50923,993,229,64,74815500
python-astra-standard,163,3,gpt-6-astra,ultra,settled,2026-09-20T23:29:02.594Z,2026-09-20T23:29:07.127Z,39510,38403,1104,168,21,60633000
python-astra-standard,164,0,gpt-6-astra,ultra,settled,2026-09-20T23:29:03.344Z,2026-09-20T23:29:07.090Z,52282,51916,363,96,0,61283500
python-astra-standard,165,0,gpt-6-astra,ultra,settled,2026-09-20T23:29:07.688Z,2026-09-20T23:29:12.367Z,52390,52279,0,66,0,56689000
python-astra-standard,166,3,gpt-6-astra,ultra,settled,2026-09-20T23:29:07.863Z,2026-09-20T23:29:16.752Z,39690,39507,0,308,129,56737000
python-astra-standard,167,0,gpt-6-astra,ultra,settled,2026-09-20T23:29:13.072Z,2026-09-20T23:29:28.736Z,52627,52279,0,475,366,79509000
python-astra-standard,168,1,gpt-6-astra,ultra,settled,2026-09-20T23:29:14.988Z,2026-09-20T23:29:20.349Z,49314,48094,1217,179,35,72286500
python-astra-standard,169,3,gpt-6-astra,ultra,settled,2026-09-20T23:29:17.383Z,2026-09-20T23:29:23.397Z,39900,39507,0,348,0,60837000
python-astra-standard,170,1,gpt-6-astra,ultra,settled,2026-09-20T23:29:22.202Z,2026-09-20T23:29:29.070Z,49505,49311,0,242,103,63351000
python-astra-standard,171,3,gpt-6-astra,ultra,settled,2026-09-20T23:29:25.179Z,2026-09-20T23:29:55.712Z,40423,39507,913,1476,361,124749500
python-astra-standard,172,2,gpt-6-astra,ultra,settled,2026-09-20T23:29:25.726Z,2026-09-20T23:29:41.991Z,59694,58502,0,631,28,101972000
python-astra-standard,173,0,gpt-6-astra,ultra,settled,2026-09-20T23:29:29.432Z,2026-09-20T23:29:34.320Z,53149,52279,0,107,0,66329000
python-astra-standard,174,1,gpt-6-astra,ultra,settled,2026-09-20T23:29:29.778Z,2026-09-20T23:29:34.434Z,50339,49311,1025,158,15,70053500
python-astra-standard,175,0,gpt-6-astra,ultra,settled,2026-09-20T23:29:35.212Z,2026-09-20T23:29:42.703Z,53268,52279,0,104,0,67369000
python-astra-standard,176,1,gpt-6-astra,ultra,settled,2026-09-20T23:29:35.319Z,2026-09-20T23:29:47.056Z,50866,50336,527,241,58,69003500
python-astra-standard,177,2,gpt-6-astra,ultra,settled,2026-09-20T23:29:42.574Z,2026-09-20T23:29:53.487Z,59843,58502,0,218,27,82812000
python-astra-standard,178,0,gpt-6-astra,ultra,settled,2026-09-20T23:29:43.413Z,2026-09-20T23:29:48.965Z,53788,52279,1506,155,82,78884000
python-astra-standard,179,1,gpt-6-astra,ultra,settled,2026-09-20T23:29:47.770Z,2026-09-20T23:30:41.448Z,51882,50863,1016,2551,807,191143000
python-astra-standard,180,0,gpt-6-astra,ultra,settled,2026-09-20T23:29:49.686Z,2026-09-20T23:30:11.816Z,54059,53785,271,772,495,95802500
python-astra-standard,181,2,gpt-6-astra,ultra,settled,2026-09-20T23:29:54.160Z,2026-09-20T23:30:20.212Z,60354,58502,1849,1397,142,151494500
python-astra-standard,182,3,gpt-6-astra,ultra,settled,2026-09-20T23:29:57.454Z,2026-09-20T23:30:10.224Z,42029,40420,1606,719,87,96475000
python-astra-standard,183,3,gpt-6-astra,ultra,settled,2026-09-20T23:30:10.953Z,2026-09-20T23:30:17.730Z,43834,42026,1805,225,11,75868500
python-astra-standard,184,0,gpt-6-astra,ultra,settled,2026-09-20T23:30:12.563Z,2026-09-20T23:30:53.828Z,54953,54056,894,2112,321,170861000
python-astra-standard,185,3,gpt-6-astra,ultra,settled,2026-09-20T23:30:18.302Z,2026-09-20T23:30:26.541Z,44071,43831,0,253,177,58881000
python-astra-standard,186,2,gpt-6-astra,ultra,settled,2026-09-20T23:30:22.029Z,2026-09-20T23:30:27.128Z,61809,60351,1455,177,72,87418500
python-astra-standard,187,2,gpt-6-astra,ultra,settled,2026-09-20T23:30:28.972Z,2026-09-20T23:30:38.402Z,62045,61806,236,227,162,76136000
python-astra-standard,188,3,gpt-6-astra,ultra,settled,2026-09-20T23:30:29.888Z,2026-09-20T23:30:58.636Z,44873,43831,1039,1230,457,118348500
python-astra-standard,189,2,gpt-6-astra,ultra,settled,2026-09-20T23:30:40.198Z,2026-09-20T23:30:53.442Z,63271,62042,1226,311,176,92947000
python-astra-standard,190,1,gpt-6-astra,ultra,settled,2026-09-20T23:30:43.408Z,2026-09-20T23:30:50.279Z,55495,51879,3613,211,33,107621500
python-astra-standard,191,1,gpt-6-astra,ultra,settled,2026-09-20T23:30:50.951Z,2026-09-20T23:31:19.864Z,55718,55492,0,1375,316,126502000
python-astra-standard,192,2,gpt-6-astra,ultra,settled,2026-09-20T23:30:54.111Z,2026-09-20T23:31:06.458Z,63595,63268,0,351,282,84088000
python-astra-standard,193,0,gpt-6-astra,ultra,settled,2026-09-20T23:30:55.051Z,2026-09-20T23:31:00.328Z,55839,54950,0,122,0,69940000
python-astra-standard,194,3,gpt-6-astra,ultra,settled,2026-09-20T23:31:00.357Z,2026-09-20T23:31:05.180Z,46163,44870,1290,150,15,68525000
python-astra-standard,195,0,gpt-6-astra,ultra,settled,2026-09-20T23:31:01.118Z,2026-09-20T23:31:29.568Z,55973,54950,0,1787,0,154530000
python-astra-standard,196,3,gpt-6-astra,ultra,settled,2026-09-20T23:31:05.734Z,2026-09-20T23:31:11.119Z,46315,46160,0,166,0,56010000
python-astra-standard,197,2,gpt-6-astra,ultra,settled,2026-09-20T23:31:07.192Z,2026-09-20T23:31:16.254Z,64702,63268,1431,236,113,92985500
python-astra-standard,198,3,gpt-6-astra,ultra,settled,2026-09-20T23:31:11.665Z,2026-09-20T23:31:33.295Z,46493,46160,0,559,490,77440000
python-astra-standard,199,2,gpt-6-astra,ultra,settled,2026-09-20T23:31:16.870Z,2026-09-20T23:31:44.511Z,64951,64699,0,1250,174,129719000
python-astra-standard,200,1,gpt-6-astra,ultra,settled,2026-09-20T23:31:21.422Z,2026-09-20T23:31:27.165Z,57827,55492,2332,201,17,94722000
python-astra-standard,201,1,gpt-6-astra,ultra,settled,2026-09-20T23:31:27.863Z,2026-09-20T23:31:54.136Z,58040,57824,0,1174,188,118684000
python-astra-standard,202,0,gpt-6-astra,ultra,settled,2026-09-20T23:31:31.483Z,2026-09-20T23:31:39.174Z,58325,54950,2863,255,154,108607500
python-astra-standard,203,3,gpt-6-astra,ultra,settled,2026-09-20T23:31:34.139Z,2026-09-20T23:31:57.342Z,47601,46160,1438,1217,131,125015000
python-astra-standard,204,0,gpt-6-astra,ultra,settled,2026-09-20T23:31:39.902Z,2026-09-20T23:32:03.064Z,59001,57813,1185,686,516,106955500
python-astra-standard,205,2,gpt-6-astra,ultra,settled,2026-09-20T23:31:46.375Z,2026-09-20T23:31:54.117Z,66263,64699,1561,226,105,95541500
python-astra-standard,206,1,gpt-6-astra,ultra,settled,2026-09-20T23:31:54.916Z,2026-09-20T23:31:59.885Z,59269,57824,1442,220,11,86879000
python-astra-standard,207,2,gpt-6-astra,ultra,settled,2026-09-20T23:31:55.031Z,2026-09-20T23:32:25.226Z,67312,66260,1049,924,758,125602500
python-astra-standard,208,3,gpt-6-astra,ultra,settled,2026-09-20T23:31:59.172Z,2026-09-20T23:32:08.064Z,48874,47598,1273,265,87,76790500
python-astra-standard,209,0,gpt-6-astra,ultra,settled,2026-09-20T23:32:03.939Z,2026-09-20T23:32:14.655Z,59760,58998,0,286,117,80918000
python-astra-standard,210,3,gpt-6-astra,ultra,settled,2026-09-20T23:32:09.228Z,2026-09-20T23:32:32.638Z,49151,48871,0,700,631,86671000
python-astra-standard,211,0,gpt-6-astra,ultra,settled,2026-09-20T23:32:15.474Z,2026-09-20T23:32:22.219Z,60069,58998,0,183,0,78858000
python-astra-standard,212,1,gpt-6-astra,ultra,settled,2026-09-20T23:32:22.869Z,2026-09-20T23:32:39.641Z,59686,59266,0,283,93,77616000
python-astra-standard,213,0,gpt-6-astra,ultra,settled,2026-09-20T23:32:22.923Z,2026-09-20T23:32:53.211Z,60265,58998,0,664,516,104868000
python-astra-standard,214,2,gpt-6-astra,ultra,settled,2026-09-20T23:32:25.882Z,2026-09-20T23:32:57.554Z,68248,67309,0,907,451,122049000
python-astra-standard,215,3,gpt-6-astra,ultra,settled,2026-09-20T23:32:33.532Z,2026-09-20T23:32:41.481Z,50400,48871,1526,252,125,80576000
python-astra-standard,216,1,gpt-6-astra,ultra,settled,2026-09-20T23:32:41.121Z,2026-09-20T23:32:44.800Z,60120,59266,851,84,0,74133500
python-astra-standard,217,3,gpt-6-astra,ultra,settled,2026-09-20T23:32:42.078Z,2026-09-20T23:32:48.473Z,50664,50397,0,329,0,69517000
python-astra-standard,218,1,gpt-6-astra,ultra,settled,2026-09-20T23:32:46.194Z,2026-09-20T23:32:50.447Z,60271,60117,151,87,0,66384500
python-astra-standard,219,3,gpt-6-astra,ultra,settled,2026-09-20T23:32:50.473Z,2026-09-20T23:33:11.255Z,51051,50397,651,1053,214,111214500
python-astra-standard,220,1,gpt-6-astra,ultra,settled,2026-09-20T23:32:51.210Z,2026-09-20T23:32:57.853Z,66284,60268,6013,133,17,142110500
python-astra-standard,221,0,gpt-6-astra,ultra,settled,2026-09-20T23:32:53.849Z,2026-09-20T23:33:07.618Z,61104,58998,0,376,245,98858000
python-astra-standard,222,2,gpt-6-astra,ultra,settled,2026-09-20T23:32:59.367Z,2026-09-20T23:33:29.236Z,69218,67309,1906,685,516,125414000
python-astra-standard,223,1,gpt-6-astra,ultra,settled,2026-09-20T23:32:59.569Z,2026-09-20T23:33:07.241Z,71428,66281,5144,241,139,142661000
python-astra-standard,224,1,gpt-6-astra,ultra,settled,2026-09-20T23:33:08.130Z,2026-09-20T23:33:35.893Z,73561,71425,2133,1343,271,165267500
python-astra-standard,225,0,gpt-6-astra,ultra,settled,2026-09-20T23:33:08.275Z,2026-09-20T23:33:11.635Z,61494,58998,0,133,0,90608000
python-astra-standard,226,0,gpt-6-astra,ultra,settled,2026-09-20T23:33:12.580Z,2026-09-20T23:33:33.232Z,62540,58998,3539,457,329,126115500
python-astra-standard,227,3,gpt-6-astra,ultra,settled,2026-09-20T23:33:13.610Z,2026-09-20T23:33:21.946Z,52227,51048,1176,94,22,70478000
python-astra-standard,228,3,gpt-6-astra,ultra,settled,2026-09-20T23:33:22.778Z,2026-09-20T23:33:28.877Z,52680,52224,453,264,58,71116500
python-astra-standard,229,3,gpt-6-astra,ultra,settled,2026-09-20T23:33:29.676Z,2026-09-20T23:34:07.669Z,52956,52677,0,1928,342,151867000
python-astra-standard,230,2,gpt-6-astra,ultra,settled,2026-09-20T23:33:30.799Z,2026-09-20T23:33:50.520Z,69883,69215,0,578,406,104795000
python-astra-standard,231,0,gpt-6-astra,ultra,settled,2026-09-20T23:33:33.884Z,2026-09-20T23:33:40.936Z,63089,62537,0,154,0,75757000
python-astra-standard,232,1,gpt-6-astra,ultra,settled,2026-09-20T23:33:37.802Z,2026-09-20T23:33:43.999Z,74963,73558,1402,200,11,101113000
python-astra-standard,233,0,gpt-6-astra,ultra,settled,2026-09-20T23:33:41.754Z,2026-09-20T23:34:04.060Z,63255,62537,0,744,341,106917000
python-astra-standard,234,1,gpt-6-astra,ultra,settled,2026-09-20T23:33:44.754Z,2026-09-20T23:33:52.326Z,75175,74960,0,139,42,84060000
python-astra-standard,235,2,gpt-6-astra,ultra,settled,2026-09-20T23:33:51.205Z,2026-09-20T23:34:26.711Z,70605,69215,1387,1466,421,159882500
python-astra-standard,236,1,gpt-6-astra,ultra,settled,2026-09-20T23:33:58.207Z,2026-09-20T23:34:09.973Z,75740,74960,777,373,260,103352500
python-astra-standard,237,0,gpt-6-astra,ultra,settled,2026-09-20T23:34:04.912Z,2026-09-20T23:34:15.833Z,63797,62537,0,277,177,88987000
python-astra-standard,238,3,gpt-6-astra,ultra,settled,2026-09-20T23:34:08.237Z,2026-09-20T23:34:11.454Z,53469,52677,0,69,15,64047000
python-astra-standard,239,1,gpt-6-astra,ultra,settled,2026-09-20T23:34:10.731Z,2026-09-20T23:34:15.653Z,76128,75737,0,153,55,87297000
python-astra-standard,240,3,gpt-6-astra,ultra,settled,2026-09-20T23:34:12.130Z,2026-09-20T23:34:28.573Z,55990,52677,3310,928,70,140482000
python-astra-standard,241,1,gpt-6-astra,ultra,settled,2026-09-20T23:34:16.869Z,2026-09-20T23:34:26.035Z,76798,75737,1058,304,91,104192000
python-astra-standard,242,0,gpt-6-astra,ultra,settled,2026-09-20T23:34:17.156Z,2026-09-20T23:34:21.437Z,64099,62537,0,100,0,83157000
python-astra-standard,243,0,gpt-6-astra,ultra,settled,2026-09-20T23:34:22.632Z,2026-09-20T23:34:35.554Z,64211,62537,0,326,209,95577000
python-astra-standard,244,1,gpt-6-astra,ultra,settled,2026-09-20T23:34:27.032Z,2026-09-20T23:34:33.208Z,77003,76795,0,228,19,90275000
python-astra-standard,245,2,gpt-6-astra,ultra,settled,2026-09-20T23:34:28.601Z,2026-09-20T23:35:03.764Z,72130,70602,1525,1778,516,178594500
python-astra-standard,246,3,gpt-6-astra,ultra,settled,2026-09-20T23:34:32.800Z,2026-09-20T23:35:12.214Z,56974,55987,984,1170,1034,126817000
python-astra-standard,247,1,gpt-6-astra,ultra,settled,2026-09-20T23:34:34.445Z,2026-09-20T23:34:44.794Z,78223,76795,1425,350,219,112137500
python-astra-standard,248,0,gpt-6-astra,ultra,settled,2026-09-20T23:34:36.440Z,2026-09-20T23:34:50.014Z,64551,62537,0,590,34,112177000
python-astra-standard,249,1,gpt-6-astra,ultra,settled,2026-09-20T23:34:47.189Z,2026-09-20T23:34:52.933Z,78828,78220,605,194,110,95512500
python-astra-standard,250,0,gpt-6-astra,ultra,settled,2026-09-20T23:34:50.949Z,2026-09-20T23:35:12.338Z,65273,62537,2733,613,516,127379500
python-astra-standard,251,1,gpt-6-astra,ultra,settled,2026-09-20T23:34:54.408Z,2026-09-20T23:35:15.500Z,81578,78825,2750,1061,174,166280000
python-astra-standard,252,2,gpt-6-astra,ultra,settled,2026-09-20T23:35:05.572Z,2026-09-20T23:35:12.727Z,73969,72127,1839,185,129,104394500
python-astra-standard,253,3,gpt-6-astra,ultra,settled,2026-09-20T23:35:12.860Z,2026-09-20T23:35:23.215Z,57621,56971,0,198,64,73371000
python-astra-standard,254,0,gpt-6-astra,ultra,settled,2026-09-20T23:35:13.092Z,2026-09-20T23:35:38.859Z,68135,65270,2862,864,516,144275000
python-astra-standard,255,2,gpt-6-astra,ultra,settled,2026-09-20T23:35:13.434Z,2026-09-20T23:35:26.672Z,74586,73966,617,386,226,101008500
python-astra-standard,256,1,gpt-6-astra,ultra,settled,2026-09-20T23:35:17.411Z,2026-09-20T23:35:22.076Z,82696,81575,1118,142,17,102680000
python-astra-standard,257,1,gpt-6-astra,ultra,settled,2026-09-20T23:35:23.196Z,2026-09-20T23:35:27.909Z,85103,82693,2407,169,68,121260500
python-astra-standard,258,3,gpt-6-astra,ultra,settled,2026-09-20T23:35:23.854Z,2026-09-20T23:35:30.349Z,57833,56971,0,233,0,77241000
python-astra-standard,259,2,gpt-6-astra,ultra,settled,2026-09-20T23:35:27.476Z,2026-09-20T23:35:30.968Z,74984,74583,0,97,29,83443000
python-astra-standard,260,1,gpt-6-astra,ultra,settled,2026-09-20T23:35:28.683Z,2026-09-20T23:35:33.787Z,85761,85100,658,182,89,102455000
python-astra-standard,261,2,gpt-6-astra,ultra,settled,2026-09-20T23:35:31.733Z,2026-09-20T23:35:46.147Z,75792,74583,1206,126,53,95988000
python-astra-standard,262,3,gpt-6-astra,ultra,settled,2026-09-20T23:35:31.790Z,2026-09-20T23:35:44.309Z,58408,56971,1434,177,0,83776000
python-astra-standard,263,1,gpt-6-astra,ultra,settled,2026-09-20T23:35:34.667Z,2026-09-20T23:35:48.301Z,90242,85758,4481,311,135,157350500
python-astra-standard,264,0,gpt-6-astra,ultra,settled,2026-09-20T23:35:39.651Z,2026-09-20T23:36:00.444Z,68971,68132,0,585,386,105772000
python-astra-standard,265,3,gpt-6-astra,ultra,settled,2026-09-20T23:35:45.012Z,2026-09-20T23:35:55.048Z,58597,58405,0,107,25,65675000
python-astra-standard,266,2,gpt-6-astra,ultra,settled,2026-09-20T23:35:46.875Z,2026-09-20T23:35:57.963Z,76282,75789,490,243,162,94094000
python-astra-standard,267,1,gpt-6-astra,ultra,settled,2026-09-20T23:35:49.112Z,2026-09-20T23:36:03.806Z,90565,90239,0,439,194,115449000
python-astra-standard,268,3,gpt-6-astra,ultra,settled,2026-09-20T23:35:55.865Z,2026-09-20T23:36:00.235Z,61879,58405,3471,131,32,108372500
python-astra-standard,269,2,gpt-6-astra,ultra,settled,2026-09-20T23:35:58.787Z,2026-09-20T23:36:29.742Z,76548,76279,266,671,516,113184000
python-astra-standard,270,0,gpt-6-astra,ultra,settled,2026-09-20T23:36:01.193Z,2026-09-20T23:36:20.949Z,69736,68132,0,395,189,103922000
python-astra-standard,271,3,gpt-6-astra,ultra,settled,2026-09-20T23:36:01.211Z,2026-09-20T23:36:17.639Z,62741,61876,862,100,9,77681000
python-astra-standard,272,1,gpt-6-astra,ultra,settled,2026-09-20T23:36:04.589Z,2026-09-20T23:36:40.122Z,91717,90239,1475,1266,419,172006500
python-astra-standard,273,3,gpt-6-astra,ultra,settled,2026-09-20T23:36:18.562Z,2026-09-20T23:36:27.026Z,63967,62738,1226,318,210,93993000
python-astra-standard,274,0,gpt-6-astra,ultra,settled,2026-09-20T23:36:21.713Z,2026-09-20T23:36:28.604Z,70145,68132,0,230,57,99762000
python-astra-standard,275,3,gpt-6-astra,ultra,settled,2026-09-20T23:36:27.932Z,2026-09-20T23:36:33.082Z,66069,63964,2102,120,70,96269000
python-astra-standard,276,0,gpt-6-astra,ultra,settled,2026-09-20T23:36:30.184Z,2026-09-20T23:37:00.709Z,70499,68132,2364,1578,328,176612000
python-astra-standard,277,2,gpt-6-astra,ultra,settled,2026-09-20T23:36:30.396Z,2026-09-20T23:37:13.063Z,77232,76545,0,2038,673,185315000
python-astra-standard,278,3,gpt-6-astra,ultra,settled,2026-09-20T23:36:33.813Z,2026-09-20T23:37:00.356Z,67642,66066,1573,1636,105,167558500
python-astra-standard,279,1,gpt-6-astra,ultra,settled,2026-09-20T23:36:41.554Z,2026-09-20T23:36:48.317Z,92354,91714,0,256,41,110914000
python-astra-standard,280,1,gpt-6-astra,ultra,settled,2026-09-20T23:36:49.147Z,2026-09-20T23:37:10.384Z,95193,91714,3476,1166,340,193494000
python-astra-standard,281,0,gpt-6-astra,ultra,settled,2026-09-20T23:37:01.460Z,2026-09-20T23:37:42.450Z,70996,70496,0,1641,130,157546000
python-astra-standard,282,3,gpt-6-astra,ultra,settled,2026-09-20T23:37:02.202Z,2026-09-20T23:37:20.606Z,69337,67639,1695,115,49,94606500
python-astra-standard,283,1,gpt-6-astra,ultra,settled,2026-09-20T23:37:12.336Z,2026-09-20T23:37:40.578Z,96416,95190,1223,1194,291,170207500
python-astra-standard,284,2,gpt-6-astra,ultra,settled,2026-09-20T23:37:14.996Z,2026-09-20T23:37:45.558Z,79330,76545,2782,1206,516,171650000
python-astra-standard,285,3,gpt-6-astra,ultra,settled,2026-09-20T23:37:27.413Z,2026-09-20T23:37:37.478Z,69690,69334,353,257,65,86626500
python-astra-standard,286,3,gpt-6-astra,ultra,settled,2026-09-20T23:37:38.406Z,2026-09-20T23:37:51.655Z,69959,69687,0,459,362,95357000
python-astra-standard,287,1,gpt-6-astra,ultra,settled,2026-09-20T23:37:42.112Z,2026-09-20T23:37:57.107Z,98205,96413,1789,494,340,143505500
python-astra-standard,288,0,gpt-6-astra,ultra,settled,2026-09-20T23:37:43.257Z,2026-09-20T23:38:13.282Z,71332,70496,0,1588,303,158256000
python-astra-standard,289,2,gpt-6-astra,ultra,settled,2026-09-20T23:37:47.558Z,2026-09-20T23:37:53.861Z,80667,79327,1337,182,10,105169500
python-astra-standard,290,3,gpt-6-astra,ultra,settled,2026-09-20T23:37:52.443Z,2026-09-20T23:38:15.418Z,70895,69687,1205,644,516,116979500
python-astra-standard,291,2,gpt-6-astra,ultra,settled,2026-09-20T23:37:54.543Z,2026-09-20T23:38:17.361Z,80862,80664,0,762,425,120744000
python-astra-standard,292,1,gpt-6-astra,ultra,settled,2026-09-20T23:37:57.835Z,2026-09-20T23:38:10.102Z,98712,98202,0,399,241,123252000
python-astra-standard,293,1,gpt-6-astra,ultra,settled,2026-09-20T23:38:11.038Z,2026-09-20T23:38:15.542Z,99274,98202,1069,167,56,119944500
python-astra-standard,294,0,gpt-6-astra,ultra,settled,2026-09-20T23:38:14.124Z,2026-09-20T23:38:24.807Z,71986,70496,0,305,186,100646000
python-astra-standard,295,3,gpt-6-astra,ultra,settled,2026-09-20T23:38:16.118Z,2026-09-20T23:38:40.979Z,71555,70892,0,1316,0,143322000
python-astra-standard,296,1,gpt-6-astra,ultra,settled,2026-09-20T23:38:16.640Z,2026-09-20T23:38:38.200Z,101856,99271,2582,681,390,165626000
python-astra-standard,297,2,gpt-6-astra,ultra,settled,2026-09-20T23:38:19.530Z,2026-09-20T23:38:55.478Z,81683,80664,1016,1659,65,176344000
python-astra-standard,298,0,gpt-6-astra,ultra,settled,2026-09-20T23:38:26.297Z,2026-09-20T23:38:40.371Z,72314,70496,0,382,250,107776000
python-astra-standard,299,1,gpt-6-astra,ultra,settled,2026-09-20T23:38:40.325Z,2026-09-20T23:39:01.897Z,102598,101853,742,222,99,122258000
python-astra-standard,300,0,gpt-6-astra,ultra,settled,2026-09-20T23:38:41.308Z,2026-09-20T23:38:47.052Z,72710,70496,0,210,15,103136000
python-astra-standard,301,3,gpt-6-astra,ultra,settled,2026-09-20T23:38:43.509Z,2026-09-20T23:39:09.047Z,73072,70892,2033,377,299,116624500
python-astra-standard,302,0,gpt-6-astra,ultra,settled,2026-09-20T23:38:47.940Z,2026-09-20T23:38:59.341Z,73461,70496,2962,343,245,124701000
python-astra-standard,303,2,gpt-6-astra,ultra,settled,2026-09-20T23:38:56.247Z,2026-09-20T23:39:14.887Z,83989,81680,2306,710,408,146035000
python-astra-standard,304,0,gpt-6-astra,ultra,settled,2026-09-20T23:39:00.194Z,2026-09-20T23:39:15.356Z,75779,73458,2318,381,232,121513000
python-astra-standard,305,1,gpt-6-astra,ultra,settled,2026-09-20T23:39:03.781Z,2026-09-20T23:39:13.039Z,103835,102595,1237,221,91,129137500
python-astra-standard,306,3,gpt-6-astra,ultra,settled,2026-09-20T23:39:09.977Z,2026-09-20T23:39:14.128Z,73590,72925,662,142,0,88330000
python-astra-standard,307,3,gpt-6-astra,ultra,settled,2026-09-20T23:39:15.076Z,2026-09-20T23:39:22.272Z,73744,73587,0,439,0,97107000
python-astra-standard,308,1,gpt-6-astra,ultra,settled,2026-09-20T23:39:15.194Z,2026-09-20T23:39:31.421Z,104174,103832,339,829,122,149549500
python-astra-standard,309,0,gpt-6-astra,ultra,settled,2026-09-20T23:39:16.059Z,2026-09-20T23:39:22.079Z,76169,75776,0,155,0,87456000
python-astra-standard,310,2,gpt-6-astra,ultra,settled,2026-09-20T23:39:16.744Z,2026-09-20T23:39:26.876Z,84758,83986,769,302,129,108728500
python-astra-standard,311,0,gpt-6-astra,ultra,settled,2026-09-20T23:39:23.719Z,2026-09-20T23:39:47.636Z,76336,75776,0,1296,52,146176000
python-astra-standard,312,3,gpt-6-astra,ultra,settled,2026-09-20T23:39:24.442Z,2026-09-20T23:40:05.334Z,74409,73587,651,1863,622,176584500
python-astra-standard,313,2,gpt-6-astra,ultra,settled,2026-09-20T23:39:27.583Z,2026-09-20T23:40:00.337Z,85072,84755,0,1034,807,139625000
python-astra-standard,314,1,gpt-6-astra,ultra,settled,2026-09-20T23:39:33.422Z,2026-09-20T23:39:53.340Z,105151,104171,977,576,435,145213500
python-astra-standard,315,0,gpt-6-astra,ultra,settled,2026-09-20T23:39:48.370Z,2026-09-20T23:40:05.134Z,76575,75776,0,1215,0,144516000
python-astra-standard,316,1,gpt-6-astra,ultra,settled,2026-09-20T23:39:54.312Z,2026-09-20T23:40:23.054Z,105741,105148,0,1392,137,180678000
python-astra-standard,317,2,gpt-6-astra,ultra,settled,2026-09-20T23:40:01.359Z,2026-09-20T23:40:22.511Z,86415,84755,1657,589,516,134947500
python-astra-standard,318,0,gpt-6-astra,ultra,settled,2026-09-20T23:40:07.110Z,2026-09-20T23:40:23.296Z,77998,75776,2068,451,356,125716000
python-astra-standard,319,3,gpt-6-astra,ultra,settled,2026-09-20T23:40:12.251Z,2026-09-20T23:40:36.437Z,76590,74238,2349,552,362,131230500
python-astra-standard,320,2,gpt-6-astra,ultra,settled,2026-09-20T23:40:23.421Z,2026-09-20T23:40:46.028Z,87661,86412,1246,642,516,134117000
python-astra-standard,321,0,gpt-6-astra,ultra,settled,2026-09-20T23:40:24.366Z,2026-09-20T23:40:56.589Z,79109,77844,1262,939,841,140599000
python-astra-standard,322,1,gpt-6-astra,ultra,settled,2026-09-20T23:40:24.549Z,2026-09-20T23:40:49.403Z,108803,105148,3652,841,540,192878000
python-astra-standard,323,3,gpt-6-astra,ultra,settled,2026-09-20T23:40:37.145Z,2026-09-20T23:40:46.910Z,77154,76587,0,412,180,102857000
python-astra-standard,324,2,gpt-6-astra,ultra,settled,2026-09-20T23:40:46.764Z,2026-09-20T23:41:06.419Z,88318,87658,0,1019,181,145208000
python-astra-standard,325,3,gpt-6-astra,ultra,settled,2026-09-20T23:40:48.798Z,2026-09-20T23:41:01.948Z,77859,76587,1269,423,238,113629500
python-astra-standard,326,1,gpt-6-astra,ultra,settled,2026-09-20T23:40:52.474Z,2026-09-20T23:41:04.061Z,109982,108800,1179,383,216,142717500
python-astra-standard,327,0,gpt-6-astra,ultra,settled,2026-09-20T23:40:57.329Z,2026-09-20T23:41:18.906Z,79973,79106,0,625,516,119026000
python-astra-standard,328,3,gpt-6-astra,ultra,settled,2026-09-20T23:41:02.875Z,2026-09-20T23:41:58.037Z,78295,77856,0,1934,244,178946000
python-astra-standard,329,1,gpt-6-astra,ultra,settled,2026-09-20T23:41:04.919Z,2026-09-20T23:41:25.728Z,110377,109979,0,760,161,151959000
python-astra-standard,330,2,gpt-6-astra,ultra,settled,2026-09-20T23:41:11.039Z,2026-09-20T23:41:46.538Z,89465,87658,1804,1051,1034,162788000
python-astra-standard,331,0,gpt-6-astra,ultra,settled,2026-09-20T23:41:19.705Z,2026-09-20T23:41:37.845Z,80871,79106,0,425,267,118006000
python-astra-standard,332,1,gpt-6-astra,ultra,settled,2026-09-20T23:41:28.553Z,2026-09-20T23:41:52.275Z,111268,109979,1286,757,483,163934000
python-astra-standard,333,0,gpt-6-astra,ultra,settled,2026-09-20T23:41:38.665Z,2026-09-20T23:41:52.872Z,81309,79106,0,442,248,123236000
python-astra-standard,334,2,gpt-6-astra,ultra,settled,2026-09-20T23:41:47.958Z,2026-09-20T23:42:03.762Z,90596,89462,1131,646,252,135929500
python-astra-standard,335,0,gpt-6-astra,ultra,settled,2026-09-20T23:41:53.986Z,2026-09-20T23:42:16.292Z,82105,79106,2996,611,516,147136000
python-astra-standard,336,1,gpt-6-astra,ultra,settled,2026-09-20T23:41:54.416Z,2026-09-20T23:42:03.370Z,112474,111265,1206,212,42,136970000
python-astra-standard,337,3,gpt-6-astra,ultra,settled,2026-09-20T23:41:58.964Z,2026-09-20T23:42:13.448Z,78710,77856,0,71,32,89946000
python-astra-standard,338,1,gpt-6-astra,ultra,settled,2026-09-20T23:42:05.524Z,2026-09-20T23:42:24.597Z,112698,112471,0,825,516,155991000
python-astra-standard,339,2,gpt-6-astra,ultra,settled,2026-09-20T23:42:05.901Z,2026-09-20T23:42:30.767Z,91657,90593,1061,857,516,146735500
python-astra-standard,340,3,gpt-6-astra,ultra,settled,2026-09-20T23:42:14.269Z,2026-09-20T23:42:45.902Z,79769,77856,1910,1512,376,177361000
python-astra-standard,341,0,gpt-6-astra,ultra,settled,2026-09-20T23:42:17.123Z,2026-09-20T23:42:37.042Z,82803,82102,0,606,516,119412000
python-astra-standard,342,1,gpt-6-astra,ultra,settled,2026-09-20T23:42:26.602Z,2026-09-20T23:42:45.193Z,113582,112471,1108,426,314,147651000
python-astra-standard,343,2,gpt-6-astra,ultra,settled,2026-09-20T23:42:32.419Z,2026-09-20T23:42:42.163Z,92574,91654,917,350,186,120646500
python-astra-standard,344,0,gpt-6-astra,ultra,settled,2026-09-20T23:42:37.948Z,2026-09-20T23:42:53.539Z,84843,82102,2738,429,331,137807000
python-astra-standard,345,2,gpt-6-astra,ultra,settled,2026-09-20T23:42:44.220Z,2026-09-20T23:43:31.729Z,93655,92571,1081,1047,893,158463500
python-astra-standard,346,1,gpt-6-astra,ultra,settled,2026-09-20T23:42:46.887Z,2026-09-20T23:43:15.394Z,114949,113579,1367,374,207,149396500
python-astra-standard,347,3,gpt-6-astra,ultra,settled,2026-09-20T23:42:47.957Z,2026-09-20T23:43:32.870Z,81344,79766,1575,1885,207,193733500
python-astra-standard,348,0,gpt-6-astra,ultra,settled,2026-09-20T23:42:54.395Z,2026-09-20T23:43:03.182Z,85286,84840,0,200,86,99300000
python-astra-standard,349,0,gpt-6-astra,ultra,settled,2026-09-20T23:43:04.058Z,2026-09-20T23:43:45.138Z,85863,84840,1020,1207,1034,157970000
python-astra-standard,350,1,gpt-6-astra,ultra,settled,2026-09-20T23:43:16.899Z,2026-09-20T23:43:30.997Z,115337,114946,0,569,173,147306000
python-astra-standard,351,2,gpt-6-astra,ultra,settled,2026-09-20T23:43:33.119Z,2026-09-20T23:43:50.282Z,94285,93652,0,558,466,127882000
python-astra-standard,352,1,gpt-6-astra,ultra,settled,2026-09-20T23:43:33.378Z,2026-09-20T23:43:37.186Z,116866,114946,1917,144,23,146138500
python-astra-standard,353,3,gpt-6-astra,ultra,settled,2026-09-20T23:43:35.014Z,2026-09-20T23:43:48.049Z,83527,81341,2183,428,279,130058500
python-astra-standard,354,1,gpt-6-astra,ultra,settled,2026-09-20T23:43:38.492Z,2026-09-20T23:43:44.845Z,117615,116863,749,140,23,133255500
python-astra-standard,355,0,gpt-6-astra,ultra,settled,2026-09-20T23:43:46.445Z,2026-09-20T23:43:53.197Z,86692,85860,0,187,85,103530000
python-astra-standard,356,1,gpt-6-astra,ultra,settled,2026-09-20T23:43:46.472Z,2026-09-20T23:43:49.422Z,117767,117612,0,15,0,119912000
python-astra-standard,357,3,gpt-6-astra,ultra,settled,2026-09-20T23:43:48.778Z,2026-09-20T23:44:09.643Z,83968,83524,0,611,516,118514000
python-astra-standard,358,1,gpt-6-astra,ultra,settled,2026-09-20T23:43:50.312Z,2026-09-20T23:43:55.993Z,117854,117612,239,107,0,125979500
python-astra-standard,359,2,gpt-6-astra,ultra,settled,2026-09-20T23:43:51.584Z,2026-09-20T23:44:18.372Z,95856,93652,2201,676,516,154994500
python-astra-standard,360,0,gpt-6-astra,ultra,settled,2026-09-20T23:43:54.100Z,2026-09-20T23:44:00.142Z,86940,85860,0,107,0,102010000
python-astra-standard,361,1,gpt-6-astra,ultra,settled,2026-09-20T23:43:56.940Z,2026-09-20T23:44:02.348Z,117973,117851,0,136,25,125871000
python-astra-standard,362,0,gpt-6-astra,ultra,settled,2026-09-20T23:44:01.362Z,2026-09-20T23:44:05.591Z,87060,85860,0,86,0,102160000
python-astra-standard,363,1,gpt-6-astra,ultra,settled,2026-09-20T23:44:03.436Z,2026-09-20T23:44:08.117Z,118220,117851,366,130,72,128956000
python-astra-standard,364,0,gpt-6-astra,ultra,settled,2026-09-20T23:44:06.403Z,2026-09-20T23:44:11.321Z,87158,85860,0,90,0,103340000
python-astra-standard,365,1,gpt-6-astra,ultra,settled,2026-09-20T23:44:09.534Z,2026-09-20T23:44:28.305Z,118392,118217,0,657,373,152817000
python-astra-standard,366,3,gpt-6-astra,ultra,settled,2026-09-20T23:44:11.058Z,2026-09-20T23:44:33.133Z,85134,83524,1607,1083,313,157791500
python-astra-standard,367,0,gpt-6-astra,ultra,settled,2026-09-20T23:44:12.103Z,2026-09-20T23:44:32.825Z,87261,85860,0,911,89,145420000
python-astra-standard,368,2,gpt-6-astra,ultra,settled,2026-09-20T23:44:19.185Z,2026-09-20T23:44:23.045Z,96620,95853,0,71,29,107073000
python-astra-standard,369,2,gpt-6-astra,ultra,settled,2026-09-20T23:44:24.508Z,2026-09-20T23:44:28.203Z,96740,95853,884,74,0,110633000
python-astra-standard,370,2,gpt-6-astra,ultra,settled,2026-09-20T23:44:29.104Z,2026-09-20T23:44:39.610Z,96826,96737,0,146,0,104927000
python-astra-standard,371,1,gpt-6-astra,ultra,settled,2026-09-20T23:44:29.361Z,2026-09-20T23:44:39.966Z,118858,118217,0,274,0,138327000
python-astra-standard,372,0,gpt-6-astra,ultra,settled,2026-09-20T23:44:33.785Z,2026-09-20T23:44:55.869Z,88353,85860,2490,230,84,128515000
python-astra-standard,373,3,gpt-6-astra,ultra,settled,2026-09-20T23:44:34.503Z,2026-09-20T23:44:41.688Z,85552,85131,0,328,0,105741000
python-astra-standard,374,2,gpt-6-astra,ultra,settled,2026-09-20T23:44:40.546Z,2026-09-20T23:44:57.897Z,96984,96737,0,753,274,136857000
python-astra-standard,375,1,gpt-6-astra,ultra,settled,2026-09-20T23:44:42.249Z,2026-09-20T23:44:49.485Z,119190,118217,970,202,106,140472000
python-astra-standard,376,3,gpt-6-astra,ultra,settled,2026-09-20T23:44:43.660Z,2026-09-20T23:44:50.380Z,85937,85131,803,146,0,102498500
python-astra-standard,377,1,gpt-6-astra,ultra,settled,2026-09-20T23:44:50.439Z,2026-09-20T23:45:13.517Z,119989,119187,799,718,516,165104500
python-astra-standard,378,3,gpt-6-astra,ultra,settled,2026-09-20T23:44:51.915Z,2026-09-20T23:45:45.253Z,86095,85934,0,2382,516,206644000
python-astra-standard,379,0,gpt-6-astra,ultra,settled,2026-09-20T23:44:56.668Z,2026-09-20T23:45:05.158Z,88759,88350,0,220,62,103440000
python-astra-standard,380,2,gpt-6-astra,ultra,settled,2026-09-20T23:45:00.677Z,2026-09-20T23:45:09.228Z,97798,96737,1058,364,75,128192000
python-astra-standard,381,0,gpt-6-astra,ultra,settled,2026-09-20T23:45:06.074Z,2026-09-20T23:45:27.585Z,91526,88350,3173,703,238,163192500
python-astra-standard,382,2,gpt-6-astra,ultra,settled,2026-09-20T23:45:11.825Z,2026-09-20T23:45:28.629Z,98595,97795,797,726,358,144087500
python-astra-standard,383,1,gpt-6-astra,ultra,settled,2026-09-20T23:45:14.307Z,2026-09-20T23:45:37.356Z,120726,119986,0,794,614,167086000
python-astra-standard,384,0,gpt-6-astra,ultra,settled,2026-09-20T23:45:28.477Z,2026-09-20T23:45:34.730Z,91979,91523,0,142,0,103183000
python-astra-standard,385,2,gpt-6-astra,ultra,settled,2026-09-20T23:45:30.669Z,2026-09-20T23:45:51.187Z,99380,98592,785,690,503,142934500
python-astra-standard,386,0,gpt-6-astra,ultra,settled,2026-09-20T23:45:35.594Z,2026-09-20T23:45:45.068Z,92134,91523,0,260,126,110633000
python-astra-standard,387,1,gpt-6-astra,ultra,settled,2026-09-20T23:45:39.098Z,2026-09-20T23:46:06.676Z,121400,119986,0,1260,226,197126000
python-astra-standard,388,0,gpt-6-astra,ultra,settled,2026-09-20T23:45:45.963Z,2026-09-20T23:45:54.787Z,93036,91523,1510,256,136,123228000
python-astra-standard,389,3,gpt-6-astra,ultra,settled,2026-09-20T23:45:46.731Z,2026-09-20T23:46:16.846Z,88793,85934,2856,1503,516,196814000
python-astra-standard,390,2,gpt-6-astra,ultra,settled,2026-09-20T23:45:52.385Z,2026-09-20T23:46:11.490Z,100087,99377,0,616,516,137277000
python-astra-standard,391,0,gpt-6-astra,ultra,settled,2026-09-20T23:45:55.605Z,2026-09-20T23:46:00.892Z,93374,93033,0,131,0,102993000
python-astra-standard,392,0,gpt-6-astra,ultra,settled,2026-09-20T23:46:01.847Z,2026-09-20T23:46:40.071Z,93798,93033,762,1233,1034,164238000
python-astra-standard,393,1,gpt-6-astra,ultra,settled,2026-09-20T23:46:07.792Z,2026-09-20T23:46:15.484Z,123661,119986,3672,316,125,181716000
python-astra-standard,394,2,gpt-6-astra,ultra,settled,2026-09-20T23:46:12.353Z,2026-09-20T23:46:31.298Z,100982,99377,1602,706,516,154732000
python-astra-standard,395,1,gpt-6-astra,ultra,settled,2026-09-20T23:46:16.474Z,2026-09-20T23:46:23.856Z,131056,123658,7395,207,39,226475500
python-astra-standard,396,3,gpt-6-astra,ultra,settled,2026-09-20T23:46:18.851Z,2026-09-20T23:46:24.208Z,90356,88790,1563,167,0,116707500
python-astra-standard,397,3,gpt-6-astra,ultra,settled,2026-09-20T23:46:24.927Z,2026-09-20T23:46:41.335Z,90535,90353,0,508,382,117573000
python-astra-standard,398,1,gpt-6-astra,ultra,settled,2026-09-20T23:46:25.764Z,2026-09-20T23:46:51.453Z,142397,131053,11341,622,418,303945500
python-astra-standard,399,2,gpt-6-astra,ultra,settled,2026-09-20T23:46:32.756Z,2026-09-20T23:46:57.153Z,101703,100979,0,940,516,155219000
python-astra-standard,400,0,gpt-6-astra,ultra,settled,2026-09-20T23:46:40.849Z,2026-09-20T23:46:56.121Z,94702,93795,0,437,257,124715000
python-astra-standard,401,3,gpt-6-astra,ultra,settled,2026-09-20T23:46:42.633Z,2026-09-20T23:47:06.427Z,91916,90353,1560,934,128,156583000
python-astra-standard,402,1,gpt-6-astra,ultra,settled,2026-09-20T23:46:52.594Z,2026-09-20T23:48:19.095Z,149482,142394,7085,2948,2588,378386500
python-astra-standard,403,0,gpt-6-astra,ultra,settled,2026-09-20T23:46:57.949Z,2026-09-20T23:47:24.409Z,95156,93795,0,1031,516,158955000
python-astra-standard,404,2,gpt-6-astra,ultra,settled,2026-09-20T23:46:58.028Z,2026-09-20T23:47:21.315Z,102418,100979,0,633,516,147019000
python-astra-standard,405,3,gpt-6-astra,ultra,settled,2026-09-20T23:47:07.252Z,2026-09-20T23:47:11.995Z,92906,91913,990,159,0,112268000
python-astra-standard,406,3,gpt-6-astra,ultra,settled,2026-09-20T23:47:13.668Z,2026-09-20T23:47:28.237Z,93077,92903,0,512,214,120243000
python-astra-standard,407,2,gpt-6-astra,ultra,settled,2026-09-20T23:47:22.134Z,2026-09-20T23:48:08.110Z,103068,100979,0,1788,854,211269000
python-astra-standard,408,0,gpt-6-astra,ultra,settled,2026-09-20T23:47:25.723Z,2026-09-20T23:47:48.318Z,95976,93795,0,662,422,148705000
python-astra-standard,409,0,gpt-6-astra,ultra,settled,2026-09-20T23:47:49.215Z,2026-09-20T23:47:56.271Z,96735,93795,0,214,0,133895000
python-astra-standard,410,3,gpt-6-astra,ultra,settled,2026-09-20T23:47:57.196Z,2026-09-20T23:48:07.536Z,93819,92903,0,256,164,114863000
python-astra-standard,411,0,gpt-6-astra,ultra,settled,2026-09-20T23:47:57.723Z,2026-09-20T23:48:26.430Z,96963,93795,0,1217,110,186325000
python-astra-standard,412,3,gpt-6-astra,ultra,settled,2026-09-20T23:48:08.428Z,2026-09-20T23:48:15.374Z,94193,92903,1287,321,35,125070500
python-astra-standard,413,2,gpt-6-astra,ultra,settled,2026-09-20T23:48:10.966Z,2026-09-20T23:49:04.912Z,104995,100979,4013,1460,1367,224171500
python-astra-standard,414,3,gpt-6-astra,ultra,settled,2026-09-20T23:48:16.199Z,2026-09-20T23:48:24.772Z,94646,94190,453,335,190,116632500
python-astra-standard,415,1,gpt-6-astra,ultra,settled,2026-09-20T23:48:20.300Z,2026-09-20T23:49:24.321Z,154313,149479,4831,2324,1350,326096500
python-astra-standard,416,3,gpt-6-astra,ultra,settled,2026-09-20T23:48:25.861Z,2026-09-20T23:48:47.880Z,102199,94643,7553,637,516,220935500
python-astra-standard,417,0,gpt-6-astra,ultra,settled,2026-09-20T23:48:27.493Z,2026-09-20T23:49:41.893Z,98241,93795,4443,1960,1767,247362500
python-astra-standard,418,3,gpt-6-astra,ultra,settled,2026-09-20T23:48:48.736Z,2026-09-20T23:48:52.956Z,102916,102196,717,124,0,117388500
python-astra-standard,419,3,gpt-6-astra,ultra,settled,2026-09-20T23:48:54.035Z,2026-09-20T23:48:58.026Z,103052,102913,0,19,0,105253000
python-astra-standard,420,2,gpt-6-astra,ultra,settled,2026-09-20T23:49:05.920Z,2026-09-20T23:50:06.169Z,106597,104992,1602,2757,784,262897000
python-astra-standard,421,3,gpt-6-astra,ultra,settled,2026-09-20T23:49:18.941Z,2026-09-20T23:49:24.441Z,103094,102913,178,67,0,108518000
python-astra-standard,422,1,gpt-6-astra,ultra,settled,2026-09-20T23:49:25.219Z,2026-09-20T23:49:35.668Z,156700,154310,2387,313,119,199827500
python-astra-standard,423,3,gpt-6-astra,ultra,settled,2026-09-20T23:49:25.427Z,2026-09-20T23:49:33.386Z,103276,103091,182,187,60,114746000
python-astra-standard,424,3,gpt-6-astra,ultra,settled,2026-09-20T23:49:34.308Z,2026-09-20T23:50:15.077Z,103594,103273,318,1540,1034,184278000
python-astra-standard,425,1,gpt-6-astra,ultra,settled,2026-09-20T23:49:36.602Z,2026-09-20T23:49:44.500Z,157025,156697,0,130,13,166477000
python-astra-standard,426,0,gpt-6-astra,ultra,settled,2026-09-20T23:49:42.858Z,2026-09-20T23:50:06.287Z,99104,98238,0,707,440,142248000
python-astra-standard,427,0,gpt-6-astra,ultra,settled,2026-09-20T23:50:07.314Z,2026-09-20T23:50:16.828Z,99695,98238,0,240,0,124808000
python-astra-standard,428,2,gpt-6-astra,ultra,settled,2026-09-20T23:50:07.868Z,2026-09-20T23:51:51.842Z,109932,106594,3335,3866,2580,341611500
python-astra-standard,429,0,gpt-6-astra,ultra,settled,2026-09-20T23:50:17.670Z,2026-09-20T23:50:34.942Z,99948,98238,0,292,174,129938000
python-astra-standard,430,1,gpt-6-astra,ultra,settled,2026-09-20T23:50:17.726Z,2026-09-20T23:50:38.162Z,157409,156697,0,730,516,200317000
python-astra-standard,431,3,gpt-6-astra,ultra,settled,2026-09-20T23:50:18.567Z,2026-09-20T23:50:36.164Z,105173,103591,1579,330,242,139858500
python-astra-standard,432,0,gpt-6-astra,ultra,settled,2026-09-20T23:50:35.822Z,2026-09-20T23:50:41.874Z,100252,98238,0,144,63,125578000
python-astra-standard,433,3,gpt-6-astra,ultra,settled,2026-09-20T23:50:37.084Z,2026-09-20T23:50:43.007Z,106083,105170,910,227,48,127925000
python-astra-standard,434,1,gpt-6-astra,ultra,settled,2026-09-20T23:50:39.827Z,2026-09-20T23:50:51.799Z,158059,156697,0,317,93,186167000
python-astra-standard,435,0,gpt-6-astra,ultra,settled,2026-09-20T23:50:42.757Z,2026-09-20T23:51:20.693Z,100825,98238,2584,1162,516,188668000
python-astra-standard,436,3,gpt-6-astra,ultra,settled,2026-09-20T23:50:44.476Z,2026-09-20T23:51:00.232Z,106442,106080,359,320,299,126597500
python-astra-standard,437,1,gpt-6-astra,ultra,settled,2026-09-20T23:50:52.738Z,2026-09-20T23:51:24.876Z,160465,156697,3765,1324,482,269989500
python-astra-standard,438,3,gpt-6-astra,ultra,settled,2026-09-20T23:51:16.372Z,2026-09-20T23:51:23.631Z,106787,106439,345,138,0,117681500
python-astra-standard,439,0,gpt-6-astra,ultra,settled,2026-09-20T23:51:21.845Z,2026-09-20T23:52:01.051Z,102047,100822,1222,1279,1034,180077000
python-astra-standard,440,3,gpt-6-astra,ultra,settled,2026-09-20T23:51:24.503Z,2026-09-20T23:51:41.922Z,107312,106784,525,634,400,145076500
python-astra-standard,441,1,gpt-6-astra,ultra,settled,2026-09-20T23:51:26.908Z,2026-09-20T23:51:38.719Z,161851,160462,1386,178,42,186717000
python-astra-standard,442,1,gpt-6-astra,ultra,settled,2026-09-20T23:51:39.651Z,2026-09-20T23:51:49.021Z,162041,161848,0,352,0,181378000
python-astra-standard,443,3,gpt-6-astra,ultra,settled,2026-09-20T23:51:42.821Z,2026-09-20T23:51:46.195Z,108024,107309,712,58,11,119139000
python-astra-standard,444,3,gpt-6-astra,ultra,settled,2026-09-20T23:51:47.192Z,2026-09-20T23:51:50.907Z,108182,108021,158,77,0,113876000
python-astra-standard,445,3,gpt-6-astra,ultra,settled,2026-09-20T23:51:51.748Z,2026-09-20T23:52:03.212Z,108271,108179,0,275,254,122849000
python-astra-standard,446,1,gpt-6-astra,ultra,settled,2026-09-20T23:51:52.258Z,2026-09-20T23:52:18.343Z,162518,161848,667,1125,173,226465500
python-astra-standard,447,2,gpt-6-astra,ultra,settled,2026-09-20T23:51:55.072Z,2026-09-20T23:52:30.171Z,114913,109929,4981,1099,914,227171500
python-astra-standard,448,0,gpt-6-astra,ultra,settled,2026-09-20T23:52:02.071Z,2026-09-20T23:52:39.870Z,102802,102044,0,1308,1034,175024000
python-astra-standard,449,1,gpt-6-astra,ultra,settled,2026-09-20T23:52:19.301Z,2026-09-20T23:52:35.117Z,164354,162515,1836,399,292,205445000
python-astra-standard,450,2,gpt-6-astra,ultra,settled,2026-09-20T23:52:31.287Z,2026-09-20T23:53:02.717Z,116393,114910,1480,1176,835,192240000
python-astra-standard,451,1,gpt-6-astra,ultra,settled,2026-09-20T23:52:36.114Z,2026-09-20T23:52:47.528Z,164963,164351,609,296,167,186793500
python-astra-standard,452,0,gpt-6-astra,ultra,settled,2026-09-20T23:52:41.836Z,2026-09-20T23:53:05.794Z,105271,102044,3224,956,75,190174000
python-astra-standard,453,3,gpt-6-astra,ultra,settled,2026-09-20T23:52:49.107Z,2026-09-20T23:52:52.890Z,108569,108179,387,54,0,115746500
python-astra-standard,454,3,gpt-6-astra,ultra,settled,2026-09-20T23:52:54.416Z,2026-09-20T23:52:58.703Z,108947,108566,378,175,0,122071000
python-astra-standard,455,1,gpt-6-astra,ultra,settled,2026-09-20T23:52:58.863Z,2026-09-20T23:53:21.536Z,165609,164960,646,646,502,205365000
python-astra-standard,456,3,gpt-6-astra,ultra,settled,2026-09-20T23:52:59.788Z,2026-09-20T23:53:19.637Z,109256,108944,309,503,368,137986500
python-astra-standard,457,2,gpt-6-astra,ultra,settled,2026-09-20T23:53:04.775Z,2026-09-20T23:53:13.030Z,117635,116390,1242,167,0,140295000
python-astra-standard,458,0,gpt-6-astra,ultra,settled,2026-09-20T23:53:07.835Z,2026-09-20T23:53:21.725Z,106283,105268,1012,378,301,136848000
python-astra-standard,459,2,gpt-6-astra,ultra,settled,2026-09-20T23:53:13.949Z,2026-09-20T23:54:07.020Z,117814,117632,0,2035,876,221202000
python-astra-standard,460,3,gpt-6-astra,ultra,settled,2026-09-20T23:53:21.109Z,2026-09-20T23:53:28.522Z,110780,109253,1524,310,178,143833000
python-astra-standard,461,1,gpt-6-astra,ultra,settled,2026-09-20T23:53:22.397Z,2026-09-20T23:53:39.391Z,166270,165606,0,467,355,195596000
python-astra-standard,462,0,gpt-6-astra,ultra,settled,2026-09-20T23:53:22.997Z,2026-09-20T23:53:37.518Z,106923,106280,0,444,330,134910000
python-astra-standard,463,3,gpt-6-astra,ultra,settled,2026-09-20T23:53:29.358Z,2026-09-20T23:53:50.152Z,111103,110777,0,353,325,131687000
python-astra-standard,464,0,gpt-6-astra,ultra,settled,2026-09-20T23:53:38.423Z,2026-09-20T23:53:46.911Z,107403,106280,0,209,133,127960000
python-astra-standard,465,1,gpt-6-astra,ultra,settled,2026-09-20T23:53:41.318Z,2026-09-20T23:54:21.640Z,167123,165606,1514,1117,991,240411000
python-astra-standard,466,0,gpt-6-astra,ultra,settled,2026-09-20T23:53:48.003Z,2026-09-20T23:54:06.578Z,108008,106280,1725,528,447,154272500
python-astra-standard,467,3,gpt-6-astra,ultra,settled,2026-09-20T23:53:51.048Z,2026-09-20T23:53:55.030Z,111494,110777,714,87,29,124082000
python-astra-standard,468,3,gpt-6-astra,ultra,settled,2026-09-20T23:53:55.879Z,2026-09-20T23:54:02.365Z,111788,111491,294,158,129,123096000
python-astra-standard,469,3,gpt-6-astra,ultra,settled,2026-09-20T23:54:04.415Z,2026-09-20T23:54:43.650Z,111976,111785,188,1541,1034,191215000
python-astra-standard,470,0,gpt-6-astra,ultra,settled,2026-09-20T23:54:07.693Z,2026-09-20T23:54:11.039Z,108772,108005,764,60,0,120585000
python-astra-standard,471,2,gpt-6-astra,ultra,settled,2026-09-20T23:54:08.152Z,2026-09-20T23:54:30.431Z,120102,117632,2467,910,376,193999500
python-astra-standard,472,0,gpt-6-astra,ultra,settled,2026-09-20T23:54:12.189Z,2026-09-20T23:54:15.573Z,109365,108769,593,127,0,122561500
python-astra-standard,473,0,gpt-6-astra,ultra,settled,2026-09-20T23:54:18.351Z,2026-09-20T23:54:44.112Z,109550,109362,185,350,233,129204500
python-astra-standard,474,1,gpt-6-astra,ultra,settled,2026-09-20T23:54:22.581Z,2026-09-20T23:54:35.539Z,168256,167120,0,424,96,199680000
python-astra-standard,475,2,gpt-6-astra,ultra,settled,2026-09-20T23:54:36.956Z,2026-09-20T23:54:50.220Z,121115,120099,1013,397,284,152641500
python-astra-standard,476,1,gpt-6-astra,ultra,settled,2026-09-20T23:54:37.753Z,2026-09-20T23:55:04.168Z,169219,167120,2096,181,66,202400000
python-astra-standard,477,0,gpt-6-astra,ultra,settled,2026-09-20T23:54:45.178Z,2026-09-20T23:54:54.865Z,109920,109547,0,245,144,125527000
python-astra-standard,478,3,gpt-6-astra,ultra,settled,2026-09-20T23:54:45.612Z,2026-09-20T23:54:49.780Z,113544,111973,1568,103,58,136753000
python-astra-standard,479,3,gpt-6-astra,ultra,settled,2026-09-20T23:54:51.242Z,2026-09-20T23:55:02.355Z,114174,113541,630,396,219,141246000
python-astra-standard,480,2,gpt-6-astra,ultra,settled,2026-09-20T23:54:51.269Z,2026-09-20T23:55:13.317Z,121749,121112,634,649,469,161517000
python-astra-standard,481,0,gpt-6-astra,ultra,settled,2026-09-20T23:54:56.159Z,2026-09-20T23:55:02.969Z,110177,109547,0,130,0,122347000
python-astra-standard,482,3,gpt-6-astra,ultra,settled,2026-09-20T23:55:03.291Z,2026-09-20T23:55:10.358Z,114705,114171,531,188,167,130238500
python-astra-standard,483,0,gpt-6-astra,ultra,settled,2026-09-20T23:55:04.523Z,2026-09-20T23:55:07.347Z,110319,109547,0,80,13,121267000
python-astra-standard,484,1,gpt-6-astra,ultra,settled,2026-09-20T23:55:05.489Z,2026-09-20T23:55:11.891Z,169398,169216,0,172,63,179636000
python-astra-standard,485,0,gpt-6-astra,ultra,settled,2026-09-20T23:55:08.432Z,2026-09-20T23:55:41.995Z,110691,109547,1141,1286,516,188139500
python-astra-standard,486,1,gpt-6-astra,ultra,settled,2026-09-20T23:55:13.895Z,2026-09-20T23:55:55.200Z,169582,169216,0,1274,1034,236576000
python-astra-standard,487,2,gpt-6-astra,ultra,settled,2026-09-20T23:55:14.433Z,2026-09-20T23:56:08.696Z,122367,121746,0,1119,1020,183906000
python-astra-standard,488,0,gpt-6-astra,ultra,settled,2026-09-20T23:55:43.219Z,2026-09-20T23:56:10.723Z,111333,110688,0,1130,392,173638000
python-astra-standard,489,1,gpt-6-astra,ultra,settled,2026-09-20T23:55:56.284Z,2026-09-20T23:56:16.162Z,171272,169216,2053,539,396,221858500
python-astra-standard,490,3,gpt-6-astra,ultra,settled,2026-09-20T23:56:01.234Z,2026-09-20T23:56:07.608Z,114917,114702,212,74,0,121082000
python-astra-standard,491,3,gpt-6-astra,ultra,settled,2026-09-20T23:56:08.666Z,2026-09-20T23:56:16.527Z,115387,114914,470,166,0,129119000
python-astra-standard,492,2,gpt-6-astra,ultra,settled,2026-09-20T23:56:09.724Z,2026-09-20T23:57:04.711Z,123549,121746,1800,2093,516,248926000
python-astra-standard,493,0,gpt-6-astra,ultra,settled,2026-09-20T23:56:13.276Z,2026-09-20T23:56:38.192Z,112524,110688,1833,610,516,164130500
python-astra-standard,494,1,gpt-6-astra,ultra,settled,2026-09-20T23:56:17.177Z,2026-09-20T23:56:33.709Z,172195,171269,923,559,407,210786500
python-astra-standard,495,3,gpt-6-astra,ultra,settled,2026-09-20T23:56:17.952Z,2026-09-20T23:56:53.570Z,115687,115384,300,1514,885,194864000
python-astra-standard,496,1,gpt-6-astra,ultra,settled,2026-09-20T23:56:34.839Z,2026-09-20T23:57:30.822Z,172766,172192,0,1562,516,256032000
python-astra-standard,497,0,gpt-6-astra,ultra,settled,2026-09-20T23:56:39.251Z,2026-09-20T23:57:20.128Z,113206,112521,0,1310,1034,184871000
python-astra-standard,498,3,gpt-6-astra,ultra,settled,2026-09-20T23:56:55.658Z,2026-09-20T23:57:12.687Z,117372,115684,1685,552,516,164376500
python-astra-standard,499,2,gpt-6-astra,ultra,settled,2026-09-20T23:57:05.660Z,2026-09-20T23:57:15.090Z,125983,123546,2434,342,145,171101000
python-astra-standard,500,3,gpt-6-astra,ultra,settled,2026-09-20T23:57:13.795Z,2026-09-20T23:57:30.902Z,117949,117369,577,336,256,141411500
python-astra-standard,501,2,gpt-6-astra,ultra,settled,2026-09-20T23:57:15.924Z,2026-09-20T23:57:26.787Z,126339,125980,0,224,0,140770000
python-astra-standard,502,0,gpt-6-astra,ultra,settled,2026-09-20T23:57:21.198Z,2026-09-20T23:57:30.490Z,113934,112521,0,111,27,132201000
python-astra-standard,503,0,gpt-6-astra,ultra,settled,2026-09-20T23:57:31.724Z,2026-09-20T23:57:54.345Z,114222,112521,0,718,516,165431000
python-astra-standard,504,3,gpt-6-astra,ultra,settled,2026-09-20T23:57:32.145Z,2026-09-20T23:57:39.972Z,119102,117946,1153,184,81,141588500
python-astra-standard,505,1,gpt-6-astra,ultra,settled,2026-09-20T23:57:32.589Z,2026-09-20T23:58:00.121Z,174391,172192,2196,275,146,213422000
python-astra-standard,506,3,gpt-6-astra,ultra,settled,2026-09-20T23:57:41.182Z,2026-09-20T23:57:58.299Z,119297,119099,0,429,408,142529000
python-astra-standard,507,0,gpt-6-astra,ultra,settled,2026-09-20T23:57:55.268Z,2026-09-20T23:58:00.213Z,114864,112521,0,170,0,144451000
python-astra-standard,508,0,gpt-6-astra,ultra,settled,2026-09-20T23:58:01.127Z,2026-09-20T23:58:06.970Z,115206,112521,0,111,27,144921000
python-astra-standard,509,3,gpt-6-astra,ultra,settled,2026-09-20T23:58:01.355Z,2026-09-20T23:58:13.658Z,119941,119099,656,365,249,147409000
python-astra-standard,510,0,gpt-6-astra,ultra,settled,2026-09-20T23:58:08.121Z,2026-09-20T23:58:32.972Z,116231,112521,3707,768,653,197288500
python-astra-standard,511,3,gpt-6-astra,ultra,settled,2026-09-20T23:58:14.565Z,2026-09-20T23:58:22.701Z,120318,119755,0,352,0,142985000
python-astra-standard,512,3,gpt-6-astra,ultra,settled,2026-09-20T23:58:23.701Z,2026-09-20T23:58:47.182Z,120838,119755,1080,537,516,160135000
python-astra-standard,513,0,gpt-6-astra,ultra,settled,2026-09-20T23:58:34.349Z,2026-09-20T23:58:53.812Z,116882,116228,0,616,516,153568000
python-astra-standard,514,3,gpt-6-astra,ultra,settled,2026-09-20T23:58:54.926Z,2026-09-20T23:59:27.025Z,121514,120835,565,535,446,155787500
python-astra-standard,515,0,gpt-6-astra,ultra,settled,2026-09-20T23:58:55.316Z,2026-09-20T23:59:36.568Z,117514,116228,0,994,516,178788000
python-astra-standard,516,3,gpt-6-astra,ultra,settled,2026-09-20T23:59:28.295Z,2026-09-20T23:59:32.200Z,122066,121400,0,76,0,131860000
python-astra-standard,517,3,gpt-6-astra,ultra,settled,2026-09-20T23:59:33.236Z,2026-09-20T23:59:42.355Z,122496,121400,1093,299,48,150042500
python-astra-standard,518,0,gpt-6-astra,ultra,settled,2026-09-20T23:59:37.597Z,2026-09-21T00:00:08.727Z,118135,116228,0,983,516,184448000
python-astra-standard,519,3,gpt-6-astra,ultra,settled,2026-09-20T23:59:44.240Z,2026-09-21T00:00:10.413Z,122963,122493,467,615,594,159110500
python-astra-standard,520,0,gpt-6-astra,ultra,settled,2026-09-21T00:00:10.310Z,2026-09-21T00:00:16.718Z,119180,116228,2949,171,87,161670500
python-astra-standard,521,3,gpt-6-astra,ultra,settled,2026-09-21T00:01:01.849Z,2026-09-21T00:01:05.238Z,123604,122960,641,79,0,134952500
python-astra-standard,522,3,gpt-6-astra,ultra,settled,2026-09-21T00:01:06.169Z,2026-09-21T00:01:20.135Z,124091,123601,487,313,88,145368500
python-astra-standard,523,0,gpt-6-astra,ultra,settled,2026-09-21T00:01:18.059Z,2026-09-21T00:01:22.593Z,119378,119177,198,147,80,129032000
python-astra-standard,524,3,gpt-6-astra,ultra,settled,2026-09-21T00:01:21.928Z,2026-09-21T00:01:26.918Z,124571,124088,480,66,11,133418000
python-astra-standard,525,0,gpt-6-astra,ultra,settled,2026-09-21T00:01:24.584Z,2026-09-21T00:01:49.842Z,119851,119375,473,576,516,154117500
python-astra-standard,526,3,gpt-6-astra,ultra,settled,2026-09-21T00:02:22.860Z,2026-09-21T00:02:28.982Z,124662,124568,91,53,0,128385500
python-astra-standard,527,3,gpt-6-astra,ultra,settled,2026-09-21T00:02:30.046Z,2026-09-21T00:02:40.119Z,125039,124659,377,220,0,140401500
python-astra-standard,528,3,gpt-6-astra,ultra,settled,2026-09-21T00:02:41.320Z,2026-09-21T00:02:47.340Z,125426,125036,387,168,66,138303500
python-astra-standard,529,0,gpt-6-astra,ultra,settled,2026-09-21T00:02:48.375Z,2026-09-21T00:04:03.388Z,120570,119848,605,2199,1969,238530500
python-astra-standard,530,3,gpt-6-astra,ultra,settled,2026-09-21T00:02:49.345Z,2026-09-21T00:02:52.838Z,125606,125423,0,19,0,128203000
python-astra-standard,531,3,gpt-6-astra,ultra,settled,2026-09-21T00:03:43.737Z,2026-09-21T00:03:56.965Z,125648,125423,222,78,0,132128000
python-astra-standard,532,3,gpt-6-astra,ultra,settled,2026-09-21T00:03:58.065Z,2026-09-21T00:04:11.104Z,126135,125645,487,332,71,148362500
python-astra-standard,533,2,gpt-6-astra,ultra,settled,2026-09-21T00:04:04.400Z,2026-09-21T00:04:13.242Z,126807,125980,0,294,60,148950000
python-astra-standard,534,0,gpt-6-astra,ultra,settled,2026-09-21T00:04:04.492Z,2026-09-21T00:04:42.145Z,122786,120453,0,1109,1034,199233000
python-astra-standard,535,3,gpt-6-astra,ultra,settled,2026-09-21T00:04:14.480Z,2026-09-21T00:04:33.263Z,126631,126132,496,537,516,159212000
python-astra-standard,536,2,gpt-6-astra,ultra,settled,2026-09-21T00:04:14.510Z,2026-09-21T00:04:20.050Z,129515,125980,3532,167,72,178510000
python-astra-standard,537,2,gpt-6-astra,ultra,settled,2026-09-21T00:04:21.128Z,2026-09-21T00:05:51.271Z,132269,129512,2754,3599,2171,343917000
python-astra-standard,538,3,gpt-6-astra,ultra,settled,2026-09-21T00:05:25.079Z,2026-09-21T00:05:28.581Z,127197,126628,566,50,0,136233000
python-astra-standard,539,3,gpt-6-astra,ultra,settled,2026-09-21T00:05:29.773Z,2026-09-21T00:05:49.892Z,127570,127194,373,593,372,161536500
python-astra-standard,540,0,gpt-6-astra,ultra,settled,2026-09-21T00:05:43.219Z,2026-09-21T00:05:47.936Z,123925,120453,3469,110,34,169345500
python-astra-standard,541,0,gpt-6-astra,ultra,settled,2026-09-21T00:05:49.022Z,2026-09-21T00:06:18.039Z,124379,123922,454,878,802,173527000
python-astra-standard,542,3,gpt-6-astra,ultra,settled,2026-09-21T00:05:52.061Z,2026-09-21T00:05:55.548Z,128332,127567,762,42,0,139222000
python-astra-standard,543,2,gpt-6-astra,ultra,settled,2026-09-21T00:05:53.388Z,2026-09-21T00:06:35.924Z,135931,132266,3662,1670,877,261571000
python-astra-standard,544,2,gpt-6-astra,ultra,settled,2026-09-21T00:06:38.007Z,2026-09-21T00:06:43.780Z,137704,135928,1773,196,30,167920500
python-astra-standard,545,2,gpt-6-astra,ultra,settled,2026-09-21T00:06:46.144Z,2026-09-21T00:06:52.428Z,137991,137701,287,167,21,149668500
python-astra-standard,546,3,gpt-6-astra,ultra,settled,2026-09-21T00:06:46.530Z,2026-09-21T00:06:50.019Z,128397,128329,65,77,0,133021500
python-astra-standard,547,3,gpt-6-astra,ultra,settled,2026-09-21T00:06:51.628Z,2026-09-21T00:06:56.561Z,128882,128394,485,222,0,145586500
python-astra-standard,548,0,gpt-6-astra,ultra,settled,2026-09-21T00:06:53.516Z,2026-09-21T00:07:38.905Z,125443,124376,906,1343,1270,204461000
python-astra-standard,549,2,gpt-6-astra,ultra,settled,2026-09-21T00:06:53.550Z,2026-09-21T00:07:09.725Z,138170,137988,0,486,365,164108000
python-astra-standard,550,3,gpt-6-astra,ultra,settled,2026-09-21T00:06:58.633Z,2026-09-21T00:07:19.646Z,129270,128879,388,537,516,160609000
python-astra-standard,551,2,gpt-6-astra,ultra,settled,2026-09-21T00:07:10.688Z,2026-09-21T00:07:31.479Z,139060,137988,1069,653,516,184030500
python-astra-standard,552,2,gpt-6-astra,ultra,settled,2026-09-21T00:07:33.679Z,2026-09-21T00:07:48.346Z,139770,139057,710,390,320,167462000
python-astra-standard,553,0,gpt-6-astra,ultra,settled,2026-09-21T00:07:40.599Z,2026-09-21T00:07:49.326Z,127129,125282,1844,231,155,159912000
python-astra-standard,554,2,gpt-6-astra,ultra,settled,2026-09-21T00:07:49.267Z,2026-09-21T00:08:34.273Z,140533,139767,763,1916,740,245134500
python-astra-standard,555,3,gpt-6-astra,ultra,settled,2026-09-21T00:08:10.624Z,2026-09-21T00:08:17.020Z,129834,129267,564,53,0,138997000
python-astra-standard,556,3,gpt-6-astra,ultra,settled,2026-09-21T00:08:18.357Z,2026-09-21T00:08:25.108Z,130212,129831,378,251,0,147136000
python-astra-standard,557,3,gpt-6-astra,ultra,settled,2026-09-21T00:08:26.366Z,2026-09-21T00:08:43.775Z,130633,130209,421,537,516,162351500
python-astra-standard,558,2,gpt-6-astra,ultra,settled,2026-09-21T00:08:35.260Z,2026-09-21T00:08:42.164Z,142655,140530,2122,160,0,175085000
python-astra-standard,559,0,gpt-6-astra,ultra,settled,2026-09-21T00:08:43.464Z,2026-09-21T00:09:07.350Z,127561,127126,258,783,516,171271000
python-astra-standard,560,2,gpt-6-astra,ultra,settled,2026-09-21T00:08:43.828Z,2026-09-21T00:08:49.958Z,142827,142652,0,127,0,150752000
python-astra-standard,561,0,gpt-6-astra,ultra,settled,2026-09-21T00:09:09.305Z,2026-09-21T00:09:50.708Z,128250,127384,0,1734,328,222744000
python-astra-standard,562,3,gpt-6-astra,ultra,settled,2026-09-21T00:09:34.764Z,2026-09-21T00:09:38.328Z,131196,130630,563,80,0,141697500
python-astra-standard,563,3,gpt-6-astra,ultra,settled,2026-09-21T00:09:39.620Z,2026-09-21T00:09:44.829Z,131690,131193,494,228,0,148798000
python-astra-standard,564,3,gpt-6-astra,ultra,settled,2026-09-21T00:09:45.976Z,2026-09-21T00:10:19.126Z,132084,131687,394,933,880,183292000
python-astra-standard,565,0,gpt-6-astra,ultra,settled,2026-09-21T00:09:52.062Z,2026-09-21T00:09:58.083Z,130042,127384,2655,134,61,167301500
python-astra-standard,566,0,gpt-6-astra,ultra,settled,2026-09-21T00:10:59.705Z,2026-09-21T00:11:24.126Z,130203,130039,161,100,33,137081500
python-astra-standard,567,3,gpt-6-astra,ultra,settled,2026-09-21T00:11:10.097Z,2026-09-21T00:11:23.900Z,133048,132081,964,53,0,146811000
python-astra-standard,568,3,gpt-6-astra,ultra,settled,2026-09-21T00:11:24.998Z,2026-09-21T00:11:29.554Z,133427,133045,379,221,0,148862500
python-astra-standard,569,0,gpt-6-astra,ultra,settled,2026-09-21T00:11:25.342Z,2026-09-21T00:12:04.730Z,130571,130200,368,1223,1034,195980000
python-astra-standard,570,3,gpt-6-astra,ultra,settled,2026-09-21T00:11:30.805Z,2026-09-21T00:11:48.924Z,133815,133424,388,537,516,165154000
python-astra-standard,571,3,gpt-6-astra,ultra,settled,2026-09-21T00:12:05.715Z,2026-09-21T00:12:26.075Z,134583,133812,568,395,340,162692000
python-astra-standard,572,0,gpt-6-astra,ultra,settled,2026-09-21T00:12:06.024Z,2026-09-21T00:12:27.609Z,131817,130568,0,396,328,162858000
python-astra-standard,573,3,gpt-6-astra,ultra,settled,2026-09-21T00:12:27.757Z,2026-09-21T00:12:41.661Z,135301,134380,918,632,0,177485000
python-astra-standard,574,3,gpt-6-astra,ultra,settled,2026-09-21T00:12:43.074Z,2026-09-21T00:12:51.557Z,136106,135298,805,200,0,155390500
python-astra-standard,575,3,gpt-6-astra,ultra,settled,2026-09-21T00:12:52.705Z,2026-09-21T00:13:44.148Z,136318,136103,0,577,516,167103000
python-astra-standard,576,0,gpt-6-astra,ultra,settled,2026-09-21T00:12:52.736Z,2026-09-21T00:14:15.984Z,132452,130568,1667,1622,1552,234675500
python-astra-standard,577,3,gpt-6-astra,ultra,settled,2026-09-21T00:14:35.840Z,2026-09-21T00:14:40.483Z,136924,136103,818,83,0,150508000
python-astra-standard,578,3,gpt-6-astra,ultra,settled,2026-09-21T00:14:41.529Z,2026-09-21T00:14:54.077Z,137423,136921,499,539,117,170138500
python-astra-standard,579,3,gpt-6-astra,ultra,settled,2026-09-21T00:14:56.120Z,2026-09-21T00:15:15.082Z,138128,137420,705,510,489,171762500
python-astra-standard,580,0,gpt-6-astra,ultra,settled,2026-09-21T00:15:17.162Z,2026-09-21T00:15:42.460Z,134111,132235,1873,101,25,160727500
python-astra-standard,581,0,gpt-6-astra,ultra,settled,2026-09-21T00:15:43.580Z,2026-09-21T00:15:55.783Z,134549,134108,438,198,97,149513000
python-astra-standard,582,0,gpt-6-astra,ultra,settled,2026-09-21T00:15:57.178Z,2026-09-21T00:16:24.800Z,135227,134546,678,656,483,175851000
python-astra-standard,583,3,gpt-6-astra,ultra,settled,2026-09-21T00:16:06.486Z,2026-09-21T00:16:09.406Z,138664,138125,536,52,0,147455000
python-astra-standard,584,3,gpt-6-astra,ultra,settled,2026-09-21T00:16:10.578Z,2026-09-21T00:16:16.834Z,139041,138661,377,245,0,155653500
python-astra-standard,585,3,gpt-6-astra,ultra,settled,2026-09-21T00:16:18.039Z,2026-09-21T00:16:43.643Z,139454,139038,413,537,516,171080500
python-astra-standard,586,0,gpt-6-astra,ultra,settled,2026-09-21T00:16:25.830Z,2026-09-21T00:17:24.380Z,135900,135224,0,1750,1512,229484000
python-astra-standard,587,3,gpt-6-astra,ultra,settled,2026-09-21T00:16:44.826Z,2026-09-21T00:16:56.512Z,140112,139451,0,355,277,163811000
python-astra-standard,588,3,gpt-6-astra,ultra,settled,2026-09-21T00:16:57.778Z,2026-09-21T00:17:03.070Z,140485,139451,0,128,0,156191000
python-astra-standard,589,3,gpt-6-astra,ultra,settled,2026-09-21T00:17:04.124Z,2026-09-21T00:17:50.489Z,141390,139451,1936,903,516,208831000
python-astra-standard,590,0,gpt-6-astra,ultra,settled,2026-09-21T00:17:25.611Z,2026-09-21T00:18:21.602Z,136513,135224,0,1560,1420,226114000
python-astra-standard,591,3,gpt-6-astra,ultra,settled,2026-09-21T00:17:52.022Z,2026-09-21T00:18:13.677Z,142462,141387,1072,537,516,181667000
python-astra-standard,592,0,gpt-6-astra,ultra,settled,2026-09-21T00:18:23.508Z,2026-09-21T00:18:40.144Z,138190,135224,2963,631,516,203841500
python-astra-standard,593,0,gpt-6-astra,ultra,settled,2026-09-21T00:18:42.645Z,2026-09-21T00:19:37.003Z,138878,138187,688,2474,1034,270517000
python-astra-standard,594,3,gpt-6-astra,ultra,settled,2026-09-21T00:19:04.874Z,2026-09-21T00:19:08.938Z,143023,142459,561,53,0,152151500
python-astra-standard,595,3,gpt-6-astra,ultra,settled,2026-09-21T00:19:09.982Z,2026-09-21T00:19:16.660Z,143399,143020,376,219,0,158700000
python-astra-standard,596,3,gpt-6-astra,ultra,settled,2026-09-21T00:19:18.958Z,2026-09-21T00:19:42.102Z,143784,143396,385,723,671,184388500
python-astra-standard,597,0,gpt-6-astra,ultra,settled,2026-09-21T00:19:38.553Z,2026-09-21T00:20:14.058Z,141566,138875,2688,384,320,191705000
python-astra-standard,598,0,gpt-6-astra,ultra,settled,2026-09-21T00:20:16.372Z,2026-09-21T00:20:21.586Z,142010,141563,444,127,64,153493000
python-astra-standard,599,0,gpt-6-astra,ultra,settled,2026-09-21T00:20:22.910Z,2026-09-21T00:20:28.015Z,142232,142007,222,87,0,149162000
python-astra-standard,600,0,gpt-6-astra,ultra,settled,2026-09-21T00:20:29.561Z,2026-09-21T00:21:00.698Z,145291,142229,3059,1109,736,235946500
python-astra-standard,601,3,gpt-6-astra,ultra,settled,2026-09-21T00:20:33.803Z,2026-09-21T00:20:40.551Z,144539,143781,755,324,0,169448500
python-astra-standard,602,3,gpt-6-astra,ultra,settled,2026-09-21T00:20:42.027Z,2026-09-21T00:21:08.328Z,145039,144536,500,537,516,177666000
python-astra-standard,603,0,gpt-6-astra,ultra,settled,2026-09-21T00:21:03.046Z,2026-09-21T00:22:13.134Z,146504,145288,1213,1663,1489,243630500
python-astra-standard,604,3,gpt-6-astra,ultra,settled,2026-09-21T00:21:59.763Z,2026-09-21T00:22:12.202Z,145602,145036,563,349,0,169553500
python-astra-standard,605,3,gpt-6-astra,ultra,settled,2026-09-21T00:22:13.676Z,2026-09-21T00:22:46.242Z,146215,145599,613,1055,1034,206041500
python-astra-standard,606,2,gpt-6-astra,ultra,settled,2026-09-21T00:22:14.223Z,2026-09-21T00:22:38.046Z,143140,142652,0,712,516,183132000
python-astra-standard,607,0,gpt-6-astra,ultra,settled,2026-09-21T00:22:14.429Z,2026-09-21T00:22:23.326Z,148193,146501,0,222,148,174521000
python-astra-standard,608,2,gpt-6-astra,ultra,settled,2026-09-21T00:22:39.127Z,2026-09-21T00:23:11.648Z,144072,142652,1417,1177,783,219244500
python-astra-standard,609,2,gpt-6-astra,ultra,settled,2026-09-21T00:23:13.903Z,2026-09-21T00:23:41.971Z,145312,144069,1240,710,516,195099000
python-astra-standard,610,0,gpt-6-astra,ultra,settled,2026-09-21T00:23:24.981Z,2026-09-21T00:24:50.739Z,148443,146501,1939,2086,2024,275068500
python-astra-standard,611,3,gpt-6-astra,ultra,settled,2026-09-21T00:23:37.346Z,2026-09-21T00:23:45.159Z,147302,146212,1087,325,0,176079500
python-astra-standard,612,2,gpt-6-astra,ultra,settled,2026-09-21T00:23:44.264Z,2026-09-21T00:23:50.098Z,146112,145309,800,184,50,164539000
python-astra-standard,613,3,gpt-6-astra,ultra,settled,2026-09-21T00:23:46.663Z,2026-09-21T00:23:57.913Z,147805,147299,503,281,237,167666500
python-astra-standard,614,2,gpt-6-astra,ultra,settled,2026-09-21T00:23:51.049Z,2026-09-21T00:24:05.482Z,146309,146109,0,312,233,163709000
python-astra-standard,615,2,gpt-6-astra,ultra,settled,2026-09-21T00:24:07.166Z,2026-09-21T00:24:26.978Z,147981,146109,1869,681,516,203551500
python-astra-standard,616,2,gpt-6-astra,ultra,settled,2026-09-21T00:24:30.129Z,2026-09-21T00:24:53.084Z,148723,147978,742,731,516,193833000
python-astra-standard,617,3,gpt-6-astra,ultra,settled,2026-09-21T00:24:50.705Z,2026-09-21T00:24:57.762Z,148113,147802,308,332,0,168282000
python-astra-standard,618,0,gpt-6-astra,ultra,settled,2026-09-21T00:24:52.160Z,2026-09-21T00:26:05.060Z,149109,148440,0,1293,1228,219780000
python-astra-standard,619,2,gpt-6-astra,ultra,settled,2026-09-21T00:24:54.160Z,2026-09-21T00:25:04.601Z,150299,148720,1576,308,187,183850000
python-astra-standard,620,3,gpt-6-astra,ultra,settled,2026-09-21T00:24:59.145Z,2026-09-21T00:25:04.203Z,148711,148110,598,19,0,156565000
python-astra-standard,621,2,gpt-6-astra,ultra,settled,2026-09-21T00:25:05.679Z,2026-09-21T00:25:11.710Z,150622,150296,0,151,0,161106000
python-astra-standard,622,2,gpt-6-astra,ultra,settled,2026-09-21T00:25:14.001Z,2026-09-21T00:25:39.072Z,150830,150296,531,781,516,196013500
python-astra-standard,623,2,gpt-6-astra,ultra,settled,2026-09-21T00:25:41.229Z,2026-09-21T00:26:20.217Z,151706,150827,876,1005,901,212057000
python-astra-standard,624,3,gpt-6-astra,ultra,settled,2026-09-21T00:25:55.554Z,2026-09-21T00:26:01.971Z,148753,148708,42,308,0,164663000
python-astra-standard,625,3,gpt-6-astra,ultra,settled,2026-09-21T00:26:03.470Z,2026-09-21T00:26:10.613Z,149236,148750,483,89,39,159267500
python-astra-standard,626,0,gpt-6-astra,ultra,settled,2026-09-21T00:26:06.698Z,2026-09-21T00:27:21.264Z,149763,148440,0,1783,1719,250820000
python-astra-standard,627,2,gpt-6-astra,ultra,settled,2026-09-21T00:26:21.362Z,2026-09-21T00:27:15.560Z,153424,151703,1718,2440,971,295208000
python-astra-standard,628,3,gpt-6-astra,ultra,settled,2026-09-21T00:27:01.854Z,2026-09-21T00:27:09.940Z,149348,149233,112,337,0,167513000
python-astra-standard,629,3,gpt-6-astra,ultra,settled,2026-09-21T00:27:12.482Z,2026-09-21T00:27:22.836Z,149701,149345,353,181,103,162837500
python-astra-standard,630,2,gpt-6-astra,ultra,settled,2026-09-21T00:27:16.789Z,2026-09-21T00:27:22.420Z,156152,153421,2728,179,0,196501000
python-astra-standard,631,2,gpt-6-astra,ultra,settled,2026-09-21T00:27:23.396Z,2026-09-21T00:27:28.962Z,156343,156149,0,117,0,163939000
python-astra-standard,632,0,gpt-6-astra,ultra,settled,2026-09-21T00:27:24.667Z,2026-09-21T00:28:02.435Z,151777,148440,3141,1187,1107,249012500
python-astra-standard,633,3,gpt-6-astra,ultra,settled,2026-09-21T00:27:25.823Z,2026-09-21T00:27:45.353Z,150524,149698,823,609,516,190465500
python-astra-standard,634,3,gpt-6-astra,ultra,settled,2026-09-21T00:27:47.831Z,2026-09-21T00:27:50.662Z,151149,150521,0,19,0,157751000
python-astra-standard,635,0,gpt-6-astra,ultra,settled,2026-09-21T00:28:03.969Z,2026-09-21T00:28:15.237Z,152554,151581,0,297,229,176161000
python-astra-standard,636,3,gpt-6-astra,ultra,settled,2026-09-21T00:28:41.730Z,2026-09-21T00:28:49.052Z,151191,150521,667,307,0,174238500
python-astra-standard,637,3,gpt-6-astra,ultra,settled,2026-09-21T00:28:51.311Z,2026-09-21T00:29:16.048Z,151671,151188,480,623,574,188368000
python-astra-standard,638,0,gpt-6-astra,ultra,settled,2026-09-21T00:29:16.945Z,2026-09-21T00:30:23.634Z,152879,151581,1295,1885,1810,262048500
python-astra-standard,639,3,gpt-6-astra,ultra,settled,2026-09-21T00:30:07.950Z,2026-09-21T00:30:15.884Z,152320,151668,649,331,0,176360500
python-astra-standard,640,3,gpt-6-astra,ultra,settled,2026-09-21T00:30:18.706Z,2026-09-21T00:30:24.067Z,152914,152317,594,19,0,160722000
python-astra-standard,641,0,gpt-6-astra,ultra,settled,2026-09-21T00:30:26.234Z,2026-09-21T00:31:46.572Z,155076,152876,2197,2259,2189,293318500
python-astra-standard,642,3,gpt-6-astra,ultra,settled,2026-09-21T00:31:15.204Z,2026-09-21T00:31:23.647Z,152956,152911,42,308,0,168866000
python-astra-standard,643,3,gpt-6-astra,ultra,settled,2026-09-21T00:31:25.189Z,2026-09-21T00:31:32.398Z,153444,152953,488,103,55,164233000
python-astra-standard,644,3,gpt-6-astra,ultra,settled,2026-09-21T00:32:24.456Z,2026-09-21T00:32:36.423Z,153570,153441,126,338,0,171946000
python-astra-standard,645,3,gpt-6-astra,ultra,settled,2026-09-21T00:32:38.957Z,2026-09-21T00:32:44.592Z,153937,153567,367,71,17,161734500
python-astra-standard,646,3,gpt-6-astra,ultra,settled,2026-09-21T00:32:47.159Z,2026-09-21T00:33:18.169Z,154382,153934,445,902,803,204626500
python-astra-standard,647,0,gpt-6-astra,ultra,settled,2026-09-21T00:32:48.910Z,2026-09-21T00:33:48.541Z,157367,155073,2291,1463,1405,256890500
python-astra-standard,648,3,gpt-6-astra,ultra,settled,2026-09-21T00:33:19.716Z,2026-09-21T00:33:22.561Z,155299,154379,0,19,0,164529000
python-astra-standard,649,0,gpt-6-astra,ultra,settled,2026-09-21T00:33:51.114Z,2026-09-21T00:36:00.521Z,158001,157364,0,4407,3922,384084000
python-glm-standard,1,0,GLM-5.3-Flash,max,completed,2026-09-19T15:49:54.585Z,2026-09-19T15:50:03.540Z,14863,1792,0,97,,
python-glm-standard,2,0,GLM-5.3-Flash,max,completed,2026-09-19T15:50:03.670Z,2026-09-19T15:50:09.644Z,15961,8448,0,67,,
python-glm-standard,3,0,GLM-5.3-Flash,max,completed,2026-09-19T15:50:09.758Z,2026-09-19T15:50:19.258Z,19169,15936,0,271,,
python-glm-standard,4,0,GLM-5.3-Flash,max,completed,2026-09-19T15:50:19.365Z,2026-09-19T15:50:29.289Z,20147,19136,0,275,,
python-glm-standard,5,0,GLM-5.3-Flash,max,completed,2026-09-19T15:50:29.370Z,2026-09-19T15:50:42.997Z,20925,20096,0,210,,
python-glm-standard,6,0,GLM-5.3-Flash,max,completed,2026-09-19T15:50:43.070Z,2026-09-19T15:50:54.658Z,21237,20864,0,361,,
python-glm-standard,7,0,GLM-5.3-Flash,max,completed,2026-09-19T15:50:54.760Z,2026-09-19T15:51:02.677Z,23544,21184,0,107,,
python-glm-standard,8,0,GLM-5.3-Flash,max,completed,2026-09-19T15:51:02.737Z,2026-09-19T15:54:07.170Z,25221,23488,0,5513,,
python-glm-standard,9,0,GLM-5.3-Flash,max,completed,2026-09-19T15:54:07.580Z,2026-09-19T15:54:19.450Z,32473,25216,0,295,,
python-glm-standard,10,0,GLM-5.3-Flash,max,completed,2026-09-19T15:54:19.546Z,2026-09-19T15:54:29.073Z,33182,32448,0,257,,
python-glm-standard,11,0,GLM-5.3-Flash,max,completed,2026-09-19T15:54:29.164Z,2026-09-19T15:54:50.995Z,36123,33152,0,695,,
python-glm-standard,12,0,GLM-5.3-Flash,max,completed,2026-09-19T15:54:51.053Z,2026-09-19T15:55:03.275Z,36965,36096,0,339,,
python-glm-standard,13,0,GLM-5.3-Flash,max,completed,2026-09-19T15:55:07.434Z,2026-09-19T15:55:54.488Z,37539,36928,0,1485,,
python-glm-standard,14,0,GLM-5.3-Flash,max,completed,2026-09-19T16:02:23.395Z,2026-09-19T16:02:35.303Z,39931,37504,0,333,,
python-glm-standard,15,0,GLM-5.3-Flash,max,completed,2026-09-19T16:02:35.393Z,2026-09-19T16:03:33.851Z,42902,39872,0,2004,,
python-glm-standard,16,0,GLM-5.3-Flash,max,completed,2026-09-19T16:03:34.030Z,2026-09-19T16:04:15.667Z,44911,42880,0,2042,,
python-glm-standard,17,0,GLM-5.3-Flash,max,completed,2026-09-19T16:04:15.859Z,2026-09-19T16:04:22.593Z,47005,44864,0,98,,
python-glm-standard,18,0,GLM-5.3-Flash,max,completed,2026-09-19T16:04:23.451Z,2026-09-19T16:04:33.646Z,47290,46976,0,215,,
python-glm-standard,19,0,GLM-5.3-Flash,max,completed,2026-09-19T16:04:33.724Z,2026-09-19T16:04:38.971Z,47531,47232,0,44,,
python-glm-standard,20,0,GLM-5.3-Flash,max,completed,2026-09-19T16:04:39.040Z,2026-09-19T16:04:49.733Z,47990,47488,0,258,,
python-glm-standard,21,0,GLM-5.3-Flash,max,completed,2026-09-19T16:04:49.818Z,2026-09-19T16:04:57.714Z,48302,47936,0,172,,
python-glm-standard,22,0,GLM-5.3-Flash,max,completed,2026-09-19T16:04:58.333Z,2026-09-19T16:05:04.612Z,48762,48256,0,73,,
python-glm-standard,23,0,GLM-5.3-Flash,max,completed,2026-09-19T16:05:04.651Z,2026-09-19T16:05:10.925Z,49220,48704,0,87,,
python-glm-standard,24,0,GLM-5.3-Flash,max,completed,2026-09-19T16:05:11.416Z,2026-09-19T16:05:19.323Z,49361,49216,0,171,,
python-glm-standard,25,0,GLM-5.3-Flash,max,completed,2026-09-19T16:07:14.543Z,2026-09-19T16:07:31.446Z,49629,49344,0,529,,
python-glm-standard,26,0,GLM-5.3-Flash,max,completed,2026-09-19T16:10:15.784Z,2026-09-19T16:10:29.389Z,50172,49600,0,366,,
python-glm-standard,27,0,GLM-5.3-Flash,max,completed,2026-09-19T16:10:29.480Z,2026-09-19T16:10:36.359Z,50592,50112,0,153,,
python-glm-standard,28,0,GLM-5.3-Flash,max,completed,2026-09-19T16:13:20.917Z,2026-09-19T16:13:39.877Z,50772,50560,0,541,,
python-glm-standard,29,0,GLM-5.3-Flash,max,completed,2026-09-19T16:16:22.678Z,2026-09-19T16:16:40.109Z,51340,50752,0,306,,
python-glm-standard,30,0,GLM-5.3-Flash,max,completed,2026-09-19T16:16:55.278Z,2026-09-19T16:17:39.296Z,51674,51328,0,1215,,
python-glm-standard,31,0,GLM-5.3-Flash,max,completed,2026-09-19T16:17:39.725Z,2026-09-19T16:17:46.230Z,53042,51648,0,118,,
python-glm-standard,32,0,GLM-5.3-Flash,max,completed,2026-09-19T16:18:01.704Z,2026-09-19T16:18:13.991Z,53372,52992,0,628,,
python-glm-standard,33,0,GLM-5.3-Flash,max,completed,2026-09-19T16:20:51.062Z,2026-09-19T16:21:45.244Z,54049,53312,0,1778,,
python-glm-standard,34,0,GLM-5.3-Flash,max,completed,2026-09-19T16:23:14.680Z,2026-09-19T16:23:18.935Z,55965,54016,0,123,,
python-glm-standard,35,0,GLM-5.3-Flash,max,completed,2026-09-19T16:24:57.676Z,2026-09-19T16:25:06.151Z,56379,55936,0,381,,
python-glm-standard,36,0,GLM-5.3-Flash,max,completed,2026-09-19T16:25:50.680Z,2026-09-19T16:26:57.565Z,56915,56320,0,2116,,
python-glm-standard,37,0,GLM-5.3-Flash,max,completed,2026-09-19T16:28:52.487Z,2026-09-19T16:29:37.116Z,59415,56896,0,1614,,
python-glm-standard,38,0,GLM-5.3-Flash,max,completed,2026-09-19T16:30:25.509Z,2026-09-19T16:30:51.039Z,61156,59392,0,838,,
python-glm-standard,39,0,GLM-5.3-Flash,max,completed,2026-09-19T16:31:11.091Z,2026-09-19T16:32:03.774Z,62023,61120,0,1664,,
python-glm-standard,40,0,GLM-5.3-Flash,max,completed,2026-09-19T16:32:30.766Z,2026-09-19T16:32:55.973Z,63755,62016,0,959,,
python-glm-standard,41,0,GLM-5.3-Flash,max,completed,2026-09-19T16:32:57.749Z,2026-09-19T16:34:47.183Z,64740,63744,0,3380,,
python-glm-standard,42,0,GLM-5.3-Flash,max,completed,2026-09-19T16:36:52.801Z,2026-09-19T16:38:33.645Z,68386,64704,0,3118,,
python-glm-standard,43,0,GLM-5.3-Flash,max,completed,2026-09-19T16:38:33.874Z,2026-09-19T16:38:39.625Z,71566,68352,0,168,,
python-glm-standard,44,0,GLM-5.3-Flash,max,completed,2026-09-19T16:38:39.678Z,2026-09-19T16:40:47.763Z,72006,71552,0,4124,,
python-glm-standard,45,0,GLM-5.3-Flash,max,completed,2026-09-19T16:40:48.040Z,2026-09-19T16:41:44.169Z,76183,72000,0,2860,,
python-glm-standard,46,0,GLM-5.3-Flash,max,completed,2026-09-19T16:41:44.389Z,2026-09-19T16:42:05.049Z,79096,76160,0,792,,
python-glm-standard,47,0,GLM-5.3-Flash,max,completed,2026-09-19T16:42:05.147Z,2026-09-19T16:42:47.638Z,79943,79040,0,2465,,
python-glm-standard,48,0,GLM-5.3-Flash,max,completed,2026-09-19T16:42:47.827Z,2026-09-19T16:43:47.055Z,82461,79936,0,3145,,
python-glm-standard,49,0,GLM-5.3-Flash,max,completed,2026-09-19T16:43:47.301Z,2026-09-19T16:44:13.784Z,85661,82432,0,889,,
python-glm-standard,50,0,GLM-5.3-Flash,max,completed,2026-09-19T16:44:13.890Z,2026-09-19T16:44:37.619Z,86605,85632,0,1018,,
python-glm-standard,51,0,GLM-5.3-Flash,max,completed,2026-09-19T16:44:37.727Z,2026-09-19T16:44:45.813Z,87674,86592,0,206,,
python-glm-standard,52,0,GLM-5.3-Flash,max,completed,2026-09-19T16:44:47.349Z,2026-09-19T16:45:02.612Z,88400,87616,0,667,,
python-glm-standard,53,0,GLM-5.3-Flash,max,completed,2026-09-19T16:45:03.586Z,2026-09-19T16:45:08.980Z,89465,88384,0,221,,
python-glm-standard,54,0,GLM-5.3-Flash,max,completed,2026-09-19T17:05:35.439Z,2026-09-19T17:06:39.646Z,90054,0,0,2056,,
python-glm-standard,55,0,GLM-5.3-Flash,max,completed,2026-09-19T17:06:39.839Z,2026-09-19T17:06:42.512Z,92149,90048,0,38,,
python-glm-standard,56,0,GLM-5.3-Flash,max,completed,2026-09-19T17:06:42.552Z,2026-09-19T17:06:54.581Z,95420,92096,0,313,,
python-glm-standard,57,0,GLM-5.3-Flash,max,completed,2026-09-19T17:06:54.665Z,2026-09-19T17:07:02.357Z,95788,95360,0,293,,
python-glm-standard,58,0,GLM-5.3-Flash,max,completed,2026-09-19T17:07:02.436Z,2026-09-19T17:07:11.424Z,96136,95744,0,273,,
python-glm-standard,59,0,GLM-5.3-Flash,max,completed,2026-09-19T17:07:19.549Z,2026-09-19T17:07:58.680Z,96430,96128,0,1649,,
python-glm-standard,60,0,GLM-5.3-Flash,max,completed,2026-09-19T17:07:59.103Z,2026-09-19T17:08:07.067Z,98902,96384,0,174,,
python-glm-standard,61,0,GLM-5.3-Flash,max,completed,2026-09-19T17:08:07.723Z,2026-09-19T17:08:14.650Z,99141,98880,0,262,,
python-glm-standard,62,0,GLM-5.3-Flash,max,completed,2026-09-19T17:08:21.124Z,2026-09-19T17:09:04.841Z,99495,99136,0,1914,,
python-glm-standard,63,0,GLM-5.3-Flash,max,completed,2026-09-19T17:09:05.494Z,2026-09-19T17:10:22.475Z,101616,99456,0,2401,,
python-glm-standard,64,0,GLM-5.3-Flash,max,completed,2026-09-19T17:10:22.679Z,2026-09-19T17:10:25.829Z,104263,101568,0,85,,
python-glm-standard,65,0,GLM-5.3-Flash,max,completed,2026-09-19T17:10:25.900Z,2026-09-19T17:10:32.279Z,104403,104256,0,305,,
python-glm-standard,66,0,GLM-5.3-Flash,max,completed,2026-09-19T17:10:32.362Z,2026-09-19T17:10:46.825Z,104763,104384,0,425,,
python-glm-standard,67,0,GLM-5.3-Flash,max,completed,2026-09-19T17:11:00.912Z,2026-09-19T17:11:29.015Z,105347,104704,0,905,,
python-glm-standard,68,0,GLM-5.3-Flash,max,completed,2026-09-19T17:11:29.220Z,2026-09-19T17:11:49.494Z,106291,105344,0,683,,
python-glm-standard,69,0,GLM-5.3-Flash,max,completed,2026-09-19T17:11:49.864Z,2026-09-19T17:12:16.318Z,107140,106240,0,1001,,
python-glm-standard,70,0,GLM-5.3-Flash,max,completed,2026-09-19T17:12:16.457Z,2026-09-19T17:12:50.933Z,108216,107136,0,1266,,
python-glm-standard,71,0,GLM-5.3-Flash,max,completed,2026-09-19T17:12:51.052Z,2026-09-19T17:12:58.090Z,109537,108160,0,145,,
python-glm-standard,72,0,GLM-5.3-Flash,max,completed,2026-09-19T17:12:58.147Z,2026-09-19T17:13:01.367Z,109721,109504,0,61,,
python-glm-standard,73,0,GLM-5.3-Flash,max,completed,2026-09-19T17:13:01.427Z,2026-09-19T17:13:09.154Z,110161,109696,0,422,,
python-glm-standard,74,0,GLM-5.3-Flash,max,completed,2026-09-19T17:13:19.379Z,2026-09-19T17:13:37.448Z,110921,110144,0,444,,
python-glm-standard,75,0,GLM-5.3-Flash,max,completed,2026-09-19T17:14:33.993Z,2026-09-19T17:14:51.599Z,111444,110912,0,597,,
python-glm-standard,76,0,GLM-5.3-Flash,max,completed,2026-09-19T17:14:51.679Z,2026-09-19T17:14:59.134Z,112208,111424,0,283,,
python-glm-standard,77,0,GLM-5.3-Flash,max,completed,2026-09-19T17:14:59.243Z,2026-09-19T17:15:38.461Z,112544,112192,0,1593,,
python-glm-standard,78,0,GLM-5.3-Flash,max,completed,2026-09-19T17:15:38.623Z,2026-09-19T17:16:10.817Z,114191,112512,0,1353,,
python-glm-standard,79,0,GLM-5.3-Flash,max,completed,2026-09-19T17:16:10.957Z,2026-09-19T17:16:16.972Z,115596,114176,0,39,,
python-glm-standard,80,0,GLM-5.3-Flash,max,completed,2026-09-19T17:16:17.095Z,2026-09-19T17:16:23.301Z,115698,115584,0,38,,
python-glm-standard,81,0,GLM-5.3-Flash,max,completed,2026-09-19T17:16:23.355Z,2026-09-19T17:17:26.408Z,115799,115648,0,1986,,
python-glm-standard,82,0,GLM-5.3-Flash,max,completed,2026-09-19T17:17:30.020Z,2026-09-19T17:18:07.373Z,118042,115776,0,1147,,
python-glm-standard,83,0,GLM-5.3-Flash,max,completed,2026-09-19T17:18:07.525Z,2026-09-19T17:18:21.899Z,119252,118016,0,500,,
python-glm-standard,84,0,GLM-5.3-Flash,max,completed,2026-09-19T17:18:32.096Z,2026-09-19T17:18:38.679Z,119964,119232,0,262,,
python-glm-standard,85,0,GLM-5.3-Flash,max,completed,2026-09-19T17:18:38.740Z,2026-09-19T17:18:42.776Z,120531,119936,0,96,,
python-glm-standard,86,0,GLM-5.3-Flash,max,completed,2026-09-19T17:19:38.493Z,2026-09-19T17:21:55.297Z,120663,120512,0,4583,,
python-glm-standard,87,0,GLM-5.3-Flash,max,completed,2026-09-19T17:22:10.553Z,2026-09-19T17:22:40.357Z,125844,120640,0,829,,
python-glm-standard,88,0,GLM-5.3-Flash,max,completed,2026-09-19T17:24:30.551Z,2026-09-19T17:25:09.455Z,126742,125824,0,1242,,
python-glm-standard,89,0,GLM-5.3-Flash,max,completed,2026-09-19T17:25:09.598Z,2026-09-19T17:26:00.884Z,127991,126720,0,3346,,
python-glm-standard,90,0,GLM-5.3-Flash,max,completed,2026-09-19T17:26:01.134Z,2026-09-19T17:26:17.140Z,131392,127936,0,593,,
python-glm-standard,91,0,GLM-5.3-Flash,max,completed,2026-09-19T17:26:17.253Z,2026-09-19T17:26:52.898Z,132040,131392,0,2624,,
python-glm-standard,92,0,GLM-5.3-Flash,max,completed,2026-09-19T17:26:53.082Z,2026-09-19T17:26:57.169Z,134694,132032,0,63,,
python-glm-standard,93,0,GLM-5.3-Flash,max,completed,2026-09-19T17:26:57.239Z,2026-09-19T17:27:03.954Z,134821,134656,0,127,,
python-glm-standard,94,0,GLM-5.3-Flash,max,completed,2026-09-19T17:27:04.033Z,2026-09-19T17:27:37.133Z,135312,134784,0,2594,,
python-glm-standard,95,0,GLM-5.3-Flash,max,completed,2026-09-19T17:27:37.358Z,2026-09-19T17:27:58.003Z,138170,135296,0,594,,
python-glm-standard,96,0,GLM-5.3-Flash,max,completed,2026-09-19T17:28:15.899Z,2026-09-19T17:28:26.675Z,138957,138112,0,260,,
python-glm-standard,97,0,GLM-5.3-Flash,max,completed,2026-09-19T17:29:22.043Z,2026-09-19T17:29:42.045Z,139274,138944,0,658,,
python-glm-standard,98,0,GLM-5.3-Flash,max,completed,2026-09-19T17:29:42.148Z,2026-09-19T17:29:49.205Z,139988,139264,0,140,,
python-glm-standard,99,0,GLM-5.3-Flash,max,completed,2026-09-19T17:29:49.294Z,2026-09-19T17:30:39.207Z,140133,139968,0,3432,,
python-glm-standard,100,0,GLM-5.3-Flash,max,completed,2026-09-19T17:30:39.461Z,2026-09-19T17:30:42.865Z,143621,140096,0,30,,
python-glm-standard,101,0,GLM-5.3-Flash,max,completed,2026-09-19T17:30:42.957Z,2026-09-19T17:31:28.133Z,143715,143616,0,1888,,
python-glm-standard,102,0,GLM-5.3-Flash,max,completed,2026-09-19T17:31:28.303Z,2026-09-19T17:31:37.989Z,145657,143680,0,448,,
python-glm-standard,103,0,GLM-5.3-Flash,max,completed,2026-09-19T17:31:38.089Z,2026-09-19T17:31:41.232Z,146159,145600,0,39,,
python-glm-standard,104,0,GLM-5.3-Flash,max,completed,2026-09-19T17:31:41.293Z,2026-09-19T17:31:48.193Z,146262,146112,0,39,,
python-glm-standard,105,0,GLM-5.3-Flash,max,completed,2026-09-19T17:31:48.265Z,2026-09-19T17:31:54.159Z,146574,146240,0,197,,
python-glm-standard,106,0,GLM-5.3-Flash,max,completed,2026-09-19T17:31:54.217Z,2026-09-19T17:31:57.001Z,147099,146560,0,39,,
python-glm-standard,107,0,GLM-5.3-Flash,max,completed,2026-09-19T17:31:57.063Z,2026-09-19T17:32:08.918Z,147202,147072,0,220,,
python-glm-standard,108,0,GLM-5.3-Flash,max,completed,2026-09-19T17:32:08.989Z,2026-09-19T17:32:12.588Z,147486,147200,0,40,,
python-glm-standard,109,0,GLM-5.3-Flash,max,completed,2026-09-19T17:33:12.656Z,2026-09-19T17:33:17.601Z,147532,147456,0,39,,
python-glm-standard,110,0,GLM-5.3-Flash,max,completed,2026-09-19T17:33:17.663Z,2026-09-19T17:33:26.090Z,147635,147520,0,40,,
python-glm-standard,111,0,GLM-5.3-Flash,max,completed,2026-09-19T17:34:56.177Z,2026-09-19T17:35:02.144Z,147681,147584,0,39,,
python-glm-standard,112,0,GLM-5.3-Flash,max,completed,2026-09-19T17:35:02.210Z,2026-09-19T17:35:24.903Z,148281,147648,0,762,,
python-glm-standard,113,0,GLM-5.3-Flash,max,completed,2026-09-19T17:35:25.032Z,2026-09-19T17:35:31.021Z,149107,148224,0,36,,
python-glm-standard,114,0,GLM-5.3-Flash,max,completed,2026-09-19T17:39:31.096Z,2026-09-19T17:39:35.393Z,149149,149056,0,39,,
python-glm-standard,115,0,GLM-5.3-Flash,max,completed,2026-09-19T17:39:35.457Z,2026-09-19T17:39:41.662Z,149252,149120,0,36,,
python-glm-standard,116,0,GLM-5.3-Flash,max,completed,2026-09-19T17:44:41.744Z,2026-09-19T17:44:47.898Z,149503,149248,0,39,,
python-glm-standard,117,0,GLM-5.3-Flash,max,completed,2026-09-19T17:44:48.018Z,2026-09-19T17:44:53.614Z,149606,149440,0,36,,
python-glm-standard,118,0,GLM-5.3-Flash,max,completed,2026-09-19T17:51:53.688Z,2026-09-19T17:52:00.431Z,149648,149568,0,39,,
python-glm-standard,119,0,GLM-5.3-Flash,max,completed,2026-09-19T17:52:00.505Z,2026-09-19T17:52:35.246Z,149751,149632,0,1438,,
python-glm-standard,120,0,GLM-5.3-Flash,max,completed,2026-09-19T17:52:35.395Z,2026-09-19T17:52:38.924Z,151240,149696,0,39,,
python-glm-standard,121,0,GLM-5.3-Flash,max,completed,2026-09-19T17:52:38.988Z,2026-09-19T17:52:41.991Z,151343,151232,0,36,,
python-glm-standard,122,0,GLM-5.3-Flash,max,completed,2026-09-19T17:59:42.066Z,2026-09-19T17:59:45.859Z,151385,151296,0,39,,
python-glm-standard,123,0,GLM-5.3-Flash,max,completed,2026-09-19T17:59:45.921Z,2026-09-19T17:59:59.263Z,152013,151360,0,573,,
python-glm-standard,124,0,GLM-5.3-Flash,max,completed,2026-09-19T17:59:59.361Z,2026-09-19T18:00:08.903Z,156246,152000,0,244,,
python-glm-standard,125,0,GLM-5.3-Flash,max,completed,2026-09-19T18:00:09.925Z,2026-09-19T18:00:55.583Z,156989,156224,0,1366,,
python-glm-standard,126,0,GLM-5.3-Flash,max,completed,2026-09-19T18:02:32.099Z,2026-09-19T18:02:46.579Z,158628,156928,0,709,,
python-glm-standard,127,0,GLM-5.3-Flash,max,completed,2026-09-19T18:03:45.337Z,2026-09-19T18:03:52.589Z,159384,158592,0,199,,
python-glm-standard,128,0,GLM-5.3-Flash,max,completed,2026-09-19T18:03:52.660Z,2026-09-19T18:03:56.411Z,159953,159360,0,36,,
python-glm-standard,129,0,GLM-5.3-Flash,max,completed,2026-09-19T18:08:56.475Z,2026-09-19T18:09:01.351Z,159995,159936,0,38,,
python-glm-standard,130,0,GLM-5.3-Flash,max,completed,2026-09-19T18:09:01.411Z,2026-09-19T18:09:20.003Z,160465,159936,0,932,,
python-glm-standard,131,0,GLM-5.3-Flash,max,completed,2026-09-19T18:09:20.117Z,2026-09-19T18:09:26.346Z,161450,160448,0,261,,
python-glm-standard,132,0,GLM-5.3-Flash,max,completed,2026-09-19T18:09:26.431Z,2026-09-19T18:09:33.307Z,161764,161408,0,37,,
python-glm-standard,133,0,GLM-5.3-Flash,max,completed,2026-09-19T18:16:33.384Z,2026-09-19T18:16:38.886Z,161807,161728,0,45,,
python-glm-standard,134,0,GLM-5.3-Flash,max,completed,2026-09-19T18:16:38.946Z,2026-09-19T18:17:41.776Z,162284,161792,0,2151,,
python-glm-standard,135,0,GLM-5.3-Flash,max,completed,2026-09-19T18:26:41.956Z,2026-09-19T18:26:46.127Z,164441,162240,0,45,,
python-glm-standard,136,0,GLM-5.3-Flash,max,completed,2026-09-19T18:26:46.199Z,2026-09-19T18:27:32.424Z,179864,164416,0,2461,,
python-glm-standard,137,0,GLM-5.3-Flash,max,completed,2026-09-19T18:27:32.618Z,2026-09-19T18:27:42.450Z,182378,179840,0,418,,
python-glm-standard,138,0,GLM-5.3-Flash,max,completed,2026-09-19T18:27:42.532Z,2026-09-19T18:27:53.308Z,182849,182336,0,518,,
python-glm-standard,139,0,GLM-5.3-Flash,max,completed,2026-09-19T18:27:53.396Z,2026-09-19T18:28:23.629Z,183420,182848,0,1675,,
python-glm-standard,140,0,GLM-5.3-Flash,max,completed,2026-09-19T18:28:23.784Z,2026-09-19T18:28:29.663Z,185149,183360,0,180,,
python-glm-standard,141,0,GLM-5.3-Flash,max,completed,2026-09-19T18:28:29.719Z,2026-09-19T18:28:35.092Z,185645,185088,0,152,,
python-glm-standard,142,0,GLM-5.3-Flash,max,completed,2026-09-19T18:28:35.249Z,2026-09-19T18:28:57.837Z,186402,185600,0,1064,,
python-glm-decode-first,1,0,GLM-5.3-Flash,max,completed,2026-09-20T07:21:52.581Z,2026-09-20T07:22:01.906Z,14849,0,0,118,,
python-glm-decode-first,2,0,GLM-5.3-Flash,max,completed,2026-09-20T07:22:02.012Z,2026-09-20T07:22:09.149Z,15799,1792,0,132,,
python-glm-decode-first,3,0,GLM-5.3-Flash,max,completed,2026-09-20T07:22:09.212Z,2026-09-20T07:22:14.818Z,16684,15744,0,79,,
python-glm-decode-first,4,0,GLM-5.3-Flash,max,completed,2026-09-20T07:22:14.874Z,2026-09-20T07:22:19.822Z,17338,16640,0,40,,
python-glm-decode-first,5,0,GLM-5.3-Flash,max,completed,2026-09-20T07:22:19.902Z,2026-09-20T07:22:26.582Z,20352,17280,0,108,,
python-glm-decode-first,6,0,GLM-5.3-Flash,max,completed,2026-09-20T07:22:26.691Z,2026-09-20T07:22:33.924Z,21266,20352,0,122,,
python-glm-decode-first,7,0,GLM-5.3-Flash,max,completed,2026-09-20T07:22:34.056Z,2026-09-20T07:22:39.704Z,21445,21248,0,83,,
python-glm-decode-first,8,0,GLM-5.3-Flash,max,completed,2026-09-20T07:22:39.749Z,2026-09-20T07:25:00.378Z,27437,21440,0,4225,,
python-glm-decode-first,9,0,GLM-5.3-Flash,max,completed,2026-09-20T07:25:00.716Z,2026-09-20T07:25:08.679Z,33848,27392,0,178,,
python-glm-decode-first,10,0,GLM-5.3-Flash,max,completed,2026-09-20T07:25:08.749Z,2026-09-20T07:25:19.822Z,34035,33792,0,260,,
python-glm-decode-first,11,0,GLM-5.3-Flash,max,completed,2026-09-20T07:25:19.904Z,2026-09-20T07:25:35.826Z,35841,33984,0,420,,
python-glm-decode-first,12,0,GLM-5.3-Flash,max,completed,2026-09-20T07:25:35.879Z,2026-09-20T07:25:46.652Z,36437,35840,0,273,,
python-glm-decode-first,13,0,GLM-5.3-Flash,max,completed,2026-09-20T07:25:46.723Z,2026-09-20T07:25:53.623Z,36732,36416,0,140,,
python-glm-decode-first,14,0,GLM-5.3-Flash,max,completed,2026-09-20T07:25:53.691Z,2026-09-20T07:26:03.885Z,37250,36672,0,331,,
python-glm-decode-first,15,0,GLM-5.3-Flash,max,completed,2026-09-20T07:26:07.049Z,2026-09-20T07:26:16.159Z,37981,37248,0,188,,
python-glm-decode-first,16,0,GLM-5.3-Flash,max,completed,2026-09-20T07:26:16.226Z,2026-09-20T07:26:24.570Z,38233,37952,0,108,,
python-glm-decode-first,17,0,GLM-5.3-Flash,max,completed,2026-09-20T07:26:24.657Z,2026-09-20T07:26:34.992Z,38706,38208,0,224,,
python-glm-decode-first,18,0,GLM-5.3-Flash,max,completed,2026-09-20T07:29:13.504Z,2026-09-20T07:30:46.515Z,39094,38656,0,2390,,
python-glm-decode-first,19,0,GLM-5.3-Flash,max,completed,2026-09-20T07:30:46.719Z,2026-09-20T07:32:00.629Z,41515,39040,0,3340,,
python-glm-decode-first,20,0,GLM-5.3-Flash,max,completed,2026-09-20T07:32:00.873Z,2026-09-20T07:33:15.180Z,44888,41472,0,2917,,
python-glm-decode-first,21,0,GLM-5.3-Flash,max,completed,2026-09-20T07:33:15.412Z,2026-09-20T07:35:00.648Z,47838,44864,0,4177,,
python-glm-decode-first,22,0,GLM-5.3-Flash,max,completed,2026-09-20T07:35:00.950Z,2026-09-20T07:36:14.128Z,52248,47808,0,3991,,
python-glm-decode-first,23,0,GLM-5.3-Flash,max,completed,2026-09-20T07:36:14.410Z,2026-09-20T07:36:20.109Z,56272,52224,0,51,,
python-glm-decode-first,24,0,GLM-5.3-Flash,max,completed,2026-09-20T07:36:20.631Z,2026-09-20T07:36:25.889Z,56360,56256,0,111,,
python-glm-decode-first,25,0,GLM-5.3-Flash,max,completed,2026-09-20T07:36:32.119Z,2026-09-20T07:37:37.945Z,56637,56320,0,2026,,
python-glm-decode-first,26,0,GLM-5.3-Flash,max,completed,2026-09-20T07:37:38.211Z,2026-09-20T07:38:06.200Z,58828,56576,0,1412,,
python-glm-decode-first,27,0,GLM-5.3-Flash,max,completed,2026-09-20T07:38:06.716Z,2026-09-20T07:39:22.705Z,60338,58816,0,3193,,
python-glm-decode-first,28,0,GLM-5.3-Flash,max,completed,2026-09-20T07:39:30.965Z,2026-09-20T07:40:58.085Z,63574,60288,0,3392,,
python-glm-decode-first,29,0,GLM-5.3-Flash,max,completed,2026-09-20T07:40:58.347Z,2026-09-20T07:41:08.649Z,66999,63552,0,87,,
python-glm-decode-first,30,0,GLM-5.3-Flash,max,completed,2026-09-20T07:41:08.728Z,2026-09-20T07:41:14.737Z,67119,66944,0,115,,
python-glm-decode-first,31,0,GLM-5.3-Flash,max,completed,2026-09-20T07:41:22.033Z,2026-09-20T07:42:19.341Z,67397,67072,0,2114,,
python-glm-decode-first,32,0,GLM-5.3-Flash,max,completed,2026-09-20T07:42:19.750Z,2026-09-20T07:42:57.847Z,70586,67392,0,1729,,
python-glm-decode-first,33,0,GLM-5.3-Flash,max,completed,2026-09-20T07:43:08.398Z,2026-09-20T07:43:43.105Z,72588,70528,0,1188,,
python-glm-decode-first,34,0,GLM-5.3-Flash,max,completed,2026-09-20T07:43:43.274Z,2026-09-20T07:43:54.568Z,73862,72576,0,396,,
python-glm-decode-first,35,0,GLM-5.3-Flash,max,completed,2026-09-20T07:44:04.775Z,2026-09-20T07:44:33.698Z,74581,73856,0,1029,,
python-glm-decode-first,36,0,GLM-5.3-Flash,max,completed,2026-09-20T07:44:33.836Z,2026-09-20T07:44:40.754Z,75643,74560,0,115,,
python-glm-decode-first,37,0,GLM-5.3-Flash,max,completed,2026-09-20T07:44:47.795Z,2026-09-20T07:44:56.623Z,75922,75584,0,151,,
python-glm-decode-first,38,0,GLM-5.3-Flash,max,completed,2026-09-20T07:44:57.041Z,2026-09-20T07:45:14.647Z,76115,75904,0,850,,
python-glm-decode-first,39,0,GLM-5.3-Flash,max,completed,2026-09-20T07:45:15.200Z,2026-09-20T07:46:02.568Z,77065,76096,0,1400,,
python-glm-decode-first,40,0,GLM-5.3-Flash,max,completed,2026-09-20T07:46:07.404Z,2026-09-20T07:47:35.561Z,78627,77056,0,2652,,
python-glm-decode-first,41,0,GLM-5.3-Flash,max,completed,2026-09-20T07:47:35.780Z,2026-09-20T07:47:46.400Z,81312,78592,0,355,,
python-glm-decode-first,42,0,GLM-5.3-Flash,max,completed,2026-09-20T07:47:52.401Z,2026-09-20T07:48:32.800Z,82042,81280,0,1177,,
python-glm-decode-first,43,0,GLM-5.3-Flash,max,completed,2026-09-20T07:48:46.510Z,2026-09-20T07:49:21.038Z,85026,81984,0,1223,,
python-glm-decode-first,44,0,GLM-5.3-Flash,max,completed,2026-09-20T07:49:21.182Z,2026-09-20T07:49:30.443Z,86868,84992,0,41,,
python-glm-decode-first,45,0,GLM-5.3-Flash,max,completed,2026-09-20T07:49:30.529Z,2026-09-20T07:50:06.286Z,87511,86848,0,972,,
python-glm-decode-first,46,0,GLM-5.3-Flash,max,completed,2026-09-20T08:13:16.906Z,2026-09-20T08:13:33.716Z,88591,0,0,203,,
python-glm-decode-first,47,0,GLM-5.3-Flash,max,completed,2026-09-20T08:13:33.826Z,2026-09-20T08:14:40.661Z,88969,88576,0,1919,,
python-glm-decode-first,48,0,GLM-5.3-Flash,max,completed,2026-09-20T08:14:41.099Z,2026-09-20T08:14:54.268Z,91026,88960,0,211,,
python-glm-decode-first,49,0,GLM-5.3-Flash,max,completed,2026-09-20T08:15:18.549Z,2026-09-20T08:15:37.425Z,91501,91008,0,463,,
python-glm-decode-first,50,0,GLM-5.3-Flash,max,completed,2026-09-20T08:15:44.282Z,2026-09-20T08:17:39.454Z,92061,91456,0,3579,,
python-glm-decode-first,51,0,GLM-5.3-Flash,max,completed,2026-09-20T08:17:39.721Z,2026-09-20T08:18:33.128Z,95968,92032,0,1749,,
python-glm-decode-first,52,0,GLM-5.3-Flash,max,completed,2026-09-20T08:18:33.288Z,2026-09-20T08:18:49.900Z,97956,95936,0,409,,
python-glm-decode-first,53,0,GLM-5.3-Flash,max,completed,2026-09-20T08:18:49.963Z,2026-09-20T08:19:35.785Z,98686,97920,0,2961,,
python-glm-decode-first,54,0,GLM-5.3-Flash,max,completed,2026-09-20T08:19:35.993Z,2026-09-20T08:19:43.157Z,101677,98624,0,36,,
python-glm-decode-first,55,0,GLM-5.3-Flash,max,completed,2026-09-20T08:19:43.218Z,2026-09-20T08:20:31.699Z,101749,101632,0,2961,,
python-glm-decode-first,56,0,GLM-5.3-Flash,max,completed,2026-09-20T08:20:31.917Z,2026-09-20T08:20:38.633Z,104741,101696,0,118,,
python-glm-decode-first,57,0,GLM-5.3-Flash,max,completed,2026-09-20T08:20:45.827Z,2026-09-20T08:22:37.229Z,105010,104704,0,3499,,
python-glm-decode-first,58,0,GLM-5.3-Flash,max,completed,2026-09-20T08:22:38.199Z,2026-09-20T08:22:48.080Z,108568,104960,0,176,,
python-glm-decode-first,59,0,GLM-5.3-Flash,max,completed,2026-09-20T08:22:48.303Z,2026-09-20T08:23:40.652Z,109246,108544,0,1280,,
python-glm-decode-first,60,0,GLM-5.3-Flash,max,completed,2026-09-20T08:28:42.041Z,2026-09-20T08:30:36.874Z,110981,109184,0,3287,,
python-glm-decode-first,61,0,GLM-5.3-Flash,max,completed,2026-09-20T08:31:43.376Z,2026-09-20T08:33:14.367Z,114389,110976,0,2609,,
python-glm-decode-first,62,0,GLM-5.3-Flash,max,completed,2026-09-20T08:33:15.481Z,2026-09-20T08:33:38.944Z,117089,114368,0,879,,
python-glm-decode-first,63,0,GLM-5.3-Flash,max,completed,2026-09-20T08:34:18.736Z,2026-09-20T08:35:05.779Z,118437,117056,0,1556,,
python-glm-decode-first,64,0,GLM-5.3-Flash,max,completed,2026-09-20T08:35:15.665Z,2026-09-20T08:35:51.449Z,120204,118400,0,1395,,
python-glm-decode-first,65,0,GLM-5.3-Flash,max,completed,2026-09-20T08:35:53.231Z,2026-09-20T08:37:44.093Z,121703,120192,0,3528,,
python-glm-decode-first,66,0,GLM-5.3-Flash,max,completed,2026-09-20T08:38:47.018Z,2026-09-20T08:40:10.524Z,125370,121664,0,2472,,
python-glm-decode-first,67,0,GLM-5.3-Flash,max,completed,2026-09-20T08:40:11.315Z,2026-09-20T08:44:03.594Z,127954,125312,0,6971,,
python-glm-decode-first,68,0,GLM-5.3-Flash,max,completed,2026-09-20T08:44:04.423Z,2026-09-20T08:44:18.536Z,134969,127936,0,240,,
python-glm-decode-first,69,0,GLM-5.3-Flash,max,completed,2026-09-20T08:44:18.895Z,2026-09-20T08:44:24.778Z,135538,134912,0,55,,
python-glm-decode-first,70,0,GLM-5.3-Flash,max,completed,2026-09-20T08:44:24.864Z,2026-09-20T08:45:29.614Z,135977,135488,0,2315,,
python-glm-decode-first,71,0,GLM-5.3-Flash,max,completed,2026-09-20T08:45:30.171Z,2026-09-20T08:45:38.532Z,138351,135936,0,212,,
python-glm-decode-first,72,0,GLM-5.3-Flash,max,completed,2026-09-20T08:45:40.749Z,2026-09-20T08:45:59.314Z,138651,138304,0,684,,
python-glm-decode-first,73,0,GLM-5.3-Flash,max,completed,2026-09-20T08:46:00.190Z,2026-09-20T08:46:29.243Z,139772,138624,0,1247,,
python-glm-decode-first,74,0,GLM-5.3-Flash,max,completed,2026-09-20T08:46:31.507Z,2026-09-20T08:47:10.698Z,141119,139712,0,861,,
python-glm-decode-first,75,0,GLM-5.3-Flash,max,completed,2026-09-20T08:47:10.833Z,2026-09-20T08:47:55.224Z,142016,141056,0,1400,,
python-glm-decode-first,76,0,GLM-5.3-Flash,max,completed,2026-09-20T08:47:58.784Z,2026-09-20T08:48:41.922Z,143576,142016,0,1164,,
python-glm-decode-first,77,0,GLM-5.3-Flash,max,completed,2026-09-20T08:48:42.210Z,2026-09-20T08:48:55.426Z,144898,143552,0,300,,
python-glm-decode-first,78,0,GLM-5.3-Flash,max,completed,2026-09-20T08:48:55.683Z,2026-09-20T08:49:01.567Z,145391,144896,0,38,,
python-glm-decode-first,79,0,GLM-5.3-Flash,max,completed,2026-09-20T08:49:01.635Z,2026-09-20T08:49:25.956Z,145695,145344,0,1129,,
python-glm-decode-first,80,0,GLM-5.3-Flash,max,completed,2026-09-20T08:49:28.377Z,2026-09-20T08:50:21.057Z,146915,145664,0,1417,,
python-glm-decode-first,81,0,GLM-5.3-Flash,max,completed,2026-09-20T08:50:25.022Z,2026-09-20T08:51:35.597Z,148525,146880,0,1945,,
python-glm-decode-first,82,0,GLM-5.3-Flash,max,completed,2026-09-20T08:51:36.056Z,2026-09-20T08:51:52.211Z,150549,148480,0,321,,
python-glm-decode-first,83,0,GLM-5.3-Flash,max,completed,2026-09-20T08:51:52.849Z,2026-09-20T08:52:16.553Z,151201,150528,0,684,,
python-glm-decode-first,84,0,GLM-5.3-Flash,max,completed,2026-09-20T08:52:18.623Z,2026-09-20T08:52:31.289Z,151994,151168,0,251,,
python-glm-decode-first,85,0,GLM-5.3-Flash,max,completed,2026-09-20T08:52:31.372Z,2026-09-20T08:52:35.588Z,152292,151936,0,78,,
python-glm-decode-first,86,0,GLM-5.3-Flash,max,completed,2026-09-20T08:52:35.660Z,2026-09-20T08:53:31.298Z,152473,152256,0,1739,,
python-glm-decode-first,87,0,GLM-5.3-Flash,max,completed,2026-09-20T08:53:31.473Z,2026-09-20T08:53:43.174Z,154289,152448,0,127,,
python-glm-decode-first,88,0,GLM-5.3-Flash,max,completed,2026-09-20T08:53:52.011Z,2026-09-20T08:56:04.089Z,154521,154240,0,4615,,
python-glm-decode-first,89,0,GLM-5.3-Flash,max,completed,2026-09-20T08:56:06.558Z,2026-09-20T08:56:42.590Z,159220,154496,0,1083,,
python-glm-decode-first,90,0,GLM-5.3-Flash,max,completed,2026-09-20T08:56:43.206Z,2026-09-20T08:58:30.485Z,160390,159168,0,3562,,
python-glm-decode-first,91,0,GLM-5.3-Flash,max,completed,2026-09-20T08:58:33.735Z,2026-09-20T08:59:18.197Z,164063,160384,0,1350,,
python-glm-decode-first,92,0,GLM-5.3-Flash,max,completed,2026-09-20T08:59:20.129Z,2026-09-20T09:02:40.335Z,165504,164032,0,5532,,
python-glm-decode-first,93,0,GLM-5.3-Flash,max,completed,2026-09-20T09:02:46.598Z,2026-09-20T09:05:30.664Z,171396,165504,0,4853,,
python-glm-decode-first,94,0,GLM-5.3-Flash,max,completed,2026-09-20T09:05:33.521Z,2026-09-20T09:07:32.869Z,176354,171392,0,3248,,
python-glm-decode-first,95,0,GLM-5.3-Flash,max,completed,2026-09-20T09:07:33.110Z,2026-09-20T09:08:28.154Z,179637,176320,0,3313,,
python-glm-decode-first,96,0,GLM-5.3-Flash,max,completed,2026-09-20T09:08:28.385Z,2026-09-20T09:08:37.337Z,182980,179584,0,217,,
python-glm-decode-first,97,0,GLM-5.3-Flash,max,completed,2026-09-20T09:08:37.415Z,2026-09-20T09:09:24.874Z,183233,182976,0,3345,,
python-glm-decode-first,98,0,GLM-5.3-Flash,max,completed,2026-09-20T09:09:25.131Z,2026-09-20T09:09:51.077Z,186609,183232,0,1324,,
python-glm-decode-first,99,0,GLM-5.3-Flash,max,completed,2026-09-20T09:09:51.222Z,2026-09-20T09:09:59.467Z,187965,186560,0,210,,
python-glm-decode-first,100,0,GLM-5.3-Flash,max,completed,2026-09-20T09:11:00.707Z,2026-09-20T09:11:41.893Z,188348,187904,0,1484,,
python-glm-decode-first,101,0,GLM-5.3-Flash,max,completed,2026-09-20T09:12:44.214Z,2026-09-20T09:13:45.375Z,189922,188288,0,1952,,
python-glm-decode-first,102,0,GLM-5.3-Flash,max,completed,2026-09-20T09:14:52.659Z,2026-09-20T09:15:41.739Z,191979,189888,0,1280,,
python-glm-decode-first,103,0,GLM-5.3-Flash,max,completed,2026-09-20T09:15:42.522Z,2026-09-20T09:17:23.278Z,193493,191936,0,3235,,
python-glm-decode-first,104,0,GLM-5.3-Flash,max,completed,2026-09-20T09:21:36.269Z,2026-09-20T09:23:29.479Z,196903,193472,0,3146,,
python-glm-decode-first,105,0,GLM-5.3-Flash,max,completed,2026-09-20T09:25:11.905Z,2026-09-20T09:25:24.786Z,200159,196864,0,223,,
python-glm-decode-first,106,0,GLM-5.3-Flash,max,completed,2026-09-20T09:25:24.876Z,2026-09-20T09:25:42.167Z,200485,200128,0,809,,
python-glm-decode-first,107,0,GLM-5.3-Flash,max,completed,2026-09-20T09:27:24.384Z,2026-09-20T09:27:33.007Z,201407,200448,0,90,,
python-glm-decode-first,108,0,GLM-5.3-Flash,max,completed,2026-09-20T09:27:33.096Z,2026-09-20T09:27:48.325Z,201986,201344,0,609,,
python-glm-decode-first,109,0,GLM-5.3-Flash,max,completed,2026-09-20T09:27:48.427Z,2026-09-20T09:28:03.289Z,202634,201984,0,749,,
python-glm-decode-first,110,0,GLM-5.3-Flash,max,completed,2026-09-20T09:29:43.605Z,2026-09-20T09:31:32.661Z,203472,202624,0,3123,,
python-glm-decode-first,111,0,GLM-5.3-Flash,max,completed,2026-09-20T09:31:32.908Z,2026-09-20T09:31:41.608Z,206654,203456,0,189,,
python-glm-decode-first,112,0,GLM-5.3-Flash,max,completed,2026-09-20T09:31:41.682Z,2026-09-20T09:31:48.771Z,207159,206592,0,192,,
python-glm-decode-first,113,0,GLM-5.3-Flash,max,completed,2026-09-20T09:31:48.894Z,2026-09-20T09:32:09.461Z,207383,207104,0,736,,
python-glm-decode-first,114,0,GLM-5.3-Flash,max,completed,2026-09-20T09:32:09.576Z,2026-09-20T09:32:42.234Z,208151,207360,0,2241,,
python-glm-decode-first,115,0,GLM-5.3-Flash,max,completed,2026-09-20T09:32:42.443Z,2026-09-20T09:33:20.841Z,210426,208128,0,1698,,
python-glm-decode-first,116,0,GLM-5.3-Flash,max,completed,2026-09-20T09:33:21.007Z,2026-09-20T09:34:33.431Z,212156,210368,0,3046,,
python-glm-decode-first,117,0,GLM-5.3-Flash,max,completed,2026-09-20T09:34:33.668Z,2026-09-20T09:35:04.577Z,215236,212096,0,1200,,
python-glm-decode-first,118,0,GLM-5.3-Flash,max,completed,2026-09-20T09:36:20.229Z,2026-09-20T09:36:47.165Z,216550,215232,0,907,,
python-glm-decode-first,119,0,GLM-5.3-Flash,max,completed,2026-09-20T09:36:47.396Z,2026-09-20T09:36:54.844Z,217651,216512,0,85,,
python-glm-decode-first,120,0,GLM-5.3-Flash,max,completed,2026-09-20T09:36:55.367Z,2026-09-20T09:37:56.908Z,217867,217600,0,1872,,
python-glm-decode-first,121,0,GLM-5.3-Flash,max,completed,2026-09-20T09:37:57.107Z,2026-09-20T09:38:11.423Z,219772,217856,0,421,,
python-glm-decode-first,122,0,GLM-5.3-Flash,max,completed,2026-09-20T09:38:11.538Z,2026-09-20T09:38:15.442Z,220639,219712,0,41,,
python-glm-decode-first,123,0,GLM-5.3-Flash,max,completed,2026-09-20T09:38:15.547Z,2026-09-20T09:38:21.982Z,220744,220608,0,198,,
python-glm-decode-first,124,0,GLM-5.3-Flash,max,completed,2026-09-20T09:38:22.052Z,2026-09-20T09:38:53.116Z,221262,220736,0,1217,,
python-glm-decode-first,125,0,GLM-5.3-Flash,max,completed,2026-09-20T09:38:53.249Z,2026-09-20T09:39:00.785Z,222537,221248,0,39,,
python-glm-decode-first,126,0,GLM-5.3-Flash,max,completed,2026-09-20T09:39:00.869Z,2026-09-20T09:39:08.807Z,222820,222528,0,81,,
python-glm-decode-first,127,0,GLM-5.3-Flash,max,completed,2026-09-20T09:39:53.877Z,2026-09-20T09:40:00.488Z,222907,222784,0,30,,
python-glm-decode-first,128,0,GLM-5.3-Flash,max,completed,2026-09-20T09:40:00.578Z,2026-09-20T09:40:04.173Z,223001,222848,0,33,,
python-glm-decode-first,129,0,GLM-5.3-Flash,max,error,2026-09-20T09:42:34.274Z,2026-09-20T09:42:35.324Z,0,0,0,0,,
python-glm-decode-first,130,0,GLM-5.3-Flash,max,completed,2026-09-20T12:13:35.862Z,2026-09-20T12:13:55.743Z,223098,0,0,91,,
python-glm-decode-first,131,0,GLM-5.3-Flash,max,completed,2026-09-20T12:13:55.871Z,2026-09-20T12:14:02.433Z,223436,223040,0,54,,
python-glm-decode-first,132,0,GLM-5.3-Flash,max,completed,2026-09-20T12:18:02.530Z,2026-09-20T12:18:08.562Z,223495,223424,0,30,,
python-glm-decode-first,133,0,GLM-5.3-Flash,max,completed,2026-09-20T12:18:08.652Z,2026-09-20T12:18:14.488Z,223589,223488,0,34,,
python-glm-decode-first,134,0,GLM-5.3-Flash,max,completed,2026-09-20T12:22:14.559Z,2026-09-20T12:22:19.842Z,223629,223552,0,39,,
python-glm-decode-first,135,0,GLM-5.3-Flash,max,completed,2026-09-20T12:22:19.914Z,2026-09-20T12:22:27.040Z,223941,223616,0,79,,
python-glm-decode-first,136,0,GLM-5.3-Flash,max,completed,2026-09-20T12:25:27.125Z,2026-09-20T12:25:33.422Z,224026,223936,0,39,,
python-glm-decode-first,137,0,GLM-5.3-Flash,max,completed,2026-09-20T12:25:33.492Z,2026-09-20T12:27:24.047Z,224626,224000,0,3476,,
python-glm-decode-first,138,0,GLM-5.3-Flash,max,completed,2026-09-20T12:27:24.270Z,2026-09-20T12:27:34.639Z,228144,224576,0,228,,
python-glm-decode-first,139,0,GLM-5.3-Flash,max,completed,2026-09-20T12:27:34.748Z,2026-09-20T12:28:31.181Z,228836,228096,0,1517,,
python-glm-decode-first,140,0,GLM-5.3-Flash,max,completed,2026-09-20T12:28:31.335Z,2026-09-20T12:30:45.107Z,232784,228800,0,4751,,
python-glm-decode-first,141,0,GLM-5.3-Flash,max,completed,2026-09-20T12:31:47.172Z,2026-09-20T12:33:11.536Z,237655,232768,0,2628,,
python-glm-decode-first,142,0,GLM-5.3-Flash,max,completed,2026-09-20T12:33:11.748Z,2026-09-20T12:33:18.689Z,240288,237632,0,35,,
python-glm-decode-first,143,0,GLM-5.3-Flash,max,completed,2026-09-20T12:33:48.765Z,2026-09-20T12:33:53.101Z,240328,240256,0,30,,
python-glm-decode-first,144,0,GLM-5.3-Flash,max,completed,2026-09-20T12:33:53.192Z,2026-09-20T12:33:57.601Z,240420,240320,0,33,,
python-glm-decode-first,145,0,GLM-5.3-Flash,max,completed,2026-09-20T12:38:57.684Z,2026-09-20T12:39:05.221Z,240668,240384,0,38,,
python-glm-decode-first,146,0,GLM-5.3-Flash,max,completed,2026-09-20T12:39:05.288Z,2026-09-20T12:39:08.899Z,240768,240640,0,31,,
python-glm-decode-first,147,0,GLM-5.3-Flash,max,completed,2026-09-20T12:42:08.981Z,2026-09-20T12:42:15.070Z,240805,240768,0,38,,
python-glm-decode-first,148,0,GLM-5.3-Flash,max,completed,2026-09-20T12:42:15.146Z,2026-09-20T12:43:52.156Z,241393,240768,0,2747,,
python-glm-decode-first,149,0,GLM-5.3-Flash,max,completed,2026-09-20T12:45:30.972Z,2026-09-20T12:45:44.278Z,244216,241344,0,262,,
python-glm-decode-first,150,0,GLM-5.3-Flash,max,completed,2026-09-20T12:47:20.848Z,2026-09-20T12:47:43.578Z,244613,244160,0,730,,
python-glm-decode-first,151,0,GLM-5.3-Flash,max,completed,2026-09-20T12:49:01.072Z,2026-09-20T12:49:13.688Z,245389,244608,0,289,,
python-glm-decode-first,152,0,GLM-5.3-Flash,max,completed,2026-09-20T12:49:13.775Z,2026-09-20T12:49:17.169Z,246042,245376,0,30,,
python-glm-decode-first,153,0,GLM-5.3-Flash,max,completed,2026-09-20T12:49:17.253Z,2026-09-20T12:49:23.542Z,246136,246016,0,43,,
python-glm-decode-first,154,0,GLM-5.3-Flash,max,completed,2026-09-20T12:58:23.611Z,2026-09-20T12:58:30.685Z,246185,246080,0,39,,
python-glm-decode-first,155,0,GLM-5.3-Flash,max,completed,2026-09-20T12:58:30.753Z,2026-09-20T12:58:40.165Z,246497,246144,0,231,,
python-glm-decode-first,156,0,GLM-5.3-Flash,max,completed,2026-09-20T12:58:40.222Z,2026-09-20T12:58:46.100Z,247084,246464,0,33,,
python-glm-decode-first,157,0,GLM-5.3-Flash,max,completed,2026-09-20T13:05:46.166Z,2026-09-20T13:06:19.540Z,247123,247040,0,39,,
python-glm-decode-first,158,0,GLM-5.3-Flash,max,completed,2026-09-20T13:06:19.607Z,2026-09-20T13:06:27.519Z,247226,247104,0,34,,
python-glm-decode-first,159,0,GLM-5.3-Flash,max,completed,2026-09-20T13:14:27.592Z,2026-09-20T13:14:35.400Z,247266,247168,0,39,,
python-glm-decode-first,160,0,GLM-5.3-Flash,max,completed,2026-09-20T13:14:36.104Z,2026-09-20T13:18:07.144Z,247887,247232,0,6577,,
python-glm-decode-first,161,0,GLM-5.3-Flash,max,completed,2026-09-20T13:19:08.987Z,2026-09-20T13:19:44.650Z,254543,247872,0,208,,
python-glm-decode-first,162,0,GLM-5.3-Flash,max,completed,2026-09-20T13:19:44.733Z,2026-09-20T13:19:54.448Z,254789,254528,0,187,,
python-glm-decode-first,163,0,GLM-5.3-Flash,max,completed,2026-09-20T13:19:54.544Z,2026-09-20T13:22:37.475Z,255493,254784,0,5160,,
python-glm-decode-first,164,0,GLM-5.3-Flash,max,completed,2026-09-20T13:23:38.148Z,2026-09-20T13:24:08.206Z,260750,255488,0,877,,
python-glm-decode-first,165,0,GLM-5.3-Flash,max,completed,2026-09-20T13:24:08.325Z,2026-09-20T13:25:48.417Z,265319,260736,0,2891,,
python-glm-decode-first,166,0,GLM-5.3-Flash,max,completed,2026-09-20T13:26:58.130Z,2026-09-20T13:27:08.421Z,268570,265280,0,184,,
python-glm-decode-first,167,0,GLM-5.3-Flash,max,completed,2026-09-20T13:27:08.481Z,2026-09-20T13:32:35.709Z,269102,268544,0,12117,,
python-glm-decode-first,168,0,GLM-5.3-Flash,max,completed,2026-09-20T13:32:36.511Z,2026-09-20T13:33:17.887Z,281250,269056,0,163,,
python-glm-decode-first,169,0,GLM-5.3-Flash,max,completed,2026-09-20T13:34:17.272Z,2026-09-20T13:35:29.186Z,281594,281216,0,2485,,
python-glm-decode-first,170,0,GLM-5.3-Flash,max,completed,2026-09-20T13:36:32.315Z,2026-09-20T13:37:37.789Z,284238,281536,0,2466,,
python-glm-decode-first,171,0,GLM-5.3-Flash,max,completed,2026-09-20T13:38:41.827Z,2026-09-20T13:38:53.380Z,286868,284224,0,68,,
python-glm-decode-first,172,0,GLM-5.3-Flash,max,completed,2026-09-20T13:38:53.460Z,2026-09-20T13:39:07.562Z,287057,286848,0,521,,
python-glm-decode-first,173,0,GLM-5.3-Flash,max,completed,2026-09-20T13:40:10.450Z,2026-09-20T13:40:23.064Z,287720,287040,0,137,,
python-glm-decode-first,174,0,GLM-5.3-Flash,max,completed,2026-09-20T13:40:23.141Z,2026-09-20T13:40:37.400Z,288590,287680,0,561,,
python-glm-decode-first,175,0,GLM-5.3-Flash,max,completed,2026-09-20T13:41:41.816Z,2026-09-20T13:42:14.274Z,289292,288576,0,1045,,
python-glm-decode-first,176,0,GLM-5.3-Flash,max,completed,2026-09-20T13:42:14.963Z,2026-09-20T13:42:34.161Z,290403,289280,0,645,,
python-glm-decode-first,177,0,GLM-5.3-Flash,max,completed,2026-09-20T13:43:46.374Z,2026-09-20T13:44:06.636Z,291603,290368,0,504,,
python-glm-decode-first,178,0,GLM-5.3-Flash,max,completed,2026-09-20T13:45:21.592Z,2026-09-20T13:46:23.516Z,292549,291584,0,1849,,
python-glm-decode-first,179,0,GLM-5.3-Flash,max,completed,2026-09-20T13:46:23.740Z,2026-09-20T13:46:52.699Z,294548,292544,0,1093,,
python-glm-decode-first,180,0,GLM-5.3-Flash,max,completed,2026-09-20T13:47:53.408Z,2026-09-20T13:48:02.431Z,295811,294528,0,67,,
python-glm-decode-first,181,0,GLM-5.3-Flash,max,completed,2026-09-20T13:48:02.662Z,2026-09-20T13:48:22.814Z,296053,295808,0,639,,
python-glm-decode-first,182,0,GLM-5.3-Flash,max,completed,2026-09-20T13:49:26.491Z,2026-09-20T13:49:37.663Z,296834,296000,0,306,,
python-glm-decode-first,183,0,GLM-5.3-Flash,max,completed,2026-09-20T13:49:38.418Z,2026-09-20T13:50:22.307Z,297209,296832,0,1289,,
python-glm-decode-first,184,0,GLM-5.3-Flash,max,completed,2026-09-20T13:50:22.939Z,2026-09-20T13:51:38.496Z,298766,297152,0,2467,,
python-glm-decode-first,185,0,GLM-5.3-Flash,max,completed,2026-09-20T13:51:38.747Z,2026-09-20T13:52:27.240Z,301354,298752,0,1650,,
python-glm-decode-first,186,0,GLM-5.3-Flash,max,completed,2026-09-20T13:52:27.445Z,2026-09-20T13:53:18.279Z,303170,301312,0,2369,,
python-glm-decode-first,187,0,GLM-5.3-Flash,max,completed,2026-09-20T13:54:54.317Z,2026-09-20T13:55:18.301Z,305909,303168,0,107,,
python-glm-decode-first,188,0,GLM-5.3-Flash,max,completed,2026-09-20T13:55:18.390Z,2026-09-20T13:55:35.251Z,306644,305856,0,443,,
python-glm-decode-first,189,0,GLM-5.3-Flash,max,completed,2026-09-20T13:56:37.611Z,2026-09-20T13:57:08.027Z,307230,306624,0,747,,
python-glm-decode-first,190,0,GLM-5.3-Flash,max,completed,2026-09-20T13:57:08.384Z,2026-09-20T13:57:28.104Z,308123,307200,0,430,,
python-glm-decode-first,191,0,GLM-5.3-Flash,max,completed,2026-09-20T13:58:19.802Z,2026-09-20T13:58:54.311Z,308697,308096,0,155,,
python-glm-decode-first,192,0,GLM-5.3-Flash,max,completed,2026-09-20T13:58:54.692Z,2026-09-20T13:59:09.057Z,308928,308672,0,255,,
python-glm-decode-first,193,0,GLM-5.3-Flash,max,completed,2026-09-20T13:59:09.423Z,2026-09-20T13:59:21.346Z,309266,308928,0,293,,
python-glm-decode-first,194,0,GLM-5.3-Flash,max,completed,2026-09-20T13:59:21.492Z,2026-09-20T13:59:29.779Z,309649,309248,0,180,,
python-glm-decode-first,195,0,GLM-5.3-Flash,max,completed,2026-09-20T13:59:29.910Z,2026-09-20T13:59:36.329Z,309863,309632,0,118,,
python-glm-decode-first,196,0,GLM-5.3-Flash,max,completed,2026-09-20T13:59:36.457Z,2026-09-20T13:59:44.320Z,310015,309824,0,66,,
python-glm-decode-first,197,0,GLM-5.3-Flash,max,completed,2026-09-20T13:59:44.426Z,2026-09-20T14:00:02.921Z,310461,309952,0,590,,
python-glm-decode-first,198,0,GLM-5.3-Flash,max,completed,2026-09-20T14:00:03.879Z,2026-09-20T14:00:29.136Z,311311,310400,0,668,,
python-glm-decode-first,199,0,GLM-5.3-Flash,max,completed,2026-09-20T14:00:29.892Z,2026-09-20T14:00:35.533Z,312015,311296,0,80,,
python-glm-decode-first,200,0,GLM-5.3-Flash,max,completed,2026-09-20T14:00:35.686Z,2026-09-20T14:00:41.217Z,312131,312000,0,74,,
python-glm-decode-first,201,0,GLM-5.3-Flash,max,completed,2026-09-20T14:00:41.290Z,2026-09-20T14:00:58.219Z,312502,312128,0,516,,
python-glm-decode-first,202,0,GLM-5.3-Flash,max,completed,2026-09-20T14:00:59.181Z,2026-09-20T14:01:09.685Z,313383,312448,0,307,,
python-glm-decode-first,203,0,GLM-5.3-Flash,max,completed,2026-09-20T14:01:09.824Z,2026-09-20T14:01:54.354Z,313956,313344,0,1237,,
python-glm-decode-first,204,0,GLM-5.3-Flash,max,completed,2026-09-20T14:01:54.496Z,2026-09-20T14:02:32.677Z,315695,313920,0,1135,,
python-glm-decode-first,205,0,GLM-5.3-Flash,max,completed,2026-09-20T14:02:32.819Z,2026-09-20T14:03:50.767Z,317180,315648,0,2997,,
python-glm-decode-first,206,0,GLM-5.3-Flash,max,completed,2026-09-20T14:03:51.003Z,2026-09-20T14:04:36.651Z,320228,317120,0,1487,,
python-glm-decode-first,207,0,GLM-5.3-Flash,max,completed,2026-09-20T14:05:38.880Z,2026-09-20T14:06:35.301Z,322061,320192,0,862,,
python-glm-decode-first,208,0,GLM-5.3-Flash,max,completed,2026-09-20T14:06:35.519Z,2026-09-20T14:06:59.082Z,322988,322048,0,552,,
python-glm-decode-first,209,0,GLM-5.3-Flash,max,completed,2026-09-20T14:08:11.813Z,2026-09-20T14:09:15.738Z,323742,322944,0,2143,,
python-glm-decode-first,210,0,GLM-5.3-Flash,max,completed,2026-09-20T14:09:16.108Z,2026-09-20T14:09:27.347Z,326157,323712,0,256,,
python-glm-decode-first,211,0,GLM-5.3-Flash,max,completed,2026-09-20T14:09:28.000Z,2026-09-20T14:09:42.695Z,326509,326144,0,564,,
python-glm-decode-first,212,0,GLM-5.3-Flash,max,completed,2026-09-20T14:09:43.252Z,2026-09-20T14:10:04.225Z,327114,326464,0,843,,
python-glm-decode-first,213,0,GLM-5.3-Flash,max,completed,2026-09-20T14:10:04.352Z,2026-09-20T14:10:25.529Z,327994,327104,0,893,,
python-glm-decode-first,214,0,GLM-5.3-Flash,max,completed,2026-09-20T14:10:25.658Z,2026-09-20T14:10:56.079Z,328991,327936,0,812,,
python-glm-decode-first,215,0,GLM-5.3-Flash,max,completed,2026-09-20T14:10:56.197Z,2026-09-20T14:11:35.363Z,330021,328960,0,1576,,
python-glm-decode-first,216,0,GLM-5.3-Flash,max,completed,2026-09-20T14:11:35.590Z,2026-09-20T14:12:13.050Z,331698,329984,0,1497,,
python-glm-decode-first,217,0,GLM-5.3-Flash,max,completed,2026-09-20T14:12:13.219Z,2026-09-20T14:13:33.943Z,333518,331648,0,2651,,
python-glm-decode-first,218,0,GLM-5.3-Flash,max,completed,2026-09-20T14:13:34.159Z,2026-09-20T14:14:08.344Z,336719,333504,0,260,,
python-glm-decode-first,219,0,GLM-5.3-Flash,max,completed,2026-09-20T14:14:08.425Z,2026-09-20T14:14:38.044Z,337063,336704,0,1197,,
python-glm-decode-first,220,0,GLM-5.3-Flash,max,completed,2026-09-20T14:14:38.189Z,2026-09-20T14:15:19.416Z,338312,337024,0,1080,,
python-glm-decode-first,221,0,GLM-5.3-Flash,max,completed,2026-09-20T14:15:19.563Z,2026-09-20T14:15:52.188Z,339440,338304,0,438,,
python-glm-decode-first,222,0,GLM-5.3-Flash,max,completed,2026-09-20T14:15:52.744Z,2026-09-20T14:16:37.038Z,340470,339392,0,570,,
python-glm-decode-first,223,0,GLM-5.3-Flash,max,completed,2026-09-20T14:16:37.144Z,2026-09-20T14:17:53.418Z,341172,340416,0,2739,,
python-glm-decode-first,224,0,GLM-5.3-Flash,max,completed,2026-09-20T14:17:53.632Z,2026-09-20T14:18:10.221Z,344118,341120,0,415,,
python-glm-decode-first,225,0,GLM-5.3-Flash,max,completed,2026-09-20T14:19:11.061Z,2026-09-20T14:20:32.360Z,344818,344064,0,2512,,
python-glm-decode-first,226,0,GLM-5.3-Flash,max,completed,2026-09-20T14:20:32.580Z,2026-09-20T14:20:58.360Z,347480,344768,0,712,,
python-glm-decode-first,227,0,GLM-5.3-Flash,max,completed,2026-09-20T14:20:58.474Z,2026-09-20T14:21:07.162Z,348407,347456,0,180,,
python-glm-decode-first,228,0,GLM-5.3-Flash,max,completed,2026-09-20T14:21:07.227Z,2026-09-20T14:21:14.347Z,348896,348352,0,66,,
python-glm-decode-first,229,0,GLM-5.3-Flash,max,completed,2026-09-20T14:21:14.915Z,2026-09-20T14:21:21.448Z,349276,348864,0,33,,
python-glm-decode-first,230,0,GLM-5.3-Flash,max,completed,2026-09-20T14:28:21.530Z,2026-09-20T14:28:33.837Z,349315,349248,0,38,,
python-glm-decode-first,231,0,GLM-5.3-Flash,max,completed,2026-09-20T14:28:33.899Z,2026-09-20T14:28:42.258Z,349779,349312,0,63,,
python-glm-decode-first,232,0,GLM-5.3-Flash,max,completed,2026-09-20T14:36:42.332Z,2026-09-20T14:36:48.232Z,349848,349760,0,38,,
python-glm-decode-first,233,0,GLM-5.3-Flash,max,completed,2026-09-20T14:36:48.436Z,2026-09-20T14:38:53.981Z,361211,349824,0,4187,,
python-glm-decode-first,234,0,GLM-5.3-Flash,max,completed,2026-09-20T14:39:57.561Z,2026-09-20T14:40:12.012Z,365618,361152,0,288,,
python-glm-decode-first,235,0,GLM-5.3-Flash,max,completed,2026-09-20T14:40:32.110Z,2026-09-20T14:40:39.450Z,366027,365568,0,30,,
python-glm-decode-first,236,0,GLM-5.3-Flash,max,completed,2026-09-20T14:40:39.597Z,2026-09-20T14:40:46.643Z,366122,366016,0,33,,
python-glm-decode-first,237,0,GLM-5.3-Flash,max,completed,2026-09-20T14:49:46.716Z,2026-09-20T14:49:54.659Z,366161,366080,0,41,,
python-glm-decode-first,238,0,GLM-5.3-Flash,max,completed,2026-09-20T14:49:54.870Z,2026-09-20T14:50:01.430Z,366468,366144,0,173,,
python-glm-decode-first,239,0,GLM-5.3-Flash,max,completed,2026-09-20T14:50:01.489Z,2026-09-20T14:50:08.996Z,366939,366464,0,34,,
python-glm-decode-first,240,0,GLM-5.3-Flash,max,completed,2026-09-20T14:58:09.073Z,2026-09-20T14:58:17.453Z,366979,366912,0,41,,
python-glm-decode-first,241,0,GLM-5.3-Flash,max,completed,2026-09-20T14:58:17.524Z,2026-09-20T14:58:23.827Z,367085,366976,0,33,,
python-glm-decode-first,242,0,GLM-5.3-Flash,max,completed,2026-09-20T15:05:23.907Z,2026-09-20T15:05:31.666Z,367124,367040,0,41,,
python-glm-decode-first,243,0,GLM-5.3-Flash,max,completed,2026-09-20T15:05:31.728Z,2026-09-20T15:05:38.800Z,367230,367104,0,34,,
python-glm-decode-first,244,0,GLM-5.3-Flash,max,completed,2026-09-20T15:13:38.877Z,2026-09-20T15:13:44.185Z,367270,367168,0,41,,
python-glm-decode-first,245,0,GLM-5.3-Flash,max,completed,2026-09-20T15:13:44.247Z,2026-09-20T15:13:53.624Z,367894,367232,0,202,,
python-glm-decode-first,246,0,GLM-5.3-Flash,max,completed,2026-09-20T15:13:55.150Z,2026-09-20T15:13:59.744Z,368406,367872,0,34,,
python-glm-decode-first,247,0,GLM-5.3-Flash,max,completed,2026-09-20T15:22:59.819Z,2026-09-20T15:23:10.489Z,368446,368384,0,41,,
python-glm-decode-first,248,0,GLM-5.3-Flash,max,completed,2026-09-20T15:23:10.580Z,2026-09-20T15:23:14.890Z,368910,368384,0,35,,
python-glm-decode-first,249,0,GLM-5.3-Flash,max,completed,2026-09-20T15:31:14.974Z,2026-09-20T15:31:22.703Z,369147,368896,0,41,,
python-glm-decode-first,250,0,GLM-5.3-Flash,max,completed,2026-09-20T15:31:22.768Z,2026-09-20T15:31:53.121Z,380521,369088,0,851,,
python-glm-decode-first,251,0,GLM-5.3-Flash,max,completed,2026-09-20T15:31:53.544Z,2026-09-20T15:32:22.624Z,381559,380480,0,902,,
python-glm-decode-first,252,0,GLM-5.3-Flash,max,completed,2026-09-20T15:32:22.743Z,2026-09-20T15:32:38.589Z,382523,381504,0,502,,
python-glm-decode-first,253,0,GLM-5.3-Flash,max,completed,2026-09-20T15:32:38.700Z,2026-09-20T15:33:54.573Z,383034,382464,0,2239,,
python-glm-decode-first,254,0,GLM-5.3-Flash,max,completed,2026-09-20T15:33:54.773Z,2026-09-20T15:34:34.134Z,385330,382976,0,1329,,
python-glm-decode-first,255,0,GLM-5.3-Flash,max,completed,2026-09-20T15:34:34.274Z,2026-09-20T15:34:42.906Z,386719,385280,0,221,,
python-glm-decode-first,256,0,GLM-5.3-Flash,max,completed,2026-09-20T15:34:43.009Z,2026-09-20T15:34:58.470Z,387396,386688,0,322,,
python-glm-decode-first,257,0,GLM-5.3-Flash,max,completed,2026-09-20T15:34:58.546Z,2026-09-20T15:35:21.838Z,387967,387392,0,772,,
yelp-astra-standard,1,0,gpt-6-astra,ultra,settled,2026-09-20T19:42:36.942Z,2026-09-20T19:42:40.761Z,11233,0,11230,134,0,147105000
yelp-astra-standard,2,0,gpt-6-astra,ultra,settled,2026-09-20T19:42:41.443Z,2026-09-20T19:42:47.424Z,11420,11230,187,217,100,24447500
yelp-astra-standard,3,0,gpt-6-astra,ultra,settled,2026-09-20T19:42:47.942Z,2026-09-20T19:42:49.567Z,11659,11417,239,35,0,16184500
yelp-astra-standard,4,1,gpt-6-astra,ultra,settled,2026-09-20T19:42:47.980Z,2026-09-20T19:42:50.296Z,11131,0,10349,61,0,140232500
yelp-astra-standard,5,0,gpt-6-astra,ultra,settled,2026-09-20T19:42:50.861Z,2026-09-20T19:42:57.031Z,11747,11656,88,185,120,22036000
yelp-astra-standard,6,1,gpt-6-astra,ultra,settled,2026-09-20T19:42:50.885Z,2026-09-20T19:42:57.244Z,11245,10349,893,208,93,31941500
yelp-astra-standard,7,0,gpt-6-astra,ultra,settled,2026-09-20T19:42:57.544Z,2026-09-20T19:43:02.122Z,11944,11744,0,131,64,20294000
yelp-astra-standard,8,1,gpt-6-astra,ultra,settled,2026-09-20T19:42:57.728Z,2026-09-20T19:43:00.704Z,11415,11242,0,110,0,18472000
yelp-astra-standard,9,1,gpt-6-astra,ultra,settled,2026-09-20T19:43:01.231Z,2026-09-20T19:43:05.908Z,11537,11242,0,89,16,18642000
yelp-astra-standard,10,0,gpt-6-astra,ultra,settled,2026-09-20T19:43:02.591Z,2026-09-20T19:43:10.602Z,12132,11744,0,280,178,29624000
yelp-astra-standard,11,0,gpt-6-astra,ultra,settled,2026-09-20T19:43:11.051Z,2026-09-20T19:43:15.444Z,12416,11744,0,96,0,23264000
yelp-astra-standard,12,0,gpt-6-astra,ultra,settled,2026-09-20T19:43:16.150Z,2026-09-20T19:43:19.871Z,12549,11744,802,127,0,28149000
yelp-astra-standard,13,0,gpt-6-astra,ultra,settled,2026-09-20T19:43:20.360Z,2026-09-20T19:43:31.131Z,12729,12546,180,333,239,31476000
yelp-astra-standard,14,0,gpt-6-astra,ultra,settled,2026-09-20T19:43:31.616Z,2026-09-20T19:43:34.552Z,13099,12726,370,117,0,23231000
yelp-astra-standard,15,0,gpt-6-astra,ultra,settled,2026-09-20T19:43:35.123Z,2026-09-20T19:43:42.155Z,13269,13096,170,243,159,27401000
yelp-astra-standard,16,0,gpt-6-astra,ultra,settled,2026-09-20T19:43:42.704Z,2026-09-20T19:43:46.038Z,13549,13266,280,114,0,22496000
yelp-astra-standard,17,0,gpt-6-astra,ultra,settled,2026-09-20T19:43:46.519Z,2026-09-20T19:43:51.662Z,13716,13546,167,149,68,23113500
yelp-astra-standard,18,0,gpt-6-astra,ultra,settled,2026-09-20T19:43:52.237Z,2026-09-20T19:43:54.965Z,13902,13713,186,120,0,22068000
yelp-astra-standard,19,0,gpt-6-astra,ultra,settled,2026-09-20T19:43:55.518Z,2026-09-20T19:44:01.599Z,14075,13899,173,226,144,27391500
yelp-astra-standard,20,0,gpt-6-astra,ultra,settled,2026-09-20T19:44:02.271Z,2026-09-20T19:44:05.284Z,14338,14072,263,111,0,22939500
yelp-astra-standard,21,0,gpt-6-astra,ultra,settled,2026-09-20T19:44:06.139Z,2026-09-20T19:44:09.661Z,14502,14335,164,119,37,22365000
yelp-astra-standard,22,0,gpt-6-astra,ultra,settled,2026-09-20T19:44:10.248Z,2026-09-20T19:44:13.026Z,14658,14499,156,118,0,22379000
yelp-astra-standard,23,0,gpt-6-astra,ultra,settled,2026-09-20T19:44:13.544Z,2026-09-20T19:44:19.376Z,14829,14655,171,183,99,25972500
yelp-astra-standard,24,0,gpt-6-astra,ultra,settled,2026-09-20T19:44:19.901Z,2026-09-20T19:44:23.257Z,15049,14826,220,118,0,23506000
yelp-astra-standard,25,0,gpt-6-astra,ultra,settled,2026-09-20T19:44:23.893Z,2026-09-20T19:44:30.160Z,15220,15046,171,192,105,26813500
yelp-astra-standard,26,0,gpt-6-astra,ultra,settled,2026-09-20T19:44:30.743Z,2026-09-20T19:44:33.808Z,15449,15217,229,112,0,23709500
yelp-astra-standard,27,0,gpt-6-astra,ultra,settled,2026-09-20T19:44:34.362Z,2026-09-20T19:44:41.391Z,15614,15446,165,223,137,28688500
yelp-astra-standard,28,0,gpt-6-astra,ultra,settled,2026-09-20T19:44:42.825Z,2026-09-20T19:44:45.912Z,15874,15611,260,113,0,24541000
yelp-astra-standard,29,0,gpt-6-astra,ultra,settled,2026-09-20T19:44:46.472Z,2026-09-20T19:44:52.372Z,16040,15871,166,166,82,26276000
yelp-astra-standard,30,0,gpt-6-astra,ultra,settled,2026-09-20T19:44:53.111Z,2026-09-20T19:44:56.188Z,16243,16037,203,115,0,24354500
yelp-astra-standard,31,0,gpt-6-astra,ultra,settled,2026-09-20T19:44:56.704Z,2026-09-20T19:44:59.987Z,16411,16240,168,112,31,23970000
yelp-astra-standard,32,0,gpt-6-astra,ultra,settled,2026-09-20T19:45:00.590Z,2026-09-20T19:45:03.793Z,16560,16408,149,121,0,24350500
yelp-astra-standard,33,0,gpt-6-astra,ultra,settled,2026-09-20T19:45:04.355Z,2026-09-20T19:45:08.901Z,16734,16557,174,146,61,26062000
yelp-astra-standard,34,0,gpt-6-astra,ultra,settled,2026-09-20T19:45:09.574Z,2026-09-20T19:45:12.370Z,16917,16731,183,109,0,24498500
yelp-astra-standard,35,0,gpt-6-astra,ultra,settled,2026-09-20T19:45:12.880Z,2026-09-20T19:45:17.792Z,17079,16914,162,110,35,24469000
yelp-astra-standard,36,0,gpt-6-astra,ultra,settled,2026-09-20T19:45:18.360Z,2026-09-20T19:45:21.459Z,17226,17076,147,89,26,23393500
yelp-astra-standard,37,0,gpt-6-astra,ultra,settled,2026-09-20T19:45:22.056Z,2026-09-20T19:45:25.965Z,17368,17223,142,105,27,24278000
yelp-astra-standard,38,0,gpt-6-astra,ultra,settled,2026-09-20T19:45:26.712Z,2026-09-20T19:45:30.304Z,17510,17365,142,107,46,24520000
yelp-astra-standard,39,0,gpt-6-astra,ultra,settled,2026-09-20T19:45:30.850Z,2026-09-20T19:45:36.075Z,17670,17507,160,129,44,25987000
yelp-astra-standard,40,0,gpt-6-astra,ultra,settled,2026-09-20T19:45:36.715Z,2026-09-20T19:45:42.335Z,17836,17667,166,214,152,30472000
yelp-astra-standard,41,0,gpt-6-astra,ultra,settled,2026-09-20T19:45:43.002Z,2026-09-20T19:45:47.813Z,18103,17833,267,108,26,26600500
yelp-astra-standard,42,0,gpt-6-astra,ultra,settled,2026-09-20T19:45:48.468Z,2026-09-20T19:45:51.518Z,18248,18100,145,91,28,24492500
yelp-astra-standard,43,0,gpt-6-astra,ultra,settled,2026-09-20T19:45:52.280Z,2026-09-20T19:45:56.235Z,18392,18245,144,146,65,27375000
yelp-astra-standard,44,0,gpt-6-astra,ultra,settled,2026-09-20T19:50:59.700Z,2026-09-20T19:51:02.902Z,18574,18389,182,124,0,26894000
yelp-astra-standard,45,0,gpt-6-astra,ultra,settled,2026-09-20T19:51:04.598Z,2026-09-20T19:51:15.259Z,18727,18571,153,84,66,24713500
yelp-astra-standard,46,0,gpt-6-astra,ultra,settled,2026-09-20T19:51:16.078Z,2026-09-20T19:51:20.466Z,18838,18724,111,110,41,25641500
yelp-astra-standard,47,0,gpt-6-astra,ultra,settled,2026-09-20T19:51:21.100Z,2026-09-20T19:51:23.495Z,19048,18835,210,76,0,25290000
yelp-astra-standard,48,0,gpt-6-astra,ultra,settled,2026-09-20T19:51:25.303Z,2026-09-20T19:51:29.131Z,19153,19045,105,96,50,25187500
yelp-astra-standard,49,0,gpt-6-astra,ultra,settled,2026-09-20T19:51:29.742Z,2026-09-20T19:51:32.572Z,19379,19150,226,39,0,23955000
yelp-astra-standard,50,0,gpt-6-astra,ultra,settled,2026-09-20T19:51:33.547Z,2026-09-20T19:51:36.033Z,20595,19376,1216,54,35,37306000
yelp-astra-standard,51,0,gpt-6-astra,ultra,settled,2026-09-20T19:51:36.692Z,2026-09-20T19:51:38.926Z,20673,20592,78,47,24,23947000
yelp-astra-standard,52,0,gpt-6-astra,ultra,settled,2026-09-20T19:51:40.843Z,2026-09-20T19:51:43.832Z,20749,20670,76,60,42,24650000
yelp-astra-standard,53,0,gpt-6-astra,ultra,settled,2026-09-20T19:51:44.512Z,2026-09-20T19:51:47.703Z,20971,20746,222,127,26,29901000
yelp-astra-standard,54,0,gpt-6-astra,ultra,settled,2026-09-20T19:51:48.408Z,2026-09-20T19:51:52.849Z,34226,20968,13255,147,35,194035500
yelp-astra-standard,55,0,gpt-6-astra,ultra,settled,2026-09-20T19:51:53.571Z,2026-09-20T19:52:13.695Z,37904,34223,3678,707,451,115578000
yelp-astra-standard,56,0,gpt-6-astra,ultra,settled,2026-09-20T19:52:14.448Z,2026-09-20T19:52:21.526Z,38624,37901,0,279,0,59081000
yelp-astra-standard,57,1,gpt-6-astra,ultra,settled,2026-09-20T19:52:14.471Z,2026-09-20T19:52:16.572Z,11825,11242,0,16,0,17872000
yelp-astra-standard,58,1,gpt-6-astra,ultra,settled,2026-09-20T19:52:17.039Z,2026-09-20T19:52:20.191Z,12003,11242,758,58,0,23647000
yelp-astra-standard,59,1,gpt-6-astra,ultra,settled,2026-09-20T19:52:20.771Z,2026-09-20T19:52:23.191Z,12127,12000,124,61,13,16630000
yelp-astra-standard,60,2,gpt-6-astra,ultra,settled,2026-09-20T19:52:22.232Z,2026-09-20T19:52:24.121Z,13316,10349,2023,34,0,46776500
yelp-astra-standard,61,0,gpt-6-astra,ultra,settled,2026-09-20T19:52:22.243Z,2026-09-20T19:52:31.089Z,38924,37901,1020,304,0,65881000
yelp-astra-standard,62,1,gpt-6-astra,ultra,settled,2026-09-20T19:52:23.722Z,2026-09-20T19:52:28.488Z,13060,12124,933,174,29,32516500
yelp-astra-standard,63,2,gpt-6-astra,ultra,settled,2026-09-20T19:52:25.462Z,2026-09-20T19:52:28.597Z,14121,12372,1746,16,0,35027000
yelp-astra-standard,64,2,gpt-6-astra,ultra,settled,2026-09-20T19:52:29.179Z,2026-09-20T19:52:32.073Z,14299,14118,178,131,0,22923000
yelp-astra-standard,65,1,gpt-6-astra,ultra,settled,2026-09-20T19:52:29.304Z,2026-09-20T19:52:34.572Z,15330,13057,2270,177,50,50312000
yelp-astra-standard,66,3,gpt-6-astra,ultra,settled,2026-09-20T19:52:31.686Z,2026-09-20T19:52:34.282Z,13344,12372,0,56,0,24892000
yelp-astra-standard,67,0,gpt-6-astra,ultra,settled,2026-09-20T19:52:31.774Z,2026-09-20T19:52:37.931Z,39251,38921,327,228,0,54438500
yelp-astra-standard,68,2,gpt-6-astra,ultra,settled,2026-09-20T19:52:32.867Z,2026-09-20T19:52:47.293Z,20123,14296,5824,487,320,111476000
yelp-astra-standard,69,1,gpt-6-astra,ultra,settled,2026-09-20T19:52:35.122Z,2026-09-20T19:53:13.419Z,15519,15327,0,2108,477,122647000
yelp-astra-standard,70,3,gpt-6-astra,ultra,settled,2026-09-20T19:52:36.035Z,2026-09-20T19:52:38.037Z,13429,12372,1054,53,24,28227000
yelp-astra-standard,71,3,gpt-6-astra,ultra,settled,2026-09-20T19:52:38.751Z,2026-09-20T19:52:40.511Z,13568,13426,139,34,0,16893500
yelp-astra-standard,72,0,gpt-6-astra,ultra,settled,2026-09-20T19:52:38.902Z,2026-09-20T19:53:03.798Z,40277,39248,889,1056,516,104560500
yelp-astra-standard,73,3,gpt-6-astra,ultra,settled,2026-09-20T19:52:41.218Z,2026-09-20T19:52:44.458Z,14372,13565,804,40,0,25645000
yelp-astra-standard,74,3,gpt-6-astra,ultra,settled,2026-09-20T19:52:45.096Z,2026-09-20T19:52:47.175Z,14525,14369,153,45,0,18561500
yelp-astra-standard,75,3,gpt-6-astra,ultra,settled,2026-09-20T19:52:47.805Z,2026-09-20T19:52:52.530Z,16694,14522,2169,74,0,45364500
yelp-astra-standard,76,2,gpt-6-astra,ultra,settled,2026-09-20T19:52:47.988Z,2026-09-20T19:53:46.523Z,33574,20120,13451,3424,516,359487500
yelp-astra-standard,77,3,gpt-6-astra,ultra,settled,2026-09-20T19:52:53.052Z,2026-09-20T19:52:56.781Z,16780,16691,0,135,0,24331000
yelp-astra-standard,78,3,gpt-6-astra,ultra,settled,2026-09-20T19:52:57.387Z,2026-09-20T19:53:00.282Z,17009,16691,315,97,24,25508500
yelp-astra-standard,79,3,gpt-6-astra,ultra,settled,2026-09-20T19:53:00.887Z,2026-09-20T19:53:50.478Z,28389,17006,11380,2855,516,302036000
yelp-astra-standard,80,0,gpt-6-astra,ultra,settled,2026-09-20T19:53:04.474Z,2026-09-20T19:53:10.097Z,40883,40137,0,143,0,54747000
yelp-astra-standard,81,0,gpt-6-astra,ultra,settled,2026-09-20T19:53:10.769Z,2026-09-20T19:53:29.395Z,41038,40137,0,1001,60,99197000
yelp-astra-standard,82,1,gpt-6-astra,ultra,settled,2026-09-20T19:53:15.157Z,2026-09-20T19:53:18.038Z,17683,15327,2353,95,15,49519500
yelp-astra-standard,83,1,gpt-6-astra,ultra,settled,2026-09-20T19:53:18.610Z,2026-09-20T19:53:20.832Z,27435,17680,9752,59,17,142560000
yelp-astra-standard,84,1,gpt-6-astra,ultra,settled,2026-09-20T19:53:26.390Z,2026-09-20T19:53:29.062Z,27579,27432,144,71,29,32812000
yelp-astra-standard,85,0,gpt-6-astra,ultra,settled,2026-09-20T19:53:31.207Z,2026-09-20T19:54:36.260Z,42095,40137,1955,3812,482,255204500
yelp-astra-standard,86,1,gpt-6-astra,ultra,settled,2026-09-20T19:53:31.799Z,2026-09-20T19:53:38.791Z,32012,27576,4433,297,78,97868500
yelp-astra-standard,87,1,gpt-6-astra,ultra,settled,2026-09-20T19:53:39.507Z,2026-09-20T19:53:46.051Z,33366,32009,1354,257,11,61814000
yelp-astra-standard,88,1,gpt-6-astra,ultra,settled,2026-09-20T19:53:46.673Z,2026-09-20T19:53:48.762Z,33635,33363,0,34,17,37783000
yelp-astra-standard,89,2,gpt-6-astra,ultra,settled,2026-09-20T19:53:48.254Z,2026-09-20T19:53:51.748Z,37055,33571,3481,124,9,83313500
yelp-astra-standard,90,1,gpt-6-astra,ultra,settled,2026-09-20T19:53:49.363Z,2026-09-20T19:53:53.708Z,33739,33363,373,174,0,46755500
yelp-astra-standard,91,3,gpt-6-astra,ultra,settled,2026-09-20T19:53:51.229Z,2026-09-20T19:53:57.683Z,29063,28386,0,206,164,45456000
yelp-astra-standard,92,2,gpt-6-astra,ultra,settled,2026-09-20T19:53:52.270Z,2026-09-20T19:53:54.373Z,37191,37052,0,39,0,40392000
yelp-astra-standard,93,1,gpt-6-astra,ultra,settled,2026-09-20T19:53:54.269Z,2026-09-20T19:54:01.903Z,33925,33736,0,281,188,49676000
yelp-astra-standard,94,2,gpt-6-astra,ultra,settled,2026-09-20T19:53:55.084Z,2026-09-20T19:54:02.672Z,37505,37052,262,285,130,56487000
yelp-astra-standard,95,3,gpt-6-astra,ultra,settled,2026-09-20T19:53:58.329Z,2026-09-20T19:54:00.187Z,29339,28386,950,39,0,42241000
yelp-astra-standard,96,3,gpt-6-astra,ultra,settled,2026-09-20T19:54:01.008Z,2026-09-20T19:54:39.593Z,29620,29336,281,2580,0,161878500
yelp-astra-standard,97,1,gpt-6-astra,ultra,settled,2026-09-20T19:54:02.604Z,2026-09-20T19:54:23.368Z,34731,33736,992,1054,254,98866000
yelp-astra-standard,98,2,gpt-6-astra,ultra,settled,2026-09-20T19:54:04.466Z,2026-09-20T19:54:11.317Z,37849,37314,532,194,153,53694000
yelp-astra-standard,99,2,gpt-6-astra,ultra,settled,2026-09-20T19:54:11.840Z,2026-09-20T19:54:27.961Z,38153,37846,304,678,388,75576000
yelp-astra-standard,100,1,gpt-6-astra,ultra,settled,2026-09-20T19:54:25.059Z,2026-09-20T19:54:29.597Z,35843,34728,1112,166,26,56958000
yelp-astra-standard,101,2,gpt-6-astra,ultra,settled,2026-09-20T19:54:29.714Z,2026-09-20T19:54:31.395Z,38889,38150,736,39,0,49330000
yelp-astra-standard,102,1,gpt-6-astra,ultra,settled,2026-09-20T19:54:30.113Z,2026-09-20T19:54:32.366Z,36021,35840,0,59,17,40600000
yelp-astra-standard,103,1,gpt-6-astra,ultra,settled,2026-09-20T19:54:32.919Z,2026-09-20T19:55:04.743Z,39222,35840,3379,1602,20,158207500
yelp-astra-standard,104,2,gpt-6-astra,ultra,settled,2026-09-20T19:54:33.059Z,2026-09-20T19:54:54.259Z,39040,38886,151,865,490,84053500
yelp-astra-standard,105,0,gpt-6-astra,ultra,settled,2026-09-20T19:54:37.024Z,2026-09-20T19:54:58.553Z,43107,42092,0,610,424,82742000
yelp-astra-standard,106,3,gpt-6-astra,ultra,settled,2026-09-20T19:54:41.452Z,2026-09-20T19:54:43.880Z,32259,29617,2639,55,13,65384500
yelp-astra-standard,107,3,gpt-6-astra,ultra,settled,2026-09-20T19:54:47.724Z,2026-09-20T19:54:50.387Z,32646,32256,387,89,21,41573500
yelp-astra-standard,108,3,gpt-6-astra,ultra,settled,2026-09-20T19:54:51.093Z,2026-09-20T19:55:12.431Z,32835,32643,189,628,516,66435500
yelp-astra-standard,109,2,gpt-6-astra,ultra,settled,2026-09-20T19:54:56.045Z,2026-09-20T19:54:57.784Z,40030,39037,990,39,0,53392000
yelp-astra-standard,110,0,gpt-6-astra,ultra,settled,2026-09-20T19:54:59.265Z,2026-09-20T19:56:17.248Z,43730,42092,0,3676,516,242272000
yelp-astra-standard,111,2,gpt-6-astra,ultra,settled,2026-09-20T19:54:59.916Z,2026-09-20T19:55:18.185Z,40185,40027,155,89,46,46444500
yelp-astra-standard,112,1,gpt-6-astra,ultra,settled,2026-09-20T19:55:05.256Z,2026-09-20T19:55:32.224Z,39440,39219,0,593,516,71079000
yelp-astra-standard,113,3,gpt-6-astra,ultra,settled,2026-09-20T19:55:13.010Z,2026-09-20T19:55:22.461Z,33475,32832,0,133,10,45912000
yelp-astra-standard,114,2,gpt-6-astra,ultra,settled,2026-09-20T19:55:20.000Z,2026-09-20T19:55:24.399Z,40335,40182,150,151,0,49637000
yelp-astra-standard,115,3,gpt-6-astra,ultra,settled,2026-09-20T19:55:23.003Z,2026-09-20T19:56:02.724Z,33702,32832,867,2290,516,158199500
yelp-astra-standard,116,2,gpt-6-astra,ultra,settled,2026-09-20T19:55:25.016Z,2026-09-20T19:55:27.648Z,40498,40332,0,71,30,45542000
yelp-astra-standard,117,2,gpt-6-astra,ultra,settled,2026-09-20T19:55:28.213Z,2026-09-20T19:55:44.785Z,40683,40332,348,650,440,77212000
yelp-astra-standard,118,1,gpt-6-astra,ultra,settled,2026-09-20T19:55:32.843Z,2026-09-20T19:56:25.279Z,40045,39219,0,3180,516,206479000
yelp-astra-standard,119,2,gpt-6-astra,ultra,settled,2026-09-20T19:55:46.561Z,2026-09-20T19:56:02.309Z,41391,40680,708,434,393,71260000
yelp-astra-standard,120,2,gpt-6-astra,ultra,settled,2026-09-20T19:56:02.874Z,2026-09-20T19:56:14.553Z,41952,41388,561,578,196,77330500
yelp-astra-standard,121,3,gpt-6-astra,ultra,settled,2026-09-20T19:56:04.676Z,2026-09-20T19:56:11.222Z,36049,33699,2347,158,116,70966500
yelp-astra-standard,122,3,gpt-6-astra,ultra,settled,2026-09-20T19:56:12.738Z,2026-09-20T19:56:16.882Z,36538,36046,489,156,47,49988500
yelp-astra-standard,123,2,gpt-6-astra,ultra,settled,2026-09-20T19:56:16.380Z,2026-09-20T19:56:36.756Z,42590,41949,638,693,516,84604000
yelp-astra-standard,124,3,gpt-6-astra,ultra,settled,2026-09-20T19:56:17.520Z,2026-09-20T19:56:31.363Z,36706,36535,0,461,352,61295000
yelp-astra-standard,125,0,gpt-6-astra,ultra,settled,2026-09-20T19:56:18.021Z,2026-09-20T19:56:25.146Z,44741,42092,0,266,26,81882000
yelp-astra-standard,126,0,gpt-6-astra,ultra,settled,2026-09-20T19:56:26.163Z,2026-09-20T19:57:15.230Z,45128,42092,3033,3101,0,235084500
yelp-astra-standard,127,1,gpt-6-astra,ultra,settled,2026-09-20T19:56:27.044Z,2026-09-20T19:56:33.750Z,43283,39219,4061,216,174,100811500
yelp-astra-standard,128,3,gpt-6-astra,ultra,settled,2026-09-20T19:56:32.006Z,2026-09-20T19:56:38.584Z,37798,36535,1260,409,0,72765000
yelp-astra-standard,129,1,gpt-6-astra,ultra,settled,2026-09-20T19:56:34.331Z,2026-09-20T19:56:38.454Z,43571,43280,288,125,0,53160000
yelp-astra-standard,130,2,gpt-6-astra,ultra,settled,2026-09-20T19:56:38.524Z,2026-09-20T19:56:44.404Z,43447,42587,857,278,30,67229500
yelp-astra-standard,131,1,gpt-6-astra,ultra,settled,2026-09-20T19:56:39.058Z,2026-09-20T19:57:04.364Z,43708,43568,0,1242,18,107068000
yelp-astra-standard,132,3,gpt-6-astra,ultra,settled,2026-09-20T19:56:40.426Z,2026-09-20T19:56:45.623Z,39305,37795,1507,151,109,64212500
yelp-astra-standard,133,2,gpt-6-astra,ultra,settled,2026-09-20T19:56:46.356Z,2026-09-20T19:56:49.153Z,43884,43444,437,76,13,52736500
yelp-astra-standard,134,3,gpt-6-astra,ultra,settled,2026-09-20T19:56:48.665Z,2026-09-20T19:56:52.825Z,39787,39302,482,162,91,53457000
yelp-astra-standard,135,2,gpt-6-astra,ultra,settled,2026-09-20T19:56:50.763Z,2026-09-20T19:57:18.600Z,44997,43881,1113,1342,206,124923500
yelp-astra-standard,136,3,gpt-6-astra,ultra,settled,2026-09-20T19:56:53.545Z,2026-09-20T19:57:09.349Z,40732,39784,945,982,36,100726500
yelp-astra-standard,137,1,gpt-6-astra,ultra,settled,2026-09-20T19:57:06.184Z,2026-09-20T19:57:09.278Z,45007,43568,1436,70,28,65048000
yelp-astra-standard,138,1,gpt-6-astra,ultra,settled,2026-09-20T19:57:09.852Z,2026-09-20T19:57:15.182Z,45148,45004,141,149,0,54246500
yelp-astra-standard,139,3,gpt-6-astra,ultra,settled,2026-09-20T19:57:11.150Z,2026-09-20T19:57:35.219Z,41843,40729,1111,1075,497,108396500
yelp-astra-standard,140,1,gpt-6-astra,ultra,settled,2026-09-20T19:57:15.804Z,2026-09-20T19:57:19.442Z,45309,45145,0,107,12,52135000
yelp-astra-standard,141,0,gpt-6-astra,ultra,settled,2026-09-20T19:57:16.153Z,2026-09-20T19:57:35.382Z,48584,45125,3158,943,24,134760000
yelp-astra-standard,142,2,gpt-6-astra,ultra,settled,2026-09-20T19:57:19.268Z,2026-09-20T19:57:23.790Z,46395,44994,1398,187,0,71849000
yelp-astra-standard,143,2,gpt-6-astra,ultra,settled,2026-09-20T19:57:24.586Z,2026-09-20T19:57:42.700Z,46594,46392,0,1069,107,101862000
yelp-astra-standard,144,0,gpt-6-astra,ultra,settled,2026-09-20T19:57:36.077Z,2026-09-20T19:57:57.804Z,48933,48283,0,1213,16,115433000
yelp-astra-standard,145,3,gpt-6-astra,ultra,settled,2026-09-20T19:57:39.695Z,2026-09-20T19:57:49.557Z,43181,41840,1338,408,87,78995000
yelp-astra-standard,146,2,gpt-6-astra,ultra,settled,2026-09-20T19:57:44.550Z,2026-09-20T19:57:49.022Z,47788,46392,1393,105,64,69084500
yelp-astra-standard,147,2,gpt-6-astra,ultra,settled,2026-09-20T19:57:49.673Z,2026-09-20T19:58:00.074Z,48020,47785,232,478,175,74615000
yelp-astra-standard,148,3,gpt-6-astra,ultra,settled,2026-09-20T19:57:51.318Z,2026-09-20T19:58:06.091Z,43647,43178,466,731,175,85583000
yelp-astra-standard,149,0,gpt-6-astra,ultra,settled,2026-09-20T19:57:59.730Z,2026-09-20T19:58:05.439Z,50281,48283,1995,178,34,82150500
yelp-astra-standard,150,2,gpt-6-astra,ultra,settled,2026-09-20T19:58:01.854Z,2026-09-20T19:58:04.607Z,48554,48017,534,56,15,57522000
yelp-astra-standard,151,2,gpt-6-astra,ultra,settled,2026-09-20T19:58:05.256Z,2026-09-20T19:58:20.915Z,48737,48551,183,710,248,86368500
yelp-astra-standard,152,0,gpt-6-astra,ultra,settled,2026-09-20T19:58:06.216Z,2026-09-20T19:58:10.557Z,50471,50278,0,104,0,57408000
yelp-astra-standard,153,0,gpt-6-astra,ultra,settled,2026-09-20T19:58:11.234Z,2026-09-20T19:58:13.898Z,50587,50278,0,90,0,57868000
yelp-astra-standard,154,3,gpt-6-astra,ultra,settled,2026-09-20T19:58:11.791Z,2026-09-20T19:58:15.592Z,44748,43644,984,101,15,62194000
yelp-astra-standard,155,0,gpt-6-astra,ultra,settled,2026-09-20T19:58:14.587Z,2026-09-20T19:58:27.856Z,50875,50278,594,447,350,80083000
yelp-astra-standard,156,3,gpt-6-astra,ultra,settled,2026-09-20T19:58:16.186Z,2026-09-20T19:58:20.382Z,44861,44628,0,146,47,54258000
yelp-astra-standard,157,3,gpt-6-astra,ultra,settled,2026-09-20T19:58:21.117Z,2026-09-20T19:58:31.612Z,45290,44628,659,336,279,69695500
yelp-astra-standard,158,0,gpt-6-astra,ultra,settled,2026-09-20T19:58:28.651Z,2026-09-20T19:58:34.066Z,51325,50872,0,103,0,60552000
yelp-astra-standard,159,3,gpt-6-astra,ultra,settled,2026-09-20T19:58:32.437Z,2026-09-20T19:58:39.911Z,48969,45287,3679,328,81,107704500
yelp-astra-standard,160,0,gpt-6-astra,ultra,settled,2026-09-20T19:58:34.778Z,2026-09-20T19:58:43.269Z,51440,50872,0,261,99,69602000
yelp-astra-standard,161,3,gpt-6-astra,ultra,settled,2026-09-20T19:58:41.728Z,2026-09-20T19:58:49.322Z,49355,48966,386,196,116,63621000
yelp-astra-standard,162,1,gpt-6-astra,ultra,settled,2026-09-20T19:58:43.925Z,2026-09-20T19:58:46.228Z,45590,45145,0,55,0,52345000
yelp-astra-standard,163,0,gpt-6-astra,ultra,settled,2026-09-20T19:58:44.055Z,2026-09-20T19:59:03.843Z,51714,50872,0,642,516,91392000
yelp-astra-standard,164,1,gpt-6-astra,ultra,settled,2026-09-20T19:58:46.945Z,2026-09-20T19:58:49.581Z,48038,45145,2890,78,23,85200000
yelp-astra-standard,165,1,gpt-6-astra,ultra,settled,2026-09-20T19:58:50.224Z,2026-09-20T19:59:23.846Z,50188,48035,2150,1696,224,159740000
yelp-astra-standard,166,3,gpt-6-astra,ultra,settled,2026-09-20T19:58:50.558Z,2026-09-20T19:58:56.917Z,53693,49352,4338,223,152,114757000
yelp-astra-standard,167,3,gpt-6-astra,ultra,settled,2026-09-20T19:58:57.709Z,2026-09-20T19:59:10.680Z,54661,53690,968,463,285,88970000
yelp-astra-standard,168,0,gpt-6-astra,ultra,settled,2026-09-20T19:59:05.405Z,2026-09-20T19:59:26.056Z,52488,50872,1613,634,36,102764500
yelp-astra-standard,169,3,gpt-6-astra,ultra,settled,2026-09-20T19:59:11.432Z,2026-09-20T19:59:16.978Z,55136,54658,0,171,108,67988000
yelp-astra-standard,170,3,gpt-6-astra,ultra,settled,2026-09-20T19:59:17.741Z,2026-09-20T19:59:42.576Z,55893,54658,1232,1317,93,135938000
yelp-astra-standard,171,1,gpt-6-astra,ultra,settled,2026-09-20T19:59:25.639Z,2026-09-20T19:59:31.383Z,52446,50185,2258,201,159,88490000
yelp-astra-standard,172,0,gpt-6-astra,ultra,settled,2026-09-20T19:59:26.871Z,2026-09-20T19:59:34.541Z,52716,52485,0,201,53,64845000
yelp-astra-standard,173,1,gpt-6-astra,ultra,settled,2026-09-20T19:59:32.008Z,2026-09-20T19:59:51.539Z,53537,52443,1091,693,516,100760500
yelp-astra-standard,174,0,gpt-6-astra,ultra,settled,2026-09-20T19:59:35.279Z,2026-09-20T19:59:51.901Z,52929,52485,0,594,516,86625000
yelp-astra-standard,175,3,gpt-6-astra,ultra,settled,2026-09-20T19:59:43.492Z,2026-09-20T20:00:06.772Z,56148,55890,0,1241,23,120520000
yelp-astra-standard,176,1,gpt-6-astra,ultra,settled,2026-09-20T19:59:52.175Z,2026-09-20T19:59:58.238Z,54242,53534,0,290,46,75114000
yelp-astra-standard,177,0,gpt-6-astra,ultra,settled,2026-09-20T19:59:53.179Z,2026-09-20T19:59:58.937Z,53634,52485,0,169,98,72425000
yelp-astra-standard,178,1,gpt-6-astra,ultra,settled,2026-09-20T19:59:59.074Z,2026-09-20T20:00:27.357Z,54977,53534,1440,1403,513,141714000
yelp-astra-standard,179,0,gpt-6-astra,ultra,settled,2026-09-20T19:59:59.760Z,2026-09-20T20:00:21.049Z,54443,52485,1955,667,516,110302500
yelp-astra-standard,180,3,gpt-6-astra,ultra,settled,2026-09-20T20:00:07.628Z,2026-09-20T20:00:59.109Z,57517,55890,1624,2375,1034,194970000
yelp-astra-standard,181,0,gpt-6-astra,ultra,settled,2026-09-20T20:00:21.821Z,2026-09-20T20:00:26.523Z,55122,54440,0,129,0,67710000
yelp-astra-standard,182,1,gpt-6-astra,ultra,settled,2026-09-20T20:00:27.991Z,2026-09-20T20:00:31.643Z,55633,54974,0,112,0,67164000
yelp-astra-standard,183,0,gpt-6-astra,ultra,settled,2026-09-20T20:00:28.087Z,2026-09-20T20:00:30.179Z,55263,54440,0,46,12,64970000
yelp-astra-standard,184,0,gpt-6-astra,ultra,settled,2026-09-20T20:00:30.979Z,2026-09-20T20:00:41.889Z,55919,54440,1476,479,26,96870000
yelp-astra-standard,185,1,gpt-6-astra,ultra,settled,2026-09-20T20:00:32.502Z,2026-09-20T20:00:42.852Z,55757,54974,0,644,11,95004000
yelp-astra-standard,186,2,gpt-6-astra,ultra,settled,2026-09-20T20:00:34.527Z,2026-09-20T20:00:39.006Z,49139,48734,0,130,0,59284000
yelp-astra-standard,187,2,gpt-6-astra,ultra,settled,2026-09-20T20:00:39.620Z,2026-09-20T20:00:43.462Z,49394,48734,0,98,0,60234000
yelp-astra-standard,188,0,gpt-6-astra,ultra,settled,2026-09-20T20:00:42.704Z,2026-09-20T20:00:46.288Z,56087,55916,0,122,0,63726000
yelp-astra-standard,189,2,gpt-6-astra,ultra,settled,2026-09-20T20:00:44.314Z,2026-09-20T20:00:46.584Z,49548,48734,811,43,0,61051500
yelp-astra-standard,190,1,gpt-6-astra,ultra,settled,2026-09-20T20:00:44.638Z,2026-09-20T20:00:46.799Z,56460,54974,1483,53,11,76191500
yelp-astra-standard,191,2,gpt-6-astra,ultra,settled,2026-09-20T20:00:47.254Z,2026-09-20T20:00:55.344Z,49603,49545,0,494,0,74825000
yelp-astra-standard,192,0,gpt-6-astra,ultra,settled,2026-09-20T20:00:47.697Z,2026-09-20T20:00:53.382Z,56341,55916,422,113,0,66871000
yelp-astra-standard,193,1,gpt-6-astra,ultra,settled,2026-09-20T20:00:48.051Z,2026-09-20T20:01:07.172Z,58238,56457,1778,657,516,111562000
yelp-astra-standard,194,0,gpt-6-astra,ultra,settled,2026-09-20T20:00:54.172Z,2026-09-20T20:01:22.015Z,56519,56338,0,1537,307,134998000
yelp-astra-standard,195,2,gpt-6-astra,ultra,settled,2026-09-20T20:00:57.304Z,2026-09-20T20:01:04.461Z,50278,49545,607,115,74,64142500
yelp-astra-standard,196,3,gpt-6-astra,ultra,settled,2026-09-20T20:00:59.900Z,2026-09-20T20:01:04.964Z,58325,57514,0,106,13,70924000
yelp-astra-standard,197,2,gpt-6-astra,ultra,settled,2026-09-20T20:01:05.147Z,2026-09-20T20:01:13.094Z,50518,50152,363,384,127,73919500
yelp-astra-standard,198,3,gpt-6-astra,ultra,settled,2026-09-20T20:01:05.724Z,2026-09-20T20:01:54.667Z,58443,57514,0,2142,1034,173904000
yelp-astra-standard,199,1,gpt-6-astra,ultra,settled,2026-09-20T20:01:07.773Z,2026-09-20T20:01:12.726Z,58864,58235,0,171,11,73075000
yelp-astra-standard,200,1,gpt-6-astra,ultra,settled,2026-09-20T20:01:13.375Z,2026-09-20T20:01:18.083Z,59047,58235,0,118,0,72255000
yelp-astra-standard,201,2,gpt-6-astra,ultra,settled,2026-09-20T20:01:14.935Z,2026-09-20T20:01:18.888Z,50960,50515,442,109,9,61520000
yelp-astra-standard,202,1,gpt-6-astra,ultra,settled,2026-09-20T20:01:18.760Z,2026-09-20T20:01:40.833Z,59177,58235,0,1208,342,128055000
yelp-astra-standard,203,2,gpt-6-astra,ultra,settled,2026-09-20T20:01:19.998Z,2026-09-20T20:01:46.622Z,51081,50957,0,1107,516,107547000
yelp-astra-standard,204,0,gpt-6-astra,ultra,settled,2026-09-20T20:01:22.841Z,2026-09-20T20:01:43.170Z,57066,56338,0,1274,18,127318000
yelp-astra-standard,205,1,gpt-6-astra,ultra,settled,2026-09-20T20:01:42.629Z,2026-09-20T20:01:51.689Z,60441,58235,2203,285,169,100052500
yelp-astra-standard,206,0,gpt-6-astra,ultra,settled,2026-09-20T20:01:45.237Z,2026-09-20T20:01:51.494Z,58464,56338,2123,248,126,95305500
yelp-astra-standard,207,2,gpt-6-astra,ultra,settled,2026-09-20T20:01:48.486Z,2026-09-20T20:01:52.700Z,52251,50957,1291,136,66,73924500
yelp-astra-standard,208,0,gpt-6-astra,ultra,settled,2026-09-20T20:01:52.414Z,2026-09-20T20:01:55.190Z,59381,58461,917,69,27,73403500
yelp-astra-standard,209,1,gpt-6-astra,ultra,settled,2026-09-20T20:01:52.572Z,2026-09-20T20:01:54.609Z,60738,60438,0,40,0,65438000
yelp-astra-standard,210,2,gpt-6-astra,ultra,settled,2026-09-20T20:01:53.413Z,2026-09-20T20:02:03.773Z,52620,52248,369,449,189,79340500
yelp-astra-standard,211,1,gpt-6-astra,ultra,settled,2026-09-20T20:01:55.473Z,2026-09-20T20:02:08.573Z,62512,60438,2071,466,353,109655500
yelp-astra-standard,212,3,gpt-6-astra,ultra,settled,2026-09-20T20:01:55.556Z,2026-09-20T20:01:58.087Z,59135,57514,0,70,32,77224000
yelp-astra-standard,213,0,gpt-6-astra,ultra,settled,2026-09-20T20:01:56.039Z,2026-09-20T20:01:58.155Z,59536,59378,0,48,0,63358000
yelp-astra-standard,214,3,gpt-6-astra,ultra,settled,2026-09-20T20:01:58.765Z,2026-09-20T20:02:42.599Z,60839,57514,3322,2504,516,224269000
yelp-astra-standard,215,0,gpt-6-astra,ultra,settled,2026-09-20T20:01:58.938Z,2026-09-20T20:02:07.898Z,61301,59378,1920,347,207,100758000
yelp-astra-standard,216,2,gpt-6-astra,ultra,settled,2026-09-20T20:02:05.637Z,2026-09-20T20:02:11.139Z,53126,52617,506,142,0,66072000
yelp-astra-standard,217,0,gpt-6-astra,ultra,settled,2026-09-20T20:02:08.623Z,2026-09-20T20:02:29.329Z,61660,61298,0,839,516,106868000
yelp-astra-standard,218,1,gpt-6-astra,ultra,settled,2026-09-20T20:02:10.965Z,2026-09-20T20:02:37.566Z,62990,62509,0,1581,398,146369000
yelp-astra-standard,219,2,gpt-6-astra,ultra,settled,2026-09-20T20:02:11.820Z,2026-09-20T20:02:33.576Z,53428,53123,0,1150,185,113673000
yelp-astra-standard,220,0,gpt-6-astra,ultra,settled,2026-09-20T20:02:30.095Z,2026-09-20T20:02:44.788Z,62453,61298,0,749,144,110298000
yelp-astra-standard,221,2,gpt-6-astra,ultra,settled,2026-09-20T20:02:36.086Z,2026-09-20T20:02:40.208Z,54638,53123,1512,112,42,77653000
yelp-astra-standard,222,1,gpt-6-astra,ultra,settled,2026-09-20T20:02:39.463Z,2026-09-20T20:02:46.071Z,64629,62509,2117,198,156,98901500
yelp-astra-standard,223,2,gpt-6-astra,ultra,settled,2026-09-20T20:02:40.860Z,2026-09-20T20:02:44.932Z,54983,54635,345,147,25,66327500
yelp-astra-standard,224,3,gpt-6-astra,ultra,settled,2026-09-20T20:02:44.588Z,2026-09-20T20:02:59.293Z,63405,60836,2566,313,271,108591000
yelp-astra-standard,225,2,gpt-6-astra,ultra,settled,2026-09-20T20:02:45.686Z,2026-09-20T20:02:54.745Z,55142,54980,0,356,0,74400000
yelp-astra-standard,226,0,gpt-6-astra,ultra,settled,2026-09-20T20:02:46.857Z,2026-09-20T20:02:58.053Z,63459,61298,2028,452,57,110578000
yelp-astra-standard,227,1,gpt-6-astra,ultra,settled,2026-09-20T20:02:47.039Z,2026-09-20T20:02:59.966Z,66570,64626,1941,359,246,106868500
yelp-astra-standard,228,2,gpt-6-astra,ultra,settled,2026-09-20T20:02:56.300Z,2026-09-20T20:03:00.373Z,55555,54980,572,105,0,67410000
yelp-astra-standard,229,0,gpt-6-astra,ultra,settled,2026-09-20T20:02:58.964Z,2026-09-20T20:03:03.546Z,64046,63326,717,122,81,78418500
yelp-astra-standard,230,3,gpt-6-astra,ultra,settled,2026-09-20T20:03:00.019Z,2026-09-20T20:03:17.910Z,63884,63402,479,621,507,100469500
yelp-astra-standard,231,1,gpt-6-astra,ultra,settled,2026-09-20T20:03:00.778Z,2026-09-20T20:03:23.428Z,66941,66567,0,1255,26,133057000
yelp-astra-standard,232,2,gpt-6-astra,ultra,settled,2026-09-20T20:03:01.116Z,2026-09-20T20:03:27.154Z,55672,55552,0,962,516,104852000
yelp-astra-standard,233,0,gpt-6-astra,ultra,settled,2026-09-20T20:03:05.365Z,2026-09-20T20:03:40.718Z,64367,64043,0,1112,1034,122883000
yelp-astra-standard,234,3,gpt-6-astra,ultra,settled,2026-09-20T20:03:18.617Z,2026-09-20T20:03:32.766Z,64522,63881,0,934,0,116991000
yelp-astra-standard,235,1,gpt-6-astra,ultra,settled,2026-09-20T20:03:25.499Z,2026-09-20T20:03:32.036Z,68254,66567,1684,138,31,94547000
yelp-astra-standard,236,2,gpt-6-astra,ultra,settled,2026-09-20T20:03:29.056Z,2026-09-20T20:03:31.878Z,56766,55552,1211,62,21,73819500
yelp-astra-standard,237,2,gpt-6-astra,ultra,settled,2026-09-20T20:03:32.750Z,2026-09-20T20:03:40.808Z,56958,56763,192,184,33,68393000
yelp-astra-standard,238,1,gpt-6-astra,ultra,settled,2026-09-20T20:03:32.812Z,2026-09-20T20:03:35.737Z,68404,68251,0,79,9,73731000
yelp-astra-standard,239,3,gpt-6-astra,ultra,settled,2026-09-20T20:03:34.696Z,2026-09-20T20:03:37.004Z,65636,63881,1631,61,19,88558500
yelp-astra-standard,240,1,gpt-6-astra,ultra,settled,2026-09-20T20:03:36.497Z,2026-09-20T20:03:40.131Z,68762,68251,508,131,10,81181000
yelp-astra-standard,241,3,gpt-6-astra,ultra,settled,2026-09-20T20:03:37.672Z,2026-09-20T20:03:49.968Z,65771,65512,256,539,246,95692000
yelp-astra-standard,242,0,gpt-6-astra,ultra,settled,2026-09-20T20:03:42.010Z,2026-09-20T20:04:04.852Z,65163,64043,0,679,505,109193000
yelp-astra-standard,243,2,gpt-6-astra,ultra,settled,2026-09-20T20:03:42.741Z,2026-09-20T20:03:53.847Z,57200,56955,242,361,236,78060000
yelp-astra-standard,244,3,gpt-6-astra,ultra,settled,2026-09-20T20:03:51.843Z,2026-09-20T20:03:57.837Z,66369,65768,598,81,39,77323000
yelp-astra-standard,245,2,gpt-6-astra,ultra,settled,2026-09-20T20:03:55.317Z,2026-09-20T20:04:01.879Z,57574,57197,0,418,0,81867000
yelp-astra-standard,246,3,gpt-6-astra,ultra,settled,2026-09-20T20:03:58.896Z,2026-09-20T20:04:10.162Z,66616,66366,247,476,259,93283500
yelp-astra-standard,247,2,gpt-6-astra,ultra,settled,2026-09-20T20:04:03.751Z,2026-09-20T20:04:06.846Z,58151,57197,951,72,31,72714500
yelp-astra-standard,248,0,gpt-6-astra,ultra,settled,2026-09-20T20:04:05.809Z,2026-09-20T20:04:22.611Z,65803,64043,0,594,516,111343000
yelp-astra-standard,249,2,gpt-6-astra,ultra,settled,2026-09-20T20:04:07.677Z,2026-09-20T20:04:11.541Z,58350,58148,199,187,38,70015500
yelp-astra-standard,250,2,gpt-6-astra,ultra,settled,2026-09-20T20:04:12.342Z,2026-09-20T20:04:17.994Z,58594,58347,244,130,0,67927000
yelp-astra-standard,251,3,gpt-6-astra,ultra,settled,2026-09-20T20:04:12.748Z,2026-09-20T20:04:16.448Z,67150,66613,534,40,0,75318000
yelp-astra-standard,252,3,gpt-6-astra,ultra,settled,2026-09-20T20:04:17.169Z,2026-09-20T20:04:23.920Z,67356,67147,206,277,99,83602000
yelp-astra-standard,253,2,gpt-6-astra,ultra,settled,2026-09-20T20:04:18.693Z,2026-09-20T20:04:29.420Z,58736,58591,0,623,67,91191000
yelp-astra-standard,254,0,gpt-6-astra,ultra,settled,2026-09-20T20:04:23.385Z,2026-09-20T20:04:28.149Z,66463,64043,0,154,27,95943000
yelp-astra-standard,255,3,gpt-6-astra,ultra,settled,2026-09-20T20:04:26.049Z,2026-09-20T20:04:34.591Z,67693,67353,337,152,54,79195500
yelp-astra-standard,256,0,gpt-6-astra,ultra,settled,2026-09-20T20:04:29.297Z,2026-09-20T20:04:46.707Z,67522,64043,3476,633,469,139173000
yelp-astra-standard,257,2,gpt-6-astra,ultra,settled,2026-09-20T20:04:31.464Z,2026-09-20T20:05:04.824Z,59417,58591,823,1466,516,142208500
yelp-astra-standard,258,3,gpt-6-astra,ultra,settled,2026-09-20T20:04:36.184Z,2026-09-20T20:04:47.540Z,68153,67690,460,289,161,87920000
yelp-astra-standard,259,0,gpt-6-astra,ultra,settled,2026-09-20T20:04:47.593Z,2026-09-20T20:04:50.223Z,68169,67519,0,59,0,76969000
yelp-astra-standard,260,3,gpt-6-astra,ultra,settled,2026-09-20T20:04:48.225Z,2026-09-20T20:05:22.475Z,68455,68150,0,902,868,116300000
yelp-astra-standard,261,0,gpt-6-astra,ultra,settled,2026-09-20T20:04:51.255Z,2026-09-20T20:05:25.807Z,70185,67519,2523,1565,516,178736500
yelp-astra-standard,262,2,gpt-6-astra,ultra,settled,2026-09-20T20:05:05.635Z,2026-09-20T20:05:32.296Z,60112,59414,0,1325,362,132644000
yelp-astra-standard,263,3,gpt-6-astra,ultra,settled,2026-09-20T20:05:23.317Z,2026-09-20T20:05:48.832Z,70294,68150,2141,792,516,134542500
yelp-astra-standard,264,0,gpt-6-astra,ultra,settled,2026-09-20T20:05:27.786Z,2026-09-20T20:05:50.865Z,71806,70042,1761,678,484,125984500
yelp-astra-standard,265,2,gpt-6-astra,ultra,settled,2026-09-20T20:05:34.510Z,2026-09-20T20:05:38.023Z,61567,59414,2150,82,12,90419000
yelp-astra-standard,266,2,gpt-6-astra,ultra,settled,2026-09-20T20:05:38.844Z,2026-09-20T20:05:55.235Z,61885,61564,318,518,368,91469000
yelp-astra-standard,267,3,gpt-6-astra,ultra,settled,2026-09-20T20:05:49.759Z,2026-09-20T20:06:13.109Z,71532,70291,1238,992,343,135396000
yelp-astra-standard,268,0,gpt-6-astra,ultra,settled,2026-09-20T20:05:51.814Z,2026-09-20T20:05:59.430Z,72498,71803,0,136,14,85553000
yelp-astra-standard,269,2,gpt-6-astra,ultra,settled,2026-09-20T20:05:56.143Z,2026-09-20T20:06:01.011Z,62417,61882,0,122,19,73332000
yelp-astra-standard,270,0,gpt-6-astra,ultra,settled,2026-09-20T20:06:00.287Z,2026-09-20T20:06:02.979Z,72672,71803,0,71,0,84043000
yelp-astra-standard,271,2,gpt-6-astra,ultra,settled,2026-09-20T20:06:01.932Z,2026-09-20T20:06:05.973Z,62551,61882,0,152,0,76172000
yelp-astra-standard,272,0,gpt-6-astra,ultra,settled,2026-09-20T20:06:04.070Z,2026-09-20T20:06:17.117Z,73546,71803,1629,567,58,121655500
yelp-astra-standard,273,2,gpt-6-astra,ultra,settled,2026-09-20T20:06:08.731Z,2026-09-20T20:06:22.439Z,62761,61882,876,637,139,104712000
yelp-astra-standard,274,3,gpt-6-astra,ultra,settled,2026-09-20T20:06:14.163Z,2026-09-20T20:06:19.202Z,72086,71529,0,109,17,82549000
yelp-astra-standard,275,0,gpt-6-astra,ultra,settled,2026-09-20T20:06:18.094Z,2026-09-20T20:06:40.237Z,74247,73432,812,722,516,119712000
yelp-astra-standard,276,3,gpt-6-astra,ultra,settled,2026-09-20T20:06:20.040Z,2026-09-20T20:06:24.981Z,72207,71529,0,171,0,86859000
yelp-astra-standard,277,2,gpt-6-astra,ultra,settled,2026-09-20T20:06:23.546Z,2026-09-20T20:06:27.772Z,63456,62758,695,91,50,76025500
yelp-astra-standard,278,3,gpt-6-astra,ultra,settled,2026-09-20T20:06:25.851Z,2026-09-20T20:07:03.552Z,76269,71529,4737,1849,516,223221500
yelp-astra-standard,279,2,gpt-6-astra,ultra,settled,2026-09-20T20:06:28.829Z,2026-09-20T20:07:05.233Z,63673,63453,217,1732,200,152795500
yelp-astra-standard,280,0,gpt-6-astra,ultra,settled,2026-09-20T20:06:41.185Z,2026-09-20T20:06:49.198Z,74872,74244,0,201,0,90574000
yelp-astra-standard,281,1,gpt-6-astra,ultra,settled,2026-09-20T20:06:50.479Z,2026-09-20T20:06:53.421Z,69108,68759,0,90,0,76749000
yelp-astra-standard,282,0,gpt-6-astra,ultra,settled,2026-09-20T20:06:51.031Z,2026-09-20T20:07:06.704Z,75086,74244,0,939,51,129614000
yelp-astra-standard,283,1,gpt-6-astra,ultra,settled,2026-09-20T20:06:54.264Z,2026-09-20T20:06:59.496Z,74866,68759,6104,186,28,154389000
yelp-astra-standard,284,1,gpt-6-astra,ultra,settled,2026-09-20T20:07:00.323Z,2026-09-20T20:08:04.628Z,75140,74863,274,3009,1164,228768000
yelp-astra-standard,285,3,gpt-6-astra,ultra,settled,2026-09-20T20:07:05.578Z,2026-09-20T20:07:10.203Z,78175,76266,1906,156,79,107921000
yelp-astra-standard,286,2,gpt-6-astra,ultra,settled,2026-09-20T20:07:06.168Z,2026-09-20T20:07:12.686Z,65462,63670,1789,155,0,93812500
yelp-astra-standard,287,0,gpt-6-astra,ultra,settled,2026-09-20T20:07:08.801Z,2026-09-20T20:07:39.258Z,76156,74244,1909,1213,489,158786500
yelp-astra-standard,288,3,gpt-6-astra,ultra,settled,2026-09-20T20:07:10.995Z,2026-09-20T20:07:25.870Z,79030,78172,855,352,200,106489500
yelp-astra-standard,289,2,gpt-6-astra,ultra,settled,2026-09-20T20:07:14.055Z,2026-09-20T20:07:18.780Z,65629,65459,0,208,21,77559000
yelp-astra-standard,290,3,gpt-6-astra,ultra,settled,2026-09-20T20:07:27.238Z,2026-09-20T20:07:34.443Z,79398,79027,0,422,0,103837000
yelp-astra-standard,291,3,gpt-6-astra,ultra,settled,2026-09-20T20:07:36.476Z,2026-09-20T20:07:46.732Z,79988,79027,958,235,156,102782000
yelp-astra-standard,292,0,gpt-6-astra,ultra,settled,2026-09-20T20:07:40.717Z,2026-09-20T20:07:55.827Z,77192,76153,0,871,16,130093000
yelp-astra-standard,293,3,gpt-6-astra,ultra,settled,2026-09-20T20:07:48.601Z,2026-09-20T20:08:10.460Z,81201,79985,1213,990,162,144677500
yelp-astra-standard,294,0,gpt-6-astra,ultra,settled,2026-09-20T20:07:58.346Z,2026-09-20T20:08:06.686Z,79473,76153,3317,287,32,131995500
yelp-astra-standard,295,1,gpt-6-astra,ultra,settled,2026-09-20T20:08:06.616Z,2026-09-20T20:08:15.995Z,78208,75137,3068,295,253,128267000
yelp-astra-standard,296,0,gpt-6-astra,ultra,settled,2026-09-20T20:08:09.427Z,2026-09-20T20:08:16.109Z,79817,79470,344,317,44,99650000
yelp-astra-standard,297,3,gpt-6-astra,ultra,settled,2026-09-20T20:08:12.117Z,2026-09-20T20:08:16.752Z,82360,81198,1159,166,0,104015500
yelp-astra-standard,298,1,gpt-6-astra,ultra,settled,2026-09-20T20:08:16.702Z,2026-09-20T20:08:23.968Z,78589,78205,381,158,43,90897500
yelp-astra-standard,299,0,gpt-6-astra,ultra,settled,2026-09-20T20:08:17.423Z,2026-09-20T20:08:42.365Z,88449,79814,8632,667,516,221094000
yelp-astra-standard,300,3,gpt-6-astra,ultra,settled,2026-09-20T20:08:17.474Z,2026-09-20T20:08:43.453Z,82538,82357,0,1166,358,142467000
yelp-astra-standard,301,1,gpt-6-astra,ultra,settled,2026-09-20T20:08:25.921Z,2026-09-20T20:08:30.095Z,78804,78586,215,152,10,88903500
yelp-astra-standard,302,1,gpt-6-astra,ultra,settled,2026-09-20T20:08:30.767Z,2026-09-20T20:08:36.078Z,78968,78801,0,120,78,86471000
yelp-astra-standard,303,1,gpt-6-astra,ultra,settled,2026-09-20T20:08:36.963Z,2026-09-20T20:09:10.429Z,79172,78801,368,1127,1008,139781000
yelp-astra-standard,304,0,gpt-6-astra,ultra,settled,2026-09-20T20:08:43.486Z,2026-09-20T20:08:52.025Z,89300,88446,0,223,71,108136000
yelp-astra-standard,305,3,gpt-6-astra,ultra,settled,2026-09-20T20:08:44.496Z,2026-09-20T20:08:47.997Z,83793,82357,1433,93,12,104949500
yelp-astra-standard,306,3,gpt-6-astra,ultra,settled,2026-09-20T20:08:49.669Z,2026-09-20T20:09:06.459Z,83898,83790,0,739,228,121820000
yelp-astra-standard,307,0,gpt-6-astra,ultra,settled,2026-09-20T20:08:53.913Z,2026-09-20T20:08:57.168Z,89466,88446,0,101,0,103696000
yelp-astra-standard,308,0,gpt-6-astra,ultra,settled,2026-09-20T20:08:58.109Z,2026-09-20T20:09:25.180Z,96778,88446,8329,1535,150,269338500
yelp-astra-standard,309,3,gpt-6-astra,ultra,settled,2026-09-20T20:09:07.316Z,2026-09-20T20:09:18.195Z,84696,83790,903,373,190,113757500
yelp-astra-standard,310,1,gpt-6-astra,ultra,settled,2026-09-20T20:09:11.383Z,2026-09-20T20:09:24.873Z,80313,79169,0,684,64,124809000
yelp-astra-standard,311,0,gpt-6-astra,ultra,settled,2026-09-20T20:09:26.184Z,2026-09-20T20:09:58.035Z,97276,96775,0,1488,516,176185000
yelp-astra-standard,312,1,gpt-6-astra,ultra,settled,2026-09-20T20:09:26.942Z,2026-09-20T20:09:31.409Z,81054,79169,1882,83,41,106874000
yelp-astra-standard,313,1,gpt-6-astra,ultra,settled,2026-09-20T20:09:32.110Z,2026-09-20T20:10:19.380Z,81224,81051,170,1845,1311,175456000
yelp-astra-standard,314,0,gpt-6-astra,ultra,settled,2026-09-20T20:09:59.880Z,2026-09-20T20:10:10.297Z,100103,96775,3325,324,121,154567500
yelp-astra-standard,315,0,gpt-6-astra,ultra,settled,2026-09-20T20:10:12.562Z,2026-09-20T20:10:35.386Z,100486,100100,383,648,516,137317500
yelp-astra-standard,316,1,gpt-6-astra,ultra,settled,2026-09-20T20:10:21.361Z,2026-09-20T20:10:26.090Z,83128,81221,1904,121,79,111101000
yelp-astra-standard,317,1,gpt-6-astra,ultra,settled,2026-09-20T20:10:26.846Z,2026-09-20T20:10:52.429Z,83335,83125,207,1273,436,149392500
yelp-astra-standard,318,0,gpt-6-astra,ultra,settled,2026-09-20T20:10:36.431Z,2026-09-20T20:10:49.476Z,101149,100483,0,881,0,151193000
yelp-astra-standard,319,0,gpt-6-astra,ultra,settled,2026-09-20T20:10:52.153Z,2026-09-20T20:11:40.399Z,102153,100483,1667,2002,516,221450500
yelp-astra-standard,320,1,gpt-6-astra,ultra,settled,2026-09-20T20:10:53.672Z,2026-09-20T20:10:59.310Z,83915,83332,0,165,27,97412000
yelp-astra-standard,321,1,gpt-6-astra,ultra,settled,2026-09-20T20:11:00.052Z,2026-09-20T20:11:13.914Z,84092,83332,0,806,15,131232000
yelp-astra-standard,322,1,gpt-6-astra,ultra,settled,2026-09-20T20:11:15.862Z,2026-09-20T20:11:19.061Z,84956,83332,1621,84,27,107824500
yelp-astra-standard,323,1,gpt-6-astra,ultra,settled,2026-09-20T20:11:19.861Z,2026-09-20T20:11:34.617Z,90613,84953,5657,505,359,180945500
yelp-astra-standard,324,1,gpt-6-astra,ultra,settled,2026-09-20T20:11:35.517Z,2026-09-20T20:11:37.815Z,91130,90610,0,40,0,97810000
yelp-astra-standard,325,1,gpt-6-astra,ultra,settled,2026-09-20T20:11:38.556Z,2026-09-20T20:12:08.703Z,91495,90610,882,1368,325,170065000
yelp-astra-standard,326,0,gpt-6-astra,ultra,settled,2026-09-20T20:11:41.428Z,2026-09-20T20:12:21.908Z,102977,102150,0,1929,84,206870000
yelp-astra-standard,327,1,gpt-6-astra,ultra,settled,2026-09-20T20:12:10.748Z,2026-09-20T20:12:18.003Z,92921,91492,1426,215,61,120097000
yelp-astra-standard,328,1,gpt-6-astra,ultra,settled,2026-09-20T20:12:19.010Z,2026-09-20T20:12:41.117Z,93148,92918,0,632,590,126818000
yelp-astra-standard,329,0,gpt-6-astra,ultra,settled,2026-09-20T20:12:22.917Z,2026-09-20T20:12:53.235Z,103227,102150,0,1683,0,197070000
yelp-astra-standard,330,1,gpt-6-astra,ultra,settled,2026-09-20T20:12:42.256Z,2026-09-20T20:12:59.462Z,93867,92918,946,806,125,145073000
yelp-astra-standard,331,0,gpt-6-astra,ultra,settled,2026-09-20T20:12:54.473Z,2026-09-20T20:13:17.956Z,105110,102150,2957,702,498,174242500
yelp-astra-standard,332,1,gpt-6-astra,ultra,settled,2026-09-20T20:13:00.397Z,2026-09-20T20:13:07.122Z,94750,93864,883,169,37,113381500
yelp-astra-standard,333,1,gpt-6-astra,ultra,settled,2026-09-20T20:13:07.871Z,2026-09-20T20:13:12.656Z,94931,94747,0,158,47,104487000
yelp-astra-standard,334,0,gpt-6-astra,ultra,settled,2026-09-20T20:13:18.960Z,2026-09-20T20:13:40.378Z,105894,105107,0,215,0,123727000
yelp-astra-standard,335,0,gpt-6-astra,ultra,settled,2026-09-20T20:13:41.410Z,2026-09-20T20:14:02.370Z,106123,105107,0,943,414,162417000
yelp-astra-standard,336,2,gpt-6-astra,ultra,settled,2026-09-20T20:13:41.890Z,2026-09-20T20:13:44.517Z,66065,65459,0,71,0,75069000
yelp-astra-standard,337,2,gpt-6-astra,ultra,settled,2026-09-20T20:13:45.596Z,2026-09-20T20:14:19.841Z,72279,65459,6817,1778,456,239601500
yelp-astra-standard,338,0,gpt-6-astra,ultra,settled,2026-09-20T20:14:05.594Z,2026-09-20T20:14:38.352Z,107705,105107,2595,1649,516,220024500
yelp-astra-standard,339,2,gpt-6-astra,ultra,settled,2026-09-20T20:14:21.947Z,2026-09-20T20:14:26.628Z,74115,72276,1836,105,15,100506000
yelp-astra-standard,340,2,gpt-6-astra,ultra,settled,2026-09-20T20:14:27.357Z,2026-09-20T20:14:30.580Z,74233,74112,0,64,0,78522000
yelp-astra-standard,341,2,gpt-6-astra,ultra,settled,2026-09-20T20:14:32.253Z,2026-09-20T20:15:07.174Z,75055,74112,940,1243,1034,148042000
yelp-astra-standard,342,0,gpt-6-astra,ultra,settled,2026-09-20T20:14:39.250Z,2026-09-20T20:14:47.221Z,108323,107702,0,174,56,122612000
yelp-astra-standard,343,0,gpt-6-astra,ultra,settled,2026-09-20T20:14:49.194Z,2026-09-20T20:15:10.500Z,108510,107702,0,881,315,159832000
yelp-astra-standard,344,2,gpt-6-astra,ultra,settled,2026-09-20T20:15:08.021Z,2026-09-20T20:15:19.030Z,75700,75052,0,455,128,104282000
yelp-astra-standard,345,0,gpt-6-astra,ultra,settled,2026-09-20T20:15:11.871Z,2026-09-20T20:15:35.055Z,109596,107702,1891,773,516,170019500
yelp-astra-standard,346,2,gpt-6-astra,ultra,settled,2026-09-20T20:15:21.068Z,2026-09-20T20:15:25.825Z,76215,75052,1160,118,0,95482000
yelp-astra-standard,347,2,gpt-6-astra,ultra,settled,2026-09-20T20:15:26.641Z,2026-09-20T20:15:29.604Z,76345,76212,0,65,0,80792000
yelp-astra-standard,348,2,gpt-6-astra,ultra,settled,2026-09-20T20:15:30.662Z,2026-09-20T20:15:51.911Z,77119,76212,904,992,516,137142000
yelp-astra-standard,349,0,gpt-6-astra,ultra,settled,2026-09-20T20:15:36.471Z,2026-09-20T20:15:55.445Z,110248,109593,0,673,422,149793000
yelp-astra-standard,350,2,gpt-6-astra,ultra,settled,2026-09-20T20:15:53.235Z,2026-09-20T20:16:12.732Z,78483,77116,1364,615,438,124946000
yelp-astra-standard,351,0,gpt-6-astra,ultra,settled,2026-09-20T20:15:57.561Z,2026-09-20T20:16:02.796Z,111054,109593,1458,131,0,134398000
yelp-astra-standard,352,3,gpt-6-astra,ultra,settled,2026-09-20T20:16:03.671Z,2026-09-20T20:16:06.681Z,85215,84693,0,66,0,93213000
yelp-astra-standard,353,0,gpt-6-astra,ultra,settled,2026-09-20T20:16:04.146Z,2026-09-20T20:16:42.489Z,111198,111051,0,1660,516,195521000
yelp-astra-standard,354,3,gpt-6-astra,ultra,settled,2026-09-20T20:16:07.585Z,2026-09-20T20:16:55.506Z,92073,84693,7377,1539,1368,253885500
yelp-astra-standard,355,2,gpt-6-astra,ultra,settled,2026-09-20T20:16:13.539Z,2026-09-20T20:16:40.777Z,79117,78480,0,1137,516,141700000
yelp-astra-standard,356,2,gpt-6-astra,ultra,settled,2026-09-20T20:16:42.719Z,2026-09-20T20:16:48.885Z,80317,78480,1834,133,67,108085000
yelp-astra-standard,357,0,gpt-6-astra,ultra,settled,2026-09-20T20:16:43.785Z,2026-09-20T20:17:18.772Z,111902,111051,0,1819,380,210511000
yelp-astra-standard,358,2,gpt-6-astra,ultra,settled,2026-09-20T20:16:50.074Z,2026-09-20T20:17:11.277Z,80653,80314,336,708,516,119944000
yelp-astra-standard,359,3,gpt-6-astra,ultra,settled,2026-09-20T20:16:56.325Z,2026-09-20T20:17:00.649Z,93629,92070,0,112,14,113260000
yelp-astra-standard,360,2,gpt-6-astra,ultra,settled,2026-09-20T20:17:12.789Z,2026-09-20T20:17:33.390Z,81377,80650,0,918,13,133820000
yelp-astra-standard,361,0,gpt-6-astra,ultra,settled,2026-09-20T20:17:19.841Z,2026-09-20T20:17:57.434Z,112800,111051,0,1830,434,220041000
yelp-astra-standard,362,2,gpt-6-astra,ultra,settled,2026-09-20T20:17:34.571Z,2026-09-20T20:17:40.790Z,82351,80650,1698,164,0,110105000
yelp-astra-standard,363,0,gpt-6-astra,ultra,settled,2026-09-20T20:17:58.398Z,2026-09-20T20:18:17.329Z,113433,111051,0,1139,0,191821000
yelp-astra-standard,364,0,gpt-6-astra,ultra,settled,2026-09-20T20:18:19.597Z,2026-09-20T20:18:52.234Z,115295,111051,4241,1094,516,218793500
yelp-astra-standard,365,0,gpt-6-astra,ultra,settled,2026-09-20T20:18:53.697Z,2026-09-20T20:19:23.311Z,116653,115292,1358,1113,516,187947000
yelp-astra-standard,366,0,gpt-6-astra,ultra,settled,2026-09-20T20:19:25.697Z,2026-09-20T20:19:47.624Z,117891,116650,1238,804,516,172355000
yelp-astra-standard,367,0,gpt-6-astra,ultra,settled,2026-09-20T20:19:50.139Z,2026-09-20T20:20:19.382Z,119783,117888,1892,1169,831,200018000
yelp-astra-standard,368,0,gpt-6-astra,ultra,settled,2026-09-20T20:20:20.676Z,2026-09-20T20:20:25.500Z,121167,119780,1384,133,89,143760000
yelp-astra-standard,369,0,gpt-6-astra,ultra,settled,2026-09-20T20:20:26.945Z,2026-09-20T20:21:23.254Z,121636,121164,469,2057,1503,229906500
yelp-astra-standard,370,0,gpt-6-astra,ultra,settled,2026-09-20T20:21:25.627Z,2026-09-20T20:23:08.160Z,123834,121633,2198,4584,1398,378338000
yelp-astra-standard,371,0,gpt-6-astra,ultra,settled,2026-09-20T20:23:09.394Z,2026-09-20T20:23:28.979Z,129082,123831,5248,729,357,225911000
yelp-astra-standard,372,0,gpt-6-astra,ultra,settled,2026-09-20T20:23:31.573Z,2026-09-20T20:23:42.704Z,130140,129079,1058,338,153,159234000
yelp-astra-standard,373,3,gpt-6-astra,ultra,settled,2026-09-20T20:23:43.505Z,2026-09-20T20:23:46.924Z,93939,92070,0,80,0,114760000
yelp-astra-standard,374,0,gpt-6-astra,ultra,settled,2026-09-20T20:23:43.736Z,2026-09-20T20:24:28.067Z,130491,130137,0,1799,740,223627000
yelp-astra-standard,375,3,gpt-6-astra,ultra,settled,2026-09-20T20:23:47.838Z,2026-09-20T20:24:07.934Z,101444,92070,9371,707,516,244587500
yelp-astra-standard,376,3,gpt-6-astra,ultra,settled,2026-09-20T20:24:08.781Z,2026-09-20T20:24:12.637Z,102164,101441,0,84,0,112871000
yelp-astra-standard,377,0,gpt-6-astra,ultra,settled,2026-09-20T20:24:30.066Z,2026-09-20T20:25:31.600Z,131335,130137,0,2182,1362,251217000
yelp-astra-standard,378,0,gpt-6-astra,ultra,settled,2026-09-20T20:25:33.313Z,2026-09-20T20:26:00.154Z,134180,130137,4040,1179,439,239617000
yelp-astra-standard,379,0,gpt-6-astra,ultra,settled,2026-09-20T20:26:03.080Z,2026-09-20T20:26:26.088Z,135394,134177,1214,925,319,195632000
yelp-astra-standard,380,0,gpt-6-astra,ultra,settled,2026-09-20T20:26:27.281Z,2026-09-20T20:26:33.265Z,136350,135391,956,260,14,160371000
yelp-astra-standard,381,0,gpt-6-astra,ultra,settled,2026-09-20T20:26:35.283Z,2026-09-20T20:27:13.849Z,137244,136347,894,1664,516,230752000
yelp-astra-standard,382,0,gpt-6-astra,ultra,settled,2026-09-20T20:27:15.348Z,2026-09-20T20:28:15.678Z,142636,137241,5392,2704,1034,339871000
yelp-astra-standard,383,0,gpt-6-astra,ultra,settled,2026-09-20T20:28:17.136Z,2026-09-20T20:28:31.440Z,145420,142633,2784,483,214,201613000
yelp-astra-standard,384,0,gpt-6-astra,ultra,settled,2026-09-20T20:28:32.507Z,2026-09-20T20:28:39.802Z,145953,145417,533,181,105,161159500
yelp-astra-standard,385,0,gpt-6-astra,ultra,settled,2026-09-20T20:28:41.502Z,2026-09-20T20:29:09.051Z,146463,145950,510,1127,516,208705000
yelp-astra-standard,386,0,gpt-6-astra,ultra,settled,2026-09-20T20:29:10.581Z,2026-09-20T20:29:36.121Z,147661,146460,1198,758,516,199365000
yelp-glm-standard,1,0,GLM-5.3-Flash,max,completed,2026-09-19T15:49:58.499Z,2026-09-19T15:50:06.849Z,14880,1792,0,103,,
yelp-glm-standard,2,0,GLM-5.3-Flash,max,completed,2026-09-19T15:50:06.928Z,2026-09-19T15:50:12.466Z,15987,8448,0,59,,
yelp-glm-standard,3,0,GLM-5.3-Flash,max,completed,2026-09-19T15:50:12.583Z,2026-09-19T15:50:23.135Z,19204,12160,0,327,,
yelp-glm-standard,4,0,GLM-5.3-Flash,max,completed,2026-09-19T15:50:23.252Z,2026-09-19T15:50:30.518Z,20289,19200,0,155,,
yelp-glm-standard,5,0,GLM-5.3-Flash,max,completed,2026-09-19T15:50:30.579Z,2026-09-19T15:50:41.542Z,22305,20288,0,167,,
yelp-glm-standard,6,0,GLM-5.3-Flash,max,completed,2026-09-19T15:50:41.613Z,2026-09-19T15:50:48.705Z,22540,22272,0,138,,
yelp-glm-standard,7,0,GLM-5.3-Flash,max,completed,2026-09-19T15:50:48.767Z,2026-09-19T15:51:00.591Z,22755,22528,0,415,,
yelp-glm-standard,8,0,GLM-5.3-Flash,max,completed,2026-09-19T15:51:00.724Z,2026-09-19T15:51:05.112Z,23633,22720,0,123,,
yelp-glm-standard,9,0,GLM-5.3-Flash,max,completed,2026-09-19T15:51:05.183Z,2026-09-19T15:51:11.680Z,24151,23616,0,101,,
yelp-glm-standard,10,0,GLM-5.3-Flash,max,completed,2026-09-19T15:51:11.738Z,2026-09-19T15:51:55.091Z,25216,24128,0,1447,,
yelp-glm-standard,11,0,GLM-5.3-Flash,max,completed,2026-09-19T15:52:05.968Z,2026-09-19T15:52:12.094Z,28152,25216,0,61,,
yelp-glm-standard,12,0,GLM-5.3-Flash,max,completed,2026-09-19T15:52:12.127Z,2026-09-19T15:52:33.182Z,29527,28096,0,560,,
yelp-glm-standard,13,0,GLM-5.3-Flash,max,completed,2026-09-19T15:52:33.279Z,2026-09-19T15:52:42.826Z,30195,29504,0,322,,
yelp-glm-standard,14,0,GLM-5.3-Flash,max,completed,2026-09-19T15:52:42.946Z,2026-09-19T15:52:56.717Z,30686,30144,0,411,,
yelp-glm-standard,15,0,GLM-5.3-Flash,max,completed,2026-09-19T15:52:58.076Z,2026-09-19T15:54:09.628Z,31273,30656,0,2264,,
yelp-glm-standard,16,0,GLM-5.3-Flash,max,completed,2026-09-19T15:54:14.456Z,2026-09-19T15:54:35.223Z,33668,31232,0,723,,
yelp-glm-standard,17,0,GLM-5.3-Flash,max,completed,2026-09-19T15:54:35.331Z,2026-09-19T15:54:43.720Z,34535,33664,0,131,,
yelp-glm-standard,18,0,GLM-5.3-Flash,max,completed,2026-09-19T15:54:43.813Z,2026-09-19T15:55:33.184Z,35372,34496,0,1415,,
yelp-glm-standard,19,0,GLM-5.3-Flash,max,completed,2026-09-19T15:55:33.384Z,2026-09-19T15:56:22.543Z,36829,35328,0,775,,
yelp-glm-standard,20,0,GLM-5.3-Flash,max,completed,2026-09-19T15:56:29.414Z,2026-09-19T15:56:35.242Z,38219,36800,0,63,,
yelp-glm-standard,21,0,GLM-5.3-Flash,max,completed,2026-09-19T15:56:35.327Z,2026-09-19T15:58:15.412Z,38825,38208,0,3238,,
yelp-glm-standard,22,0,GLM-5.3-Flash,max,completed,2026-09-19T15:58:15.668Z,2026-09-19T15:58:25.209Z,42125,38784,0,314,,
yelp-glm-standard,23,0,GLM-5.3-Flash,max,completed,2026-09-19T15:58:25.772Z,2026-09-19T15:59:05.763Z,42774,42112,0,1529,,
yelp-glm-standard,24,0,GLM-5.3-Flash,max,completed,2026-09-19T15:59:15.632Z,2026-09-19T15:59:54.099Z,44362,42752,0,1518,,
yelp-glm-standard,25,0,GLM-5.3-Flash,max,completed,2026-09-19T15:59:57.156Z,2026-09-19T16:00:49.404Z,46002,44352,0,2016,,
yelp-glm-standard,26,0,GLM-5.3-Flash,max,completed,2026-09-19T16:00:59.159Z,2026-09-19T16:01:12.341Z,48248,45952,0,354,,
yelp-glm-standard,27,0,GLM-5.3-Flash,max,completed,2026-09-19T16:01:12.867Z,2026-09-19T16:01:33.842Z,48636,48192,0,999,,
yelp-glm-standard,28,0,GLM-5.3-Flash,max,completed,2026-09-19T16:01:36.029Z,2026-09-19T16:03:18.920Z,49748,48576,0,3488,,
yelp-glm-standard,29,0,GLM-5.3-Flash,max,completed,2026-09-19T16:03:30.165Z,2026-09-19T16:04:59.668Z,53426,49728,0,3125,,
yelp-glm-standard,30,0,GLM-5.3-Flash,max,completed,2026-09-19T16:05:00.707Z,2026-09-19T16:05:17.071Z,56632,53376,0,499,,
yelp-glm-standard,31,0,GLM-5.3-Flash,max,completed,2026-09-19T16:05:17.544Z,2026-09-19T16:06:10.725Z,57556,56576,0,1756,,
yelp-glm-standard,32,0,GLM-5.3-Flash,max,completed,2026-09-19T16:11:10.900Z,2026-09-19T16:11:21.208Z,59452,57536,0,236,,
yelp-glm-standard,33,0,GLM-5.3-Flash,max,completed,2026-09-19T16:11:21.286Z,2026-09-19T16:11:26.996Z,59872,59392,0,51,,
yelp-glm-standard,34,0,GLM-5.3-Flash,max,completed,2026-09-19T16:15:27.019Z,2026-09-19T16:15:32.991Z,59992,59840,0,51,,
yelp-glm-standard,35,0,GLM-5.3-Flash,max,completed,2026-09-19T16:19:17.046Z,2026-09-19T16:21:14.130Z,60574,59968,0,3500,,
yelp-glm-standard,36,0,GLM-5.3-Flash,max,completed,2026-09-19T16:21:15.069Z,2026-09-19T16:21:41.970Z,64167,60544,0,851,,
yelp-glm-standard,37,0,GLM-5.3-Flash,max,completed,2026-09-19T16:21:42.490Z,2026-09-19T16:25:21.313Z,65222,64128,0,7996,,
yelp-glm-standard,38,0,GLM-5.3-Flash,max,completed,2026-09-19T16:25:21.812Z,2026-09-19T16:28:55.336Z,73270,65216,0,10254,,
yelp-glm-standard,39,0,GLM-5.3-Flash,max,completed,2026-09-19T16:28:56.014Z,2026-09-19T16:30:58.023Z,83577,73216,0,5820,,
yelp-glm-standard,40,0,GLM-5.3-Flash,max,completed,2026-09-19T16:30:58.431Z,2026-09-19T16:32:32.025Z,89451,83520,0,6342,,
yelp-glm-standard,41,0,GLM-5.3-Flash,max,completed,2026-09-19T16:32:32.467Z,2026-09-19T16:32:39.793Z,95847,89408,0,120,,
yelp-glm-standard,42,0,GLM-5.3-Flash,max,completed,2026-09-19T16:32:39.921Z,2026-09-19T16:33:02.532Z,96021,95808,0,923,,
yelp-glm-standard,43,0,GLM-5.3-Flash,max,completed,2026-09-19T16:33:02.694Z,2026-09-19T16:33:29.158Z,97210,96000,0,1137,,
yelp-glm-standard,44,0,GLM-5.3-Flash,max,completed,2026-09-19T16:33:29.303Z,2026-09-19T16:33:40.412Z,98402,97152,0,371,,
yelp-glm-standard,45,0,GLM-5.3-Flash,max,completed,2026-09-19T16:33:40.521Z,2026-09-19T16:34:34.695Z,98828,98368,0,2938,,
yelp-glm-standard,46,0,GLM-5.3-Flash,max,completed,2026-09-19T16:34:34.983Z,2026-09-19T16:36:09.645Z,101821,98816,0,6726,,
yelp-glm-standard,47,0,GLM-5.3-Flash,max,completed,2026-09-19T16:36:10.120Z,2026-09-19T16:38:14.466Z,108602,101760,0,4050,,
yelp-glm-standard,48,0,GLM-5.3-Flash,max,completed,2026-09-19T16:38:14.924Z,2026-09-19T16:38:26.488Z,112813,108544,0,397,,
yelp-glm-standard,49,0,GLM-5.3-Flash,max,completed,2026-09-19T16:38:26.592Z,2026-09-19T16:38:35.552Z,113265,112768,0,254,,
yelp-glm-standard,50,0,GLM-5.3-Flash,max,completed,2026-09-19T16:38:35.649Z,2026-09-19T16:38:48.871Z,113574,113216,0,530,,
yelp-glm-standard,51,0,GLM-5.3-Flash,max,completed,2026-09-19T16:38:48.991Z,2026-09-19T16:39:08.325Z,114158,113536,0,793,,
yelp-glm-standard,52,0,GLM-5.3-Flash,max,completed,2026-09-19T16:39:08.450Z,2026-09-19T16:39:16.561Z,115005,114112,0,494,,
yelp-glm-standard,53,0,GLM-5.3-Flash,max,completed,2026-09-19T16:39:16.787Z,2026-09-19T16:39:25.107Z,115766,114944,0,142,,
yelp-glm-standard,54,0,GLM-5.3-Flash,max,completed,2026-09-19T16:39:25.196Z,2026-09-19T16:39:28.041Z,116160,115712,0,49,,
yelp-glm-standard,55,0,GLM-5.3-Flash,max,completed,2026-09-19T16:39:28.108Z,2026-09-19T16:39:43.336Z,116739,116160,0,690,,
yelp-glm-standard,56,0,GLM-5.3-Flash,max,completed,2026-09-19T16:39:43.467Z,2026-09-19T16:39:52.960Z,117483,116736,0,227,,
yelp-glm-standard,57,0,GLM-5.3-Flash,max,completed,2026-09-19T16:39:54.313Z,2026-09-19T16:40:05.263Z,118075,117440,0,272,,
yelp-glm-standard,58,0,GLM-5.3-Flash,max,completed,2026-09-19T16:40:05.485Z,2026-09-19T16:40:14.871Z,118455,118016,0,158,,
yelp-glm-standard,59,0,GLM-5.3-Flash,max,completed,2026-09-19T16:40:17.870Z,2026-09-19T16:40:51.354Z,118684,118400,0,1101,,
yelp-glm-standard,60,0,GLM-5.3-Flash,max,completed,2026-09-19T16:40:51.510Z,2026-09-19T16:40:58.908Z,119838,118656,0,121,,
yelp-glm-standard,61,0,GLM-5.3-Flash,max,completed,2026-09-19T16:40:59.013Z,2026-09-19T16:41:04.858Z,120105,119808,0,53,,
yelp-glm-standard,62,0,GLM-5.3-Flash,max,completed,2026-09-19T16:41:04.914Z,2026-09-19T16:41:09.351Z,120737,120064,0,182,,
yelp-glm-standard,63,0,GLM-5.3-Flash,max,completed,2026-09-19T16:41:09.452Z,2026-09-19T16:41:17.412Z,121187,120704,0,205,,
yelp-glm-standard,64,0,GLM-5.3-Flash,max,completed,2026-09-19T16:41:17.550Z,2026-09-19T16:41:24.714Z,121732,121152,0,121,,
yelp-glm-standard,65,0,GLM-5.3-Flash,max,completed,2026-09-19T16:41:24.816Z,2026-09-19T16:41:28.449Z,121998,121728,0,53,,
yelp-glm-standard,66,0,GLM-5.3-Flash,max,completed,2026-09-19T16:42:24.822Z,2026-09-19T16:43:14.688Z,122498,121984,0,2082,,
yelp-glm-standard,67,0,GLM-5.3-Flash,max,completed,2026-09-19T16:43:14.879Z,2026-09-19T16:43:22.475Z,124633,122496,0,102,,
yelp-glm-standard,68,0,GLM-5.3-Flash,max,completed,2026-09-19T16:43:22.572Z,2026-09-19T16:43:26.798Z,124877,124608,0,52,,
yelp-glm-standard,69,0,GLM-5.3-Flash,max,completed,2026-09-19T16:43:26.858Z,2026-09-19T16:43:33.676Z,125412,124864,0,108,,
yelp-glm-standard,70,0,GLM-5.3-Flash,max,completed,2026-09-19T16:43:33.768Z,2026-09-19T16:43:39.721Z,125663,125376,0,51,,
yelp-glm-standard,71,0,GLM-5.3-Flash,max,completed,2026-09-19T16:43:39.769Z,2026-09-19T16:44:11.209Z,126090,125632,0,1173,,
yelp-glm-standard,72,0,GLM-5.3-Flash,max,completed,2026-09-19T16:44:11.351Z,2026-09-19T16:44:18.397Z,127406,126080,0,52,,
yelp-glm-standard,73,0,GLM-5.3-Flash,max,completed,2026-09-19T16:45:09.983Z,2026-09-19T16:45:21.243Z,127904,127360,0,264,,
yelp-glm-standard,74,0,GLM-5.3-Flash,max,completed,2026-09-19T16:45:21.331Z,2026-09-19T16:45:27.443Z,128433,127872,0,51,,
yelp-glm-standard,75,0,GLM-5.3-Flash,max,completed,2026-09-19T16:45:27.485Z,2026-09-19T16:45:49.820Z,129479,128384,0,1374,,
yelp-glm-standard,76,0,GLM-5.3-Flash,max,completed,2026-09-19T16:45:49.962Z,2026-09-19T16:46:09.176Z,130908,129472,0,142,,
yelp-glm-standard,77,0,GLM-5.3-Flash,max,completed,2026-09-19T16:46:09.249Z,2026-09-19T16:46:15.320Z,131199,130880,0,55,,
yelp-glm-standard,78,0,GLM-5.3-Flash,max,completed,2026-09-19T16:47:06.231Z,2026-09-19T16:47:44.627Z,131717,131136,0,1449,,
yelp-glm-standard,79,0,GLM-5.3-Flash,max,completed,2026-09-19T16:47:45.603Z,2026-09-19T16:48:41.646Z,133439,131712,0,1781,,
yelp-glm-standard,80,0,GLM-5.3-Flash,max,completed,2026-09-19T16:48:42.590Z,2026-09-19T16:49:28.650Z,135272,133376,0,1567,,
yelp-glm-standard,81,0,GLM-5.3-Flash,max,completed,2026-09-19T16:49:28.792Z,2026-09-19T16:49:36.012Z,136894,135232,0,143,,
yelp-glm-standard,82,0,GLM-5.3-Flash,max,completed,2026-09-19T16:49:36.090Z,2026-09-19T16:49:43.415Z,137181,136832,0,53,,
yelp-glm-standard,83,0,GLM-5.3-Flash,max,completed,2026-09-19T16:50:32.466Z,2026-09-19T16:50:52.008Z,137687,137152,0,783,,
yelp-glm-standard,84,0,GLM-5.3-Flash,max,completed,2026-09-19T16:50:52.121Z,2026-09-19T16:50:59.375Z,138741,137664,0,143,,
yelp-glm-standard,85,0,GLM-5.3-Flash,max,completed,2026-09-19T16:50:59.446Z,2026-09-19T16:51:03.075Z,139026,138688,0,50,,
yelp-glm-standard,86,0,GLM-5.3-Flash,max,completed,2026-09-19T16:52:31.777Z,2026-09-19T16:53:05.564Z,139553,139008,0,1483,,
yelp-glm-standard,87,0,GLM-5.3-Flash,max,completed,2026-09-19T16:53:05.715Z,2026-09-19T16:53:12.106Z,141182,139520,0,53,,
yelp-glm-standard,88,0,GLM-5.3-Flash,max,completed,2026-09-19T16:54:37.435Z,2026-09-19T16:55:02.485Z,141720,141120,0,863,,
yelp-glm-standard,89,0,GLM-5.3-Flash,max,completed,2026-09-19T16:55:02.602Z,2026-09-19T16:55:09.488Z,142725,141696,0,49,,
yelp-glm-standard,90,0,GLM-5.3-Flash,max,completed,2026-09-19T16:56:35.602Z,2026-09-19T16:56:55.120Z,143198,142720,0,635,,
yelp-glm-standard,91,0,GLM-5.3-Flash,max,completed,2026-09-19T16:56:55.236Z,2026-09-19T16:57:17.647Z,144141,143168,0,636,,
yelp-glm-standard,92,0,GLM-5.3-Flash,max,completed,2026-09-19T16:57:17.746Z,2026-09-19T16:58:03.163Z,145275,144128,0,1353,,
yelp-glm-standard,93,0,GLM-5.3-Flash,max,completed,2026-09-19T16:58:03.874Z,2026-09-19T16:58:24.232Z,146665,145216,0,734,,
yelp-glm-standard,94,0,GLM-5.3-Flash,max,completed,2026-09-19T16:58:24.372Z,2026-09-19T16:58:31.166Z,147673,146624,0,71,,
yelp-glm-standard,95,0,GLM-5.3-Flash,max,completed,2026-09-19T16:58:31.236Z,2026-09-19T16:58:37.622Z,147762,147648,0,50,,
yelp-glm-standard,96,0,GLM-5.3-Flash,max,completed,2026-09-19T16:58:37.694Z,2026-09-19T16:58:44.893Z,148317,147712,0,111,,
yelp-glm-standard,97,0,GLM-5.3-Flash,max,completed,2026-09-19T16:58:44.965Z,2026-09-19T16:59:01.282Z,148483,148288,0,744,,
yelp-glm-standard,98,0,GLM-5.3-Flash,max,completed,2026-09-19T16:59:01.395Z,2026-09-19T16:59:07.239Z,149366,148480,0,47,,
yelp-glm-standard,99,0,GLM-5.3-Flash,max,completed,2026-09-19T17:00:36.262Z,2026-09-19T17:01:24.260Z,149920,149312,0,1695,,
yelp-glm-standard,100,0,GLM-5.3-Flash,max,completed,2026-09-19T17:01:24.422Z,2026-09-19T17:01:30.798Z,151754,149888,0,49,,
yelp-glm-standard,101,0,GLM-5.3-Flash,max,completed,2026-09-19T17:02:59.149Z,2026-09-19T17:03:49.240Z,152544,151744,0,1719,,
yelp-glm-standard,102,0,GLM-5.3-Flash,max,completed,2026-09-19T17:03:49.439Z,2026-09-19T17:03:57.445Z,154315,152512,0,99,,
yelp-glm-standard,103,0,GLM-5.3-Flash,max,completed,2026-09-19T17:03:57.856Z,2026-09-19T17:04:36.811Z,154609,154304,0,1485,,
yelp-glm-standard,104,0,GLM-5.3-Flash,max,completed,2026-09-19T17:04:36.979Z,2026-09-19T17:04:51.705Z,156456,154560,0,53,,
yelp-glm-standard,105,0,GLM-5.3-Flash,max,completed,2026-09-19T17:06:18.821Z,2026-09-19T17:06:48.235Z,156946,156416,0,952,,
yelp-glm-standard,106,0,GLM-5.3-Flash,max,completed,2026-09-19T17:06:48.772Z,2026-09-19T17:07:07.948Z,158054,156928,0,445,,
yelp-glm-standard,107,0,GLM-5.3-Flash,max,completed,2026-09-19T17:07:08.366Z,2026-09-19T17:07:22.851Z,158506,158016,0,634,,
yelp-glm-standard,108,0,GLM-5.3-Flash,max,completed,2026-09-19T17:07:23.345Z,2026-09-19T17:07:53.692Z,159347,158464,0,1163,,
yelp-glm-standard,109,0,GLM-5.3-Flash,max,completed,2026-09-19T17:07:53.830Z,2026-09-19T17:07:57.478Z,160652,159296,0,50,,
yelp-glm-standard,110,0,GLM-5.3-Flash,max,completed,2026-09-19T17:08:57.478Z,2026-09-19T17:09:09.804Z,161189,160640,0,220,,
yelp-glm-standard,111,0,GLM-5.3-Flash,max,completed,2026-09-19T17:09:09.884Z,2026-09-19T17:09:14.050Z,161618,161152,0,85,,
yelp-glm-standard,112,0,GLM-5.3-Flash,max,completed,2026-09-19T17:09:14.114Z,2026-09-19T17:09:20.720Z,161845,161600,0,51,,
yelp-glm-standard,113,0,GLM-5.3-Flash,max,completed,2026-09-19T17:10:14.636Z,2026-09-19T17:10:36.379Z,162517,161792,0,922,,
yelp-glm-standard,114,0,GLM-5.3-Flash,max,completed,2026-09-19T17:10:36.498Z,2026-09-19T17:10:41.932Z,163803,162496,0,55,,
yelp-glm-standard,115,0,GLM-5.3-Flash,max,completed,2026-09-19T17:11:38.101Z,2026-09-19T17:11:47.030Z,164303,163776,0,131,,
yelp-glm-standard,116,0,GLM-5.3-Flash,max,completed,2026-09-19T17:11:47.110Z,2026-09-19T17:11:51.638Z,164959,164288,0,76,,
yelp-glm-standard,117,0,GLM-5.3-Flash,max,completed,2026-09-19T17:11:51.705Z,2026-09-19T17:12:05.466Z,165720,164928,0,686,,
yelp-glm-standard,118,0,GLM-5.3-Flash,max,completed,2026-09-19T17:12:05.581Z,2026-09-19T17:12:09.168Z,166445,165696,0,49,,
yelp-glm-standard,119,0,GLM-5.3-Flash,max,completed,2026-09-19T17:12:09.206Z,2026-09-19T17:12:16.525Z,167569,166400,0,335,,
yelp-glm-standard,120,0,GLM-5.3-Flash,max,completed,2026-09-19T17:12:16.604Z,2026-09-19T17:12:25.234Z,167958,167552,0,161,,
yelp-glm-standard,121,0,GLM-5.3-Flash,max,completed,2026-09-19T17:12:25.307Z,2026-09-19T17:12:31.504Z,168264,167936,0,52,,
yelp-glm-standard,122,0,GLM-5.3-Flash,max,completed,2026-09-19T17:13:27.857Z,2026-09-19T17:13:55.867Z,168709,168256,0,698,,
yelp-glm-standard,123,0,GLM-5.3-Flash,max,completed,2026-09-19T17:13:55.973Z,2026-09-19T17:14:00.594Z,169553,168704,0,53,,
yelp-glm-standard,124,0,GLM-5.3-Flash,max,completed,2026-09-19T17:14:59.209Z,2026-09-19T17:15:32.319Z,170310,169536,0,946,,
yelp-glm-standard,125,0,GLM-5.3-Flash,max,completed,2026-09-19T17:15:32.443Z,2026-09-19T17:15:38.901Z,171398,170304,0,52,,
yelp-glm-standard,126,0,GLM-5.3-Flash,max,completed,2026-09-19T17:16:36.047Z,2026-09-19T17:17:23.729Z,171944,171392,0,2006,,
yelp-glm-standard,127,0,GLM-5.3-Flash,max,completed,2026-09-19T17:17:23.919Z,2026-09-19T17:17:27.159Z,174093,171904,0,53,,
yelp-glm-standard,128,0,GLM-5.3-Flash,max,completed,2026-09-19T17:18:33.493Z,2026-09-19T17:18:48.749Z,174568,174080,0,448,,
yelp-glm-standard,129,0,GLM-5.3-Flash,max,completed,2026-09-19T17:18:48.848Z,2026-09-19T17:18:52.437Z,175458,174528,0,51,,
yelp-glm-standard,130,0,GLM-5.3-Flash,max,completed,2026-09-19T17:18:52.489Z,2026-09-19T17:19:12.896Z,175980,175424,0,559,,
yelp-glm-standard,131,0,GLM-5.3-Flash,max,completed,2026-09-19T17:19:13.084Z,2026-09-19T17:19:38.695Z,176648,175936,0,988,,
yelp-glm-standard,132,0,GLM-5.3-Flash,max,completed,2026-09-19T17:19:38.808Z,2026-09-19T17:19:50.184Z,177675,176640,0,722,,
yelp-glm-standard,133,0,GLM-5.3-Flash,max,completed,2026-09-19T17:19:50.300Z,2026-09-19T17:19:57.365Z,178539,177664,0,53,,
yelp-glm-standard,134,0,GLM-5.3-Flash,max,completed,2026-09-19T17:21:00.463Z,2026-09-19T17:21:21.509Z,179312,178496,0,717,,
yelp-glm-standard,135,0,GLM-5.3-Flash,max,completed,2026-09-19T17:21:22.231Z,2026-09-19T17:21:44.665Z,180155,179264,0,1271,,
yelp-glm-standard,136,0,GLM-5.3-Flash,max,completed,2026-09-19T17:21:44.805Z,2026-09-19T17:21:52.835Z,181481,180096,0,156,,
yelp-glm-standard,137,0,GLM-5.3-Flash,max,completed,2026-09-19T17:21:52.913Z,2026-09-19T17:21:57.584Z,181782,181440,0,51,,
yelp-glm-standard,138,0,GLM-5.3-Flash,max,completed,2026-09-19T17:23:01.401Z,2026-09-19T17:23:57.161Z,182328,181760,0,2254,,
yelp-glm-standard,139,0,GLM-5.3-Flash,max,completed,2026-09-19T17:23:57.357Z,2026-09-19T17:24:05.342Z,184636,182272,0,191,,
yelp-glm-standard,140,0,GLM-5.3-Flash,max,completed,2026-09-19T17:24:09.538Z,2026-09-19T17:25:01.777Z,184998,184576,0,1926,,
yelp-glm-standard,141,0,GLM-5.3-Flash,max,completed,2026-09-19T17:25:01.950Z,2026-09-19T17:25:09.451Z,186977,184960,0,368,,
yelp-glm-standard,142,0,GLM-5.3-Flash,max,completed,2026-09-19T17:25:09.554Z,2026-09-19T17:25:24.434Z,187365,186944,0,541,,
yelp-glm-standard,143,0,GLM-5.3-Flash,max,completed,2026-09-19T17:25:24.539Z,2026-09-19T17:25:29.864Z,188049,187328,0,53,,
yelp-glm-standard,144,0,GLM-5.3-Flash,max,completed,2026-09-19T17:27:37.327Z,2026-09-19T17:27:44.293Z,188849,188032,0,51,,
yelp-glm-standard,145,0,GLM-5.3-Flash,max,completed,2026-09-19T17:27:44.378Z,2026-09-19T17:27:51.232Z,188965,188800,0,243,,
yelp-glm-standard,146,0,GLM-5.3-Flash,max,completed,2026-09-19T17:27:51.291Z,2026-09-19T17:27:57.998Z,189583,188928,0,41,,
yelp-glm-standard,147,0,GLM-5.3-Flash,max,completed,2026-09-19T17:27:58.075Z,2026-09-19T17:29:12.358Z,189689,189568,0,2161,,
yelp-glm-standard,148,0,GLM-5.3-Flash,max,completed,2026-09-19T17:31:42.562Z,2026-09-19T17:31:52.048Z,191856,189632,0,41,,
yelp-glm-standard,149,0,GLM-5.3-Flash,max,completed,2026-09-19T17:31:52.190Z,2026-09-19T17:33:06.024Z,192193,191808,0,2705,,
yelp-glm-standard,150,0,GLM-5.3-Flash,max,completed,2026-09-19T17:33:06.260Z,2026-09-19T17:33:13.002Z,194906,192192,0,51,,
yelp-glm-standard,151,0,GLM-5.3-Flash,max,completed,2026-09-19T17:33:13.038Z,2026-09-19T17:33:47.606Z,195878,194880,0,1959,,
yelp-glm-standard,152,0,GLM-5.3-Flash,max,completed,2026-09-19T17:33:47.786Z,2026-09-19T17:33:51.813Z,197852,195840,0,51,,
yelp-glm-standard,153,0,GLM-5.3-Flash,max,completed,2026-09-19T17:33:51.849Z,2026-09-19T17:33:58.858Z,198639,197824,0,284,,
yelp-glm-standard,154,0,GLM-5.3-Flash,max,completed,2026-09-19T17:33:58.937Z,2026-09-19T17:34:10.944Z,198978,198592,0,346,,
yelp-glm-standard,155,0,GLM-5.3-Flash,max,completed,2026-09-19T17:34:11.039Z,2026-09-19T17:34:15.478Z,199468,198976,0,52,,
yelp-glm-standard,156,0,GLM-5.3-Flash,max,completed,2026-09-19T17:35:08.855Z,2026-09-19T17:35:21.430Z,200466,199424,0,584,,
yelp-glm-standard,157,0,GLM-5.3-Flash,max,completed,2026-09-19T17:35:21.529Z,2026-09-19T17:35:25.518Z,201193,200448,0,50,,
yelp-glm-standard,158,0,GLM-5.3-Flash,max,completed,2026-09-19T17:35:33.261Z,2026-09-19T17:35:48.233Z,201699,201152,0,431,,
yelp-glm-standard,159,0,GLM-5.3-Flash,max,completed,2026-09-19T17:35:49.799Z,2026-09-19T17:35:52.933Z,202301,201664,0,28,,
yelp-glm-standard,160,0,GLM-5.3-Flash,max,completed,2026-09-19T17:35:53.021Z,2026-09-19T17:35:58.871Z,202393,202240,0,33,,
yelp-glm-standard,161,0,GLM-5.3-Flash,max,completed,2026-09-19T17:38:58.942Z,2026-09-19T17:39:06.271Z,202432,202368,0,39,,
yelp-glm-standard,162,0,GLM-5.3-Flash,max,completed,2026-09-19T17:39:06.389Z,2026-09-19T17:39:13.053Z,202716,202432,0,60,,
yelp-glm-standard,163,0,GLM-5.3-Flash,max,completed,2026-09-19T17:39:13.138Z,2026-09-19T17:39:16.710Z,202843,202688,0,33,,
yelp-glm-standard,164,0,GLM-5.3-Flash,max,completed,2026-09-19T17:43:16.782Z,2026-09-19T17:43:21.761Z,202882,202816,0,42,,
yelp-glm-standard,165,0,GLM-5.3-Flash,max,completed,2026-09-19T17:43:21.822Z,2026-09-19T17:43:56.890Z,203171,202880,0,1460,,
yelp-glm-standard,166,0,GLM-5.3-Flash,max,completed,2026-09-19T17:43:57.058Z,2026-09-19T17:44:01.205Z,205019,203136,0,54,,
yelp-glm-standard,167,0,GLM-5.3-Flash,max,completed,2026-09-19T17:44:01.250Z,2026-09-19T17:45:15.701Z,205541,204992,0,2281,,
yelp-glm-standard,168,0,GLM-5.3-Flash,max,completed,2026-09-19T17:45:15.917Z,2026-09-19T17:45:20.026Z,207889,205504,0,32,,
yelp-glm-standard,169,0,GLM-5.3-Flash,max,completed,2026-09-19T17:48:40.099Z,2026-09-19T17:48:44.629Z,207927,207872,0,43,,
yelp-glm-standard,170,0,GLM-5.3-Flash,max,completed,2026-09-19T17:48:44.724Z,2026-09-19T17:49:19.788Z,208215,207872,0,919,,
yelp-glm-standard,171,0,GLM-5.3-Flash,max,completed,2026-09-19T17:49:19.902Z,2026-09-19T17:49:25.799Z,209190,208192,0,81,,
yelp-glm-standard,172,0,GLM-5.3-Flash,max,completed,2026-09-19T17:49:25.873Z,2026-09-19T17:49:29.916Z,209573,209152,0,50,,
yelp-glm-standard,173,0,GLM-5.3-Flash,max,completed,2026-09-19T17:49:29.953Z,2026-09-19T17:50:25.608Z,210548,209536,0,2571,,
yelp-glm-standard,174,0,GLM-5.3-Flash,max,completed,2026-09-19T17:50:25.824Z,2026-09-19T17:50:42.807Z,213125,210496,0,753,,
yelp-glm-standard,175,0,GLM-5.3-Flash,max,completed,2026-09-19T17:50:45.341Z,2026-09-19T17:51:00.828Z,213885,213120,0,499,,
yelp-glm-standard,176,0,GLM-5.3-Flash,max,completed,2026-09-19T17:51:00.934Z,2026-09-19T17:51:41.175Z,214634,213824,0,2668,,
yelp-glm-standard,177,0,GLM-5.3-Flash,max,completed,2026-09-19T17:51:41.376Z,2026-09-19T17:51:45.654Z,217446,214592,0,53,,
yelp-glm-standard,178,0,GLM-5.3-Flash,max,completed,2026-09-19T17:52:48.411Z,2026-09-19T17:53:01.488Z,217951,217408,0,350,,
yelp-glm-standard,179,0,GLM-5.3-Flash,max,completed,2026-09-19T17:53:01.581Z,2026-09-19T17:53:07.704Z,218445,217920,0,53,,
yelp-glm-standard,180,0,GLM-5.3-Flash,max,completed,2026-09-19T17:54:06.817Z,2026-09-19T17:54:40.178Z,218991,218432,0,1532,,
yelp-glm-standard,181,0,GLM-5.3-Flash,max,completed,2026-09-19T17:54:40.332Z,2026-09-19T17:54:46.745Z,220669,218944,0,53,,
yelp-glm-standard,182,0,GLM-5.3-Flash,max,completed,2026-09-19T17:55:42.772Z,2026-09-19T17:56:06.608Z,221114,220608,0,1106,,
yelp-glm-standard,183,0,GLM-5.3-Flash,max,completed,2026-09-19T17:56:06.733Z,2026-09-19T17:56:10.711Z,222363,221056,0,53,,
yelp-glm-standard,184,0,GLM-5.3-Flash,max,completed,2026-09-19T17:57:09.193Z,2026-09-19T17:57:25.667Z,222787,222336,0,691,,
yelp-glm-standard,185,0,GLM-5.3-Flash,max,completed,2026-09-19T17:57:25.776Z,2026-09-19T17:58:01.307Z,223618,222784,0,49,,
yelp-glm-standard,186,0,GLM-5.3-Flash,max,completed,2026-09-19T17:58:26.103Z,2026-09-19T17:59:15.033Z,224355,223616,0,1720,,
yelp-glm-standard,187,0,GLM-5.3-Flash,max,completed,2026-09-19T17:59:15.201Z,2026-09-19T17:59:19.853Z,226217,224320,0,51,,
yelp-glm-standard,188,0,GLM-5.3-Flash,max,completed,2026-09-19T17:59:19.901Z,2026-09-19T17:59:29.371Z,226704,226176,0,221,,
yelp-glm-standard,189,0,GLM-5.3-Flash,max,completed,2026-09-19T17:59:29.447Z,2026-09-19T18:00:03.688Z,227557,226688,0,2699,,
yelp-glm-standard,190,0,GLM-5.3-Flash,max,completed,2026-09-19T18:00:03.889Z,2026-09-19T18:00:08.937Z,230403,227520,0,53,,
yelp-glm-standard,191,0,GLM-5.3-Flash,max,completed,2026-09-19T18:00:08.996Z,2026-09-19T18:00:13.810Z,231015,230400,0,54,,
yelp-glm-standard,192,0,GLM-5.3-Flash,max,completed,2026-09-19T18:00:14.103Z,2026-09-19T18:00:22.228Z,231213,230976,0,52,,
yelp-glm-standard,193,0,GLM-5.3-Flash,max,completed,2026-09-19T18:00:22.275Z,2026-09-19T18:00:29.154Z,231622,231168,0,49,,
yelp-glm-standard,194,0,GLM-5.3-Flash,max,completed,2026-09-19T18:00:36.614Z,2026-09-19T18:01:02.128Z,231715,231616,0,828,,
yelp-glm-standard,195,0,GLM-5.3-Flash,max,completed,2026-09-19T18:01:17.297Z,2026-09-19T18:01:49.796Z,232857,231680,0,1027,,
yelp-glm-standard,196,0,GLM-5.3-Flash,max,completed,2026-09-19T18:01:49.934Z,2026-09-19T18:02:34.504Z,234341,232832,0,2140,,
yelp-glm-standard,197,0,GLM-5.3-Flash,max,completed,2026-09-19T18:02:35.570Z,2026-09-19T18:03:34.703Z,236603,234304,0,2462,,
yelp-glm-standard,198,0,GLM-5.3-Flash,max,completed,2026-09-19T18:03:34.910Z,2026-09-19T18:03:39.255Z,239208,236544,0,52,,
yelp-glm-standard,199,0,GLM-5.3-Flash,max,completed,2026-09-19T18:04:39.574Z,2026-09-19T18:04:50.488Z,239706,239168,0,287,,
yelp-glm-standard,200,0,GLM-5.3-Flash,max,completed,2026-09-19T18:04:50.686Z,2026-09-19T18:04:55.008Z,240139,239680,0,53,,
yelp-glm-standard,201,0,GLM-5.3-Flash,max,completed,2026-09-19T18:05:53.412Z,2026-09-19T18:06:03.403Z,240736,240128,0,209,,
yelp-glm-standard,202,0,GLM-5.3-Flash,max,completed,2026-09-19T18:06:03.482Z,2026-09-19T18:06:43.339Z,241218,240704,0,1466,,
yelp-glm-standard,203,0,GLM-5.3-Flash,max,completed,2026-09-19T18:06:43.482Z,2026-09-19T18:06:48.267Z,242831,241216,0,54,,
yelp-glm-standard,204,0,GLM-5.3-Flash,max,completed,2026-09-19T18:07:50.571Z,2026-09-19T18:07:58.746Z,243264,242816,0,121,,
yelp-glm-standard,205,0,GLM-5.3-Flash,max,completed,2026-09-19T18:07:58.824Z,2026-09-19T18:08:39.057Z,243564,243264,0,1473,,
yelp-glm-standard,206,0,GLM-5.3-Flash,max,completed,2026-09-19T18:08:39.211Z,2026-09-19T18:08:46.234Z,245421,243520,0,52,,
yelp-glm-standard,207,0,GLM-5.3-Flash,max,completed,2026-09-19T18:09:47.144Z,2026-09-19T18:10:49.813Z,245865,245376,0,2327,,
yelp-glm-standard,208,0,GLM-5.3-Flash,max,completed,2026-09-19T18:10:50.857Z,2026-09-19T18:11:19.640Z,248779,245824,0,1373,,
yelp-glm-standard,209,0,GLM-5.3-Flash,max,completed,2026-09-19T18:11:19.784Z,2026-09-19T18:11:24.155Z,250296,248768,0,52,,
yelp-glm-standard,210,0,GLM-5.3-Flash,max,completed,2026-09-19T18:12:23.911Z,2026-09-19T18:12:30.677Z,250797,250240,0,191,,
yelp-glm-standard,211,0,GLM-5.3-Flash,max,completed,2026-09-19T18:12:30.762Z,2026-09-19T18:12:34.785Z,251136,250752,0,54,,
yelp-glm-standard,212,0,GLM-5.3-Flash,max,completed,2026-09-19T18:13:33.475Z,2026-09-19T18:13:53.212Z,251612,251136,0,594,,
yelp-glm-standard,213,0,GLM-5.3-Flash,max,completed,2026-09-19T18:13:53.312Z,2026-09-19T18:13:58.352Z,252349,251584,0,52,,
yelp-glm-standard,214,0,GLM-5.3-Flash,max,completed,2026-09-19T18:14:58.331Z,2026-09-19T18:15:15.541Z,252893,252288,0,588,,
yelp-glm-standard,215,0,GLM-5.3-Flash,max,completed,2026-09-19T18:15:26.230Z,2026-09-19T18:16:02.450Z,253766,252864,0,1040,,
yelp-glm-standard,216,0,GLM-5.3-Flash,max,completed,2026-09-19T18:16:02.589Z,2026-09-19T18:16:15.977Z,255273,253760,0,301,,
yelp-glm-standard,217,0,GLM-5.3-Flash,max,completed,2026-09-19T18:16:16.072Z,2026-09-19T18:16:26.197Z,255694,255232,0,297,,
yelp-glm-standard,218,0,GLM-5.3-Flash,max,completed,2026-09-19T18:16:26.272Z,2026-09-19T18:16:38.489Z,256030,255680,0,504,,
yelp-glm-standard,219,0,GLM-5.3-Flash,max,completed,2026-09-19T18:16:38.588Z,2026-09-19T18:16:42.911Z,256676,256000,0,51,,
yelp-glm-standard,220,0,GLM-5.3-Flash,max,completed,2026-09-19T18:16:49.171Z,2026-09-19T18:17:05.642Z,257170,256640,0,506,,
yelp-glm-standard,221,0,GLM-5.3-Flash,max,completed,2026-09-19T18:17:05.744Z,2026-09-19T18:17:10.044Z,257824,257152,0,55,,
yelp-glm-standard,222,0,GLM-5.3-Flash,max,completed,2026-09-19T18:17:19.150Z,2026-09-19T18:17:25.444Z,258362,257792,0,171,,
yelp-glm-standard,223,0,GLM-5.3-Flash,max,completed,2026-09-19T18:17:26.009Z,2026-09-19T18:17:29.786Z,258587,258304,0,28,,
yelp-glm-standard,224,0,GLM-5.3-Flash,max,completed,2026-09-19T18:17:29.868Z,2026-09-19T18:17:36.650Z,258677,258560,0,32,,
yelp-glm-standard,225,0,GLM-5.3-Flash,max,completed,2026-09-19T18:21:36.759Z,2026-09-19T18:21:43.046Z,258715,258624,0,39,,
yelp-glm-standard,226,0,GLM-5.3-Flash,max,completed,2026-09-19T18:21:43.237Z,2026-09-19T18:21:55.318Z,259555,258688,0,501,,
yelp-glm-standard,227,0,GLM-5.3-Flash,max,completed,2026-09-19T18:21:55.403Z,2026-09-19T18:22:03.693Z,260076,259520,0,223,,
yelp-glm-standard,228,0,GLM-5.3-Flash,max,completed,2026-09-19T18:22:03.759Z,2026-09-19T18:22:44.060Z,260319,260032,0,1301,,
yelp-glm-standard,229,0,GLM-5.3-Flash,max,completed,2026-09-19T18:22:44.537Z,2026-09-19T18:22:54.095Z,261736,260288,0,415,,
yelp-glm-standard,230,0,GLM-5.3-Flash,max,completed,2026-09-19T18:22:55.089Z,2026-09-19T18:23:50.652Z,262230,261696,0,1872,,
yelp-glm-standard,231,0,GLM-5.3-Flash,max,completed,2026-09-19T18:23:50.838Z,2026-09-19T18:24:18.898Z,264165,262208,0,1188,,
yelp-glm-standard,232,0,GLM-5.3-Flash,max,completed,2026-09-19T18:24:19.034Z,2026-09-19T18:24:44.685Z,265406,264128,0,789,,
yelp-glm-standard,233,0,GLM-5.3-Flash,max,completed,2026-09-19T18:24:44.792Z,2026-09-19T18:24:49.597Z,266247,265344,0,39,,
yelp-glm-standard,234,0,GLM-5.3-Flash,max,completed,2026-09-19T18:24:49.656Z,2026-09-19T18:26:01.829Z,266349,266240,0,2714,,
yelp-glm-standard,235,0,GLM-5.3-Flash,max,completed,2026-09-19T18:26:02.055Z,2026-09-19T18:26:32.414Z,269071,266304,0,1541,,
yelp-glm-standard,236,0,GLM-5.3-Flash,max,completed,2026-09-19T18:26:32.579Z,2026-09-19T18:26:52.630Z,270866,269056,0,661,,
yelp-glm-standard,237,0,GLM-5.3-Flash,max,completed,2026-09-19T18:26:56.693Z,2026-09-19T18:27:02.519Z,271536,270848,0,103,,
yelp-glm-standard,238,0,GLM-5.3-Flash,max,completed,2026-09-19T18:27:02.596Z,2026-09-19T18:27:07.261Z,271783,271488,0,51,,
yelp-glm-standard,239,0,GLM-5.3-Flash,max,completed,2026-09-19T18:27:07.412Z,2026-09-19T18:27:15.636Z,272192,271744,0,102,,
yelp-glm-standard,240,0,GLM-5.3-Flash,max,completed,2026-09-19T18:27:15.921Z,2026-09-19T18:27:20.536Z,272305,272192,0,72,,
yelp-glm-standard,241,0,GLM-5.3-Flash,max,completed,2026-09-19T18:27:25.288Z,2026-09-19T18:27:36.103Z,272388,272256,0,132,,
yelp-glm-standard,242,0,GLM-5.3-Flash,max,completed,2026-09-19T18:28:35.686Z,2026-09-19T18:28:41.848Z,272606,272384,0,182,,
yelp-glm-standard,243,0,GLM-5.3-Flash,max,completed,2026-09-19T18:29:42.857Z,2026-09-19T18:30:10.960Z,272831,272576,0,912,,
yelp-glm-standard,244,0,GLM-5.3-Flash,max,completed,2026-09-19T18:31:14.751Z,2026-09-19T18:31:23.304Z,273831,272768,0,158,,
yelp-glm-standard,245,0,GLM-5.3-Flash,max,completed,2026-09-19T18:32:25.549Z,2026-09-19T18:32:52.553Z,274050,273792,0,448,,
yelp-glm-standard,246,0,GLM-5.3-Flash,max,completed,2026-09-19T18:32:52.654Z,2026-09-19T18:33:05.220Z,274946,274048,0,103,,
yelp-glm-standard,247,0,GLM-5.3-Flash,max,completed,2026-09-19T18:33:05.296Z,2026-09-19T18:33:29.799Z,275430,274944,0,378,,
yelp-glm-standard,248,0,GLM-5.3-Flash,max,completed,2026-09-19T18:33:29.886Z,2026-09-19T18:34:09.123Z,275895,275392,0,1433,,
yelp-glm-standard,249,0,GLM-5.3-Flash,max,completed,2026-09-19T18:35:11.262Z,2026-09-19T18:36:28.181Z,277363,275840,0,2659,,
yelp-glm-standard,250,0,GLM-5.3-Flash,max,completed,2026-09-19T18:37:28.804Z,2026-09-19T18:37:38.538Z,280110,277312,0,225,,
yelp-glm-standard,251,0,GLM-5.3-Flash,max,completed,2026-09-19T18:37:39.360Z,2026-09-19T18:37:51.743Z,280458,280064,0,279,,
yelp-glm-standard,252,0,GLM-5.3-Flash,max,completed,2026-09-19T18:37:52.580Z,2026-09-19T18:38:03.427Z,280858,280448,0,132,,
yelp-glm-standard,253,0,GLM-5.3-Flash,max,completed,2026-09-19T18:38:03.727Z,2026-09-19T18:38:16.104Z,281038,280832,0,346,,
yelp-glm-standard,254,0,GLM-5.3-Flash,max,completed,2026-09-19T18:38:16.980Z,2026-09-19T18:38:23.785Z,281507,281024,0,59,,
yelp-glm-standard,255,0,GLM-5.3-Flash,max,completed,2026-09-19T18:38:23.860Z,2026-09-19T18:38:34.944Z,281626,281472,0,242,,
yelp-glm-standard,256,0,GLM-5.3-Flash,max,completed,2026-09-19T18:38:36.825Z,2026-09-19T18:39:13.869Z,282249,281600,0,1767,,
yelp-glm-standard,257,0,GLM-5.3-Flash,max,completed,2026-09-19T18:39:24.559Z,2026-09-19T18:39:39.477Z,284225,282240,0,463,,
yelp-glm-standard,258,0,GLM-5.3-Flash,max,completed,2026-09-19T18:39:50.057Z,2026-09-19T18:40:39.071Z,284861,284224,0,1459,,
yelp-glm-standard,259,0,GLM-5.3-Flash,max,completed,2026-09-19T18:40:39.233Z,2026-09-19T18:40:53.206Z,286347,284800,0,542,,
yelp-glm-standard,260,0,GLM-5.3-Flash,max,completed,2026-09-19T18:41:01.841Z,2026-09-19T18:41:49.320Z,287195,286336,0,1625,,
yelp-glm-standard,261,0,GLM-5.3-Flash,max,completed,2026-09-19T18:41:50.572Z,2026-09-19T18:43:00.592Z,288843,287168,0,2505,,
yelp-glm-standard,262,0,GLM-5.3-Flash,max,completed,2026-09-19T18:43:10.021Z,2026-09-19T18:45:20.874Z,291477,288832,0,5707,,
yelp-glm-standard,263,0,GLM-5.3-Flash,max,completed,2026-09-19T18:45:21.541Z,2026-09-19T18:46:42.709Z,297245,291456,0,3903,,
yelp-glm-standard,264,0,GLM-5.3-Flash,max,completed,2026-09-19T18:46:43.328Z,2026-09-19T18:47:12.489Z,301316,297216,0,953,,
yelp-glm-standard,265,0,GLM-5.3-Flash,max,completed,2026-09-19T18:47:12.953Z,2026-09-19T18:48:06.142Z,302276,301312,0,2294,,
yelp-glm-standard,266,0,GLM-5.3-Flash,max,completed,2026-09-19T18:48:06.353Z,2026-09-19T18:48:47.106Z,304820,302272,0,2955,,
yelp-glm-standard,267,0,GLM-5.3-Flash,max,completed,2026-09-19T18:48:47.797Z,2026-09-19T18:49:07.167Z,307923,304768,0,798,,
yelp-glm-standard,268,0,GLM-5.3-Flash,max,completed,2026-09-19T18:49:07.286Z,2026-09-19T18:49:27.256Z,308729,307904,0,1051,,
yelp-glm-standard,269,0,GLM-5.3-Flash,max,completed,2026-09-19T18:49:32.131Z,2026-09-19T18:49:37.507Z,310069,308672,0,96,,
yelp-glm-standard,270,0,GLM-5.3-Flash,max,completed,2026-09-19T18:50:44.117Z,2026-09-19T18:50:55.926Z,310434,310016,0,411,,
yelp-glm-standard,271,0,GLM-5.3-Flash,max,completed,2026-09-19T18:52:02.731Z,2026-09-19T18:52:37.302Z,310923,310400,0,1739,,
yelp-glm-standard,272,0,GLM-5.3-Flash,max,completed,2026-09-19T18:53:37.900Z,2026-09-19T18:53:52.459Z,312874,310912,0,144,,
yelp-glm-standard,273,0,GLM-5.3-Flash,max,completed,2026-09-19T18:53:52.544Z,2026-09-19T18:54:03.320Z,313190,312832,0,425,,
yelp-glm-standard,274,0,GLM-5.3-Flash,max,completed,2026-09-19T18:54:13.672Z,2026-09-19T18:54:33.220Z,313786,313152,0,819,,
yelp-glm-standard,275,0,GLM-5.3-Flash,max,completed,2026-09-19T18:55:37.932Z,2026-09-19T18:55:44.691Z,314691,313728,0,185,,
yelp-glm-standard,276,0,GLM-5.3-Flash,max,completed,2026-09-19T18:56:47.901Z,2026-09-19T18:57:00.263Z,315171,314688,0,273,,
yelp-glm-standard,277,0,GLM-5.3-Flash,max,completed,2026-09-19T18:58:01.073Z,2026-09-19T18:58:06.445Z,315455,315136,0,47,,
yelp-glm-standard,278,0,GLM-5.3-Flash,max,completed,2026-09-19T18:58:06.554Z,2026-09-19T18:58:15.432Z,315508,315392,0,120,,
yelp-glm-standard,279,0,GLM-5.3-Flash,max,completed,2026-09-19T18:58:17.254Z,2026-09-19T18:58:33.251Z,315732,315456,0,644,,
yelp-glm-standard,280,0,GLM-5.3-Flash,max,completed,2026-09-19T18:59:38.754Z,2026-09-19T18:59:53.526Z,316464,315712,0,155,,
yelp-glm-standard,281,0,GLM-5.3-Flash,max,completed,2026-09-19T19:00:56.674Z,2026-09-19T19:01:02.959Z,316666,316416,0,116,,
yelp-glm-standard,282,0,GLM-5.3-Flash,max,completed,2026-09-19T19:01:04.794Z,2026-09-19T19:02:15.462Z,316893,316608,0,3283,,
yelp-glm-standard,283,0,GLM-5.3-Flash,max,completed,2026-09-19T19:02:16.457Z,2026-09-19T19:03:13.634Z,320198,316864,0,2404,,
yelp-glm-standard,284,0,GLM-5.3-Flash,max,completed,2026-09-19T19:03:14.377Z,2026-09-19T19:04:41.076Z,322743,320192,0,3100,,
yelp-glm-standard,285,0,GLM-5.3-Flash,max,completed,2026-09-19T19:04:41.721Z,2026-09-19T19:05:22.652Z,326009,322688,0,1446,,
yelp-glm-standard,286,0,GLM-5.3-Flash,max,completed,2026-09-19T19:05:22.814Z,2026-09-19T19:05:34.535Z,327935,325952,0,404,,
yelp-glm-standard,287,0,GLM-5.3-Flash,max,completed,2026-09-19T19:05:34.618Z,2026-09-19T19:05:44.167Z,328378,327872,0,352,,
yelp-glm-standard,288,0,GLM-5.3-Flash,max,completed,2026-09-19T19:05:45.281Z,2026-09-19T19:05:55.420Z,328804,328320,0,294,,
yelp-glm-standard,289,0,GLM-5.3-Flash,max,completed,2026-09-19T19:07:01.000Z,2026-09-19T19:07:09.753Z,329181,328768,0,158,,
yelp-glm-standard,290,0,GLM-5.3-Flash,max,completed,2026-09-19T19:08:12.846Z,2026-09-19T19:08:20.709Z,329386,329152,0,119,,
yelp-glm-standard,291,0,GLM-5.3-Flash,max,completed,2026-09-19T19:08:22.656Z,2026-09-19T19:08:51.695Z,329585,329344,0,1107,,
yelp-glm-standard,292,0,GLM-5.3-Flash,max,completed,2026-09-19T19:09:03.595Z,2026-09-19T19:09:35.684Z,330780,329536,0,1032,,
yelp-glm-standard,293,0,GLM-5.3-Flash,max,completed,2026-09-19T19:09:35.807Z,2026-09-19T19:09:42.593Z,331958,330752,0,55,,
yelp-glm-standard,294,0,GLM-5.3-Flash,max,completed,2026-09-19T19:09:50.538Z,2026-09-19T19:10:04.457Z,332494,331904,0,143,,
yelp-glm-standard,295,0,GLM-5.3-Flash,max,completed,2026-09-19T19:10:04.543Z,2026-09-19T19:10:16.315Z,332699,332480,0,43,,
yelp-glm-standard,296,0,GLM-5.3-Flash,max,completed,2026-09-19T19:10:17.116Z,2026-09-19T19:10:51.561Z,344378,332672,0,1107,,
yelp-glm-standard,297,0,GLM-5.3-Flash,max,completed,2026-09-19T19:10:51.627Z,2026-09-19T19:10:59.536Z,345876,344320,0,35,,
yelp-glm-standard,298,0,GLM-5.3-Flash,max,completed,2026-09-19T19:13:59.612Z,2026-09-19T19:14:05.674Z,345917,345856,0,39,,
yelp-glm-standard,299,0,GLM-5.3-Flash,max,completed,2026-09-19T19:14:05.745Z,2026-09-19T19:14:39.809Z,346519,345856,0,1529,,
yelp-glm-standard,300,0,GLM-5.3-Flash,max,completed,2026-09-19T19:14:39.963Z,2026-09-19T19:14:46.073Z,348193,346496,0,54,,
yelp-glm-standard,301,0,GLM-5.3-Flash,max,completed,2026-09-19T19:14:53.021Z,2026-09-19T19:15:03.686Z,348947,348160,0,74,,
yelp-glm-standard,302,0,GLM-5.3-Flash,max,completed,2026-09-19T19:15:03.765Z,2026-09-19T19:15:10.790Z,349084,348928,0,33,,
yelp-glm-standard,303,0,GLM-5.3-Flash,max,completed,2026-09-19T19:22:10.868Z,2026-09-19T19:22:24.402Z,349123,349056,0,39,,
yelp-glm-standard,304,0,GLM-5.3-Flash,max,completed,2026-09-19T19:22:24.474Z,2026-09-19T19:22:45.292Z,349756,349120,0,286,,
yelp-glm-standard,305,0,GLM-5.3-Flash,max,completed,2026-09-19T19:22:45.735Z,2026-09-19T19:22:57.569Z,350237,349696,0,68,,
yelp-glm-standard,306,0,GLM-5.3-Flash,max,completed,2026-09-19T19:22:57.942Z,2026-09-19T19:23:07.589Z,350625,350208,0,114,,
yelp-glm-standard,307,0,GLM-5.3-Flash,max,completed,2026-09-19T19:23:07.671Z,2026-09-19T19:23:26.477Z,353179,350592,0,216,,
yelp-glm-standard,308,0,GLM-5.3-Flash,max,completed,2026-09-19T19:23:26.567Z,2026-09-19T19:23:54.937Z,353417,353152,0,1415,,
yelp-glm-standard,309,0,GLM-5.3-Flash,max,completed,2026-09-19T19:23:55.094Z,2026-09-19T19:24:01.271Z,354886,353408,0,35,,
yelp-glm-standard,310,0,GLM-5.3-Flash,max,completed,2026-09-19T19:27:21.353Z,2026-09-19T19:27:28.327Z,354927,354880,0,42,,
yelp-glm-standard,311,0,GLM-5.3-Flash,max,completed,2026-09-19T19:27:28.500Z,2026-09-19T19:27:43.075Z,366430,354880,0,608,,
yelp-glm-standard,312,0,GLM-5.3-Flash,max,completed,2026-09-19T19:27:43.200Z,2026-09-19T19:28:14.220Z,367046,366400,0,1622,,
yelp-glm-standard,313,0,GLM-5.3-Flash,max,completed,2026-09-19T19:28:14.380Z,2026-09-19T19:28:44.927Z,368723,367040,0,1101,,
yelp-glm-standard,314,0,GLM-5.3-Flash,max,completed,2026-09-19T19:28:45.078Z,2026-09-19T19:29:09.099Z,369831,368704,0,445,,
yelp-glm-standard,315,0,GLM-5.3-Flash,max,completed,2026-09-19T19:29:09.207Z,2026-09-19T19:29:22.325Z,370607,369792,0,65,,
yelp-glm-standard,316,0,GLM-5.3-Flash,max,completed,2026-09-19T19:29:32.358Z,2026-09-19T19:29:42.471Z,370683,370560,0,109,,
yelp-glm-standard,317,0,GLM-5.3-Flash,max,completed,2026-09-19T19:29:43.231Z,2026-09-19T19:29:59.659Z,371039,370624,0,379,,
yelp-glm-standard,318,0,GLM-5.3-Flash,max,completed,2026-09-19T19:29:59.737Z,2026-09-19T19:30:18.122Z,371802,371008,0,664,,
yelp-glm-decode-first,1,0,GLM-5.3-Flash,max,completed,2026-09-20T01:47:01.964Z,2026-09-20T01:47:11.807Z,14863,0,0,99,,
yelp-glm-decode-first,2,0,GLM-5.3-Flash,max,completed,2026-09-20T01:47:11.885Z,2026-09-20T01:47:17.686Z,16517,1792,0,67,,
yelp-glm-decode-first,3,0,GLM-5.3-Flash,max,completed,2026-09-20T01:47:17.748Z,2026-09-20T01:47:51.255Z,18900,16512,0,1243,,
yelp-glm-decode-first,4,0,GLM-5.3-Flash,max,completed,2026-09-20T01:47:51.447Z,2026-09-20T01:48:00.472Z,20912,18880,0,209,,
yelp-glm-decode-first,5,0,GLM-5.3-Flash,max,completed,2026-09-20T01:48:00.544Z,2026-09-20T01:48:06.802Z,21586,20864,0,130,,
yelp-glm-decode-first,6,0,GLM-5.3-Flash,max,completed,2026-09-20T01:48:06.908Z,2026-09-20T01:48:24.432Z,25326,21568,0,677,,
yelp-glm-decode-first,7,0,GLM-5.3-Flash,max,completed,2026-09-20T01:48:24.576Z,2026-09-20T01:49:10.156Z,27302,25280,0,1614,,
yelp-glm-decode-first,8,0,GLM-5.3-Flash,max,completed,2026-09-20T01:49:10.310Z,2026-09-20T01:49:17.881Z,28966,27264,0,143,,
yelp-glm-decode-first,9,0,GLM-5.3-Flash,max,completed,2026-09-20T01:49:17.973Z,2026-09-20T01:49:28.324Z,30249,28928,0,328,,
yelp-glm-decode-first,10,0,GLM-5.3-Flash,max,completed,2026-09-20T01:49:29.470Z,2026-09-20T01:49:47.988Z,30651,30208,0,707,,
yelp-glm-decode-first,11,0,GLM-5.3-Flash,max,completed,2026-09-20T01:49:48.103Z,2026-09-20T01:49:56.687Z,31467,30592,0,255,,
yelp-glm-decode-first,12,0,GLM-5.3-Flash,max,completed,2026-09-20T01:49:56.739Z,2026-09-20T01:50:07.450Z,31906,31424,0,483,,
yelp-glm-decode-first,13,0,GLM-5.3-Flash,max,completed,2026-09-20T01:50:20.294Z,2026-09-20T01:51:54.145Z,32779,31872,0,3347,,
yelp-glm-decode-first,14,0,GLM-5.3-Flash,max,completed,2026-09-20T01:51:54.384Z,2026-09-20T01:52:21.587Z,36687,32768,0,840,,
yelp-glm-decode-first,15,0,GLM-5.3-Flash,max,completed,2026-09-20T01:52:24.496Z,2026-09-20T01:55:26.735Z,38526,36672,0,6754,,
yelp-glm-decode-first,16,0,GLM-5.3-Flash,max,completed,2026-09-20T01:55:27.161Z,2026-09-20T01:55:43.321Z,45346,38464,0,947,,
yelp-glm-decode-first,17,0,GLM-5.3-Flash,max,completed,2026-09-20T01:55:43.631Z,2026-09-20T01:55:59.906Z,46356,45312,0,966,,
yelp-glm-decode-first,18,0,GLM-5.3-Flash,max,completed,2026-09-20T01:56:14.382Z,2026-09-20T01:57:40.651Z,47566,46336,0,3344,,
yelp-glm-decode-first,19,0,GLM-5.3-Flash,max,completed,2026-09-20T01:57:40.905Z,2026-09-20T01:57:58.899Z,51035,47552,0,573,,
yelp-glm-decode-first,20,0,GLM-5.3-Flash,max,completed,2026-09-20T01:57:58.999Z,2026-09-20T02:00:11.223Z,51669,51008,0,4990,,
yelp-glm-decode-first,21,0,GLM-5.3-Flash,max,completed,2026-09-20T02:00:11.851Z,2026-09-20T02:01:55.626Z,57231,51648,0,3915,,
yelp-glm-decode-first,22,0,GLM-5.3-Flash,max,completed,2026-09-20T02:01:59.989Z,2026-09-20T02:02:13.060Z,61982,57216,0,274,,
yelp-glm-decode-first,23,0,GLM-5.3-Flash,max,completed,2026-09-20T02:02:13.129Z,2026-09-20T02:02:19.601Z,62593,61952,0,129,,
yelp-glm-decode-first,24,0,GLM-5.3-Flash,max,completed,2026-09-20T02:02:19.686Z,2026-09-20T02:08:51.077Z,62727,62592,0,17247,,
yelp-glm-decode-first,25,0,GLM-5.3-Flash,max,completed,2026-09-20T02:08:52.082Z,2026-09-20T02:12:37.516Z,80038,62720,0,11949,,
yelp-glm-decode-first,26,0,GLM-5.3-Flash,max,completed,2026-09-20T02:12:38.256Z,2026-09-20T02:17:26.289Z,92050,80000,0,18872,,
yelp-glm-decode-first,27,0,GLM-5.3-Flash,max,completed,2026-09-20T02:17:27.559Z,2026-09-20T02:21:26.936Z,110986,92032,0,16877,,
yelp-glm-decode-first,28,0,GLM-5.3-Flash,max,completed,2026-09-20T02:21:27.925Z,2026-09-20T02:21:43.726Z,127926,110976,0,529,,
yelp-glm-decode-first,29,0,GLM-5.3-Flash,max,completed,2026-09-20T02:21:43.863Z,2026-09-20T02:21:51.094Z,128518,127872,0,213,,
yelp-glm-decode-first,30,0,GLM-5.3-Flash,max,completed,2026-09-20T02:21:51.215Z,2026-09-20T02:21:58.674Z,128794,128512,0,173,,
yelp-glm-decode-first,31,0,GLM-5.3-Flash,max,completed,2026-09-20T02:21:58.786Z,2026-09-20T02:22:06.662Z,129030,128768,0,215,,
yelp-glm-decode-first,32,0,GLM-5.3-Flash,max,completed,2026-09-20T02:22:06.773Z,2026-09-20T02:22:22.432Z,129308,129024,0,436,,
yelp-glm-decode-first,33,0,GLM-5.3-Flash,max,completed,2026-09-20T02:22:22.562Z,2026-09-20T02:22:30.015Z,130014,129280,0,228,,
yelp-glm-decode-first,34,0,GLM-5.3-Flash,max,completed,2026-09-20T02:22:30.126Z,2026-09-20T02:22:37.376Z,130305,129984,0,181,,
yelp-glm-decode-first,35,0,GLM-5.3-Flash,max,completed,2026-09-20T02:22:37.482Z,2026-09-20T02:22:59.707Z,130549,130304,0,844,,
yelp-glm-decode-first,36,0,GLM-5.3-Flash,max,completed,2026-09-20T02:22:59.855Z,2026-09-20T02:23:06.054Z,131405,130496,0,59,,
yelp-glm-decode-first,37,0,GLM-5.3-Flash,max,completed,2026-09-20T02:23:06.641Z,2026-09-20T02:23:20.724Z,132534,131392,0,562,,
yelp-glm-decode-first,38,0,GLM-5.3-Flash,max,completed,2026-09-20T02:23:20.858Z,2026-09-20T02:23:24.669Z,133107,132480,0,121,,
yelp-glm-decode-first,39,0,GLM-5.3-Flash,max,completed,2026-09-20T02:23:27.245Z,2026-09-20T02:23:56.663Z,133503,133056,0,1313,,
yelp-glm-decode-first,40,0,GLM-5.3-Flash,max,completed,2026-09-20T02:23:59.280Z,2026-09-20T02:24:23.475Z,134836,133440,0,962,,
yelp-glm-decode-first,41,0,GLM-5.3-Flash,max,completed,2026-09-20T02:24:23.623Z,2026-09-20T02:24:30.224Z,135848,134784,0,88,,
yelp-glm-decode-first,42,0,GLM-5.3-Flash,max,completed,2026-09-20T02:24:31.955Z,2026-09-20T02:24:44.357Z,135999,135808,0,294,,
yelp-glm-decode-first,43,0,GLM-5.3-Flash,max,completed,2026-09-20T02:24:48.158Z,2026-09-20T02:25:00.573Z,136536,135936,0,455,,
yelp-glm-decode-first,44,0,GLM-5.3-Flash,max,completed,2026-09-20T02:25:04.502Z,2026-09-20T02:25:10.580Z,137452,136512,0,33,,
yelp-glm-decode-first,45,0,GLM-5.3-Flash,max,completed,2026-09-20T02:25:10.803Z,2026-09-20T02:25:50.708Z,137672,137408,0,1416,,
yelp-glm-decode-first,46,0,GLM-5.3-Flash,max,completed,2026-09-20T02:25:50.860Z,2026-09-20T02:25:56.770Z,139127,137664,0,56,,
yelp-glm-decode-first,47,0,GLM-5.3-Flash,max,completed,2026-09-20T02:25:56.907Z,2026-09-20T02:26:03.438Z,139474,139072,0,59,,
yelp-glm-decode-first,48,0,GLM-5.3-Flash,max,completed,2026-09-20T02:26:03.480Z,2026-09-20T02:26:13.439Z,139897,139456,0,342,,
yelp-glm-decode-first,49,0,GLM-5.3-Flash,max,completed,2026-09-20T02:26:13.543Z,2026-09-20T02:26:19.803Z,140302,139840,0,107,,
yelp-glm-decode-first,50,0,GLM-5.3-Flash,max,completed,2026-09-20T02:26:23.798Z,2026-09-20T02:26:33.923Z,140428,140288,0,182,,
yelp-glm-decode-first,51,0,GLM-5.3-Flash,max,completed,2026-09-20T02:26:39.209Z,2026-09-20T02:27:04.846Z,140798,140416,0,719,,
yelp-glm-decode-first,52,0,GLM-5.3-Flash,max,completed,2026-09-20T02:27:07.968Z,2026-09-20T02:27:21.448Z,141547,140736,0,321,,
yelp-glm-decode-first,53,0,GLM-5.3-Flash,max,completed,2026-09-20T02:27:21.660Z,2026-09-20T02:27:48.062Z,142377,141504,0,973,,
yelp-glm-decode-first,54,0,GLM-5.3-Flash,max,completed,2026-09-20T02:27:51.221Z,2026-09-20T02:28:15.524Z,143399,142336,0,956,,
yelp-glm-decode-first,55,0,GLM-5.3-Flash,max,completed,2026-09-20T02:28:17.461Z,2026-09-20T02:28:26.144Z,144385,143360,0,136,,
yelp-glm-decode-first,56,0,GLM-5.3-Flash,max,completed,2026-09-20T02:28:26.234Z,2026-09-20T02:28:47.655Z,144821,144384,0,746,,
yelp-glm-decode-first,57,0,GLM-5.3-Flash,max,completed,2026-09-20T02:28:47.785Z,2026-09-20T02:28:52.557Z,145603,144768,0,34,,
yelp-glm-decode-first,58,0,GLM-5.3-Flash,max,completed,2026-09-20T02:28:52.626Z,2026-09-20T02:28:59.727Z,146348,145600,0,144,,
yelp-glm-decode-first,59,0,GLM-5.3-Flash,max,completed,2026-09-20T02:28:59.802Z,2026-09-20T02:29:12.971Z,146555,146304,0,650,,
yelp-glm-decode-first,60,0,GLM-5.3-Flash,max,completed,2026-09-20T02:29:18.077Z,2026-09-20T02:29:30.654Z,147351,146496,0,498,,
yelp-glm-decode-first,61,0,GLM-5.3-Flash,max,completed,2026-09-20T02:29:32.550Z,2026-09-20T02:29:46.425Z,147874,147328,0,124,,
yelp-glm-decode-first,62,0,GLM-5.3-Flash,max,completed,2026-09-20T02:29:46.514Z,2026-09-20T02:30:12.643Z,148182,147840,0,849,,
yelp-glm-decode-first,63,0,GLM-5.3-Flash,max,completed,2026-09-20T02:30:14.549Z,2026-09-20T02:30:50.532Z,149573,148160,0,2155,,
yelp-glm-decode-first,64,0,GLM-5.3-Flash,max,completed,2026-09-20T02:30:55.754Z,2026-09-20T02:31:06.668Z,151877,149568,0,329,,
yelp-glm-decode-first,65,0,GLM-5.3-Flash,max,completed,2026-09-20T02:31:08.541Z,2026-09-20T02:31:29.645Z,152405,151872,0,1079,,
yelp-glm-decode-first,66,0,GLM-5.3-Flash,max,completed,2026-09-20T02:31:31.541Z,2026-09-20T02:31:56.271Z,153545,152384,0,876,,
yelp-glm-decode-first,67,0,GLM-5.3-Flash,max,completed,2026-09-20T02:31:58.189Z,2026-09-20T02:32:23.922Z,154467,153536,0,1033,,
yelp-glm-decode-first,68,0,GLM-5.3-Flash,max,completed,2026-09-20T02:34:24.040Z,2026-09-20T02:34:30.709Z,155642,154432,0,51,,
yelp-glm-decode-first,69,0,GLM-5.3-Flash,max,completed,2026-09-20T02:36:30.789Z,2026-09-20T02:36:40.217Z,155771,155584,0,128,,
yelp-glm-decode-first,70,0,GLM-5.3-Flash,max,completed,2026-09-20T02:40:40.233Z,2026-09-20T02:41:28.103Z,155977,155712,0,51,,
yelp-glm-decode-first,71,0,GLM-5.3-Flash,max,completed,2026-09-20T02:46:28.198Z,2026-09-20T02:46:51.483Z,156106,155968,0,691,,
yelp-glm-decode-first,72,0,GLM-5.3-Flash,max,completed,2026-09-20T02:46:51.578Z,2026-09-20T02:46:59.236Z,157944,156096,0,105,,
yelp-glm-decode-first,73,0,GLM-5.3-Flash,max,completed,2026-09-20T02:48:02.129Z,2026-09-20T02:49:13.179Z,158539,157888,0,3038,,
yelp-glm-decode-first,74,0,GLM-5.3-Flash,max,completed,2026-09-20T02:51:13.407Z,2026-09-20T02:51:17.510Z,161720,158528,0,49,,
yelp-glm-decode-first,75,0,GLM-5.3-Flash,max,completed,2026-09-20T02:51:17.554Z,2026-09-20T02:51:23.833Z,162136,161664,0,136,,
yelp-glm-decode-first,76,0,GLM-5.3-Flash,max,completed,2026-09-20T02:53:06.538Z,2026-09-20T02:53:14.230Z,162283,162112,0,193,,
yelp-glm-decode-first,77,0,GLM-5.3-Flash,max,completed,2026-09-20T02:53:36.679Z,2026-09-20T02:53:43.525Z,162510,162240,0,107,,
yelp-glm-decode-first,78,0,GLM-5.3-Flash,max,completed,2026-09-20T02:53:51.660Z,2026-09-20T02:54:01.119Z,162628,162496,0,141,,
yelp-glm-decode-first,79,0,GLM-5.3-Flash,max,completed,2026-09-20T02:54:11.306Z,2026-09-20T02:54:30.213Z,162888,162624,0,912,,
yelp-glm-decode-first,80,0,GLM-5.3-Flash,max,completed,2026-09-20T02:55:35.255Z,2026-09-20T02:55:41.691Z,163805,162880,0,58,,
yelp-glm-decode-first,81,0,GLM-5.3-Flash,max,completed,2026-09-20T02:57:11.805Z,2026-09-20T02:57:20.709Z,163870,163776,0,139,,
yelp-glm-decode-first,82,0,GLM-5.3-Flash,max,completed,2026-09-20T02:58:50.887Z,2026-09-20T02:59:08.978Z,164016,163840,0,676,,
yelp-glm-decode-first,83,0,GLM-5.3-Flash,max,completed,2026-09-20T02:59:58.881Z,2026-09-20T03:00:02.856Z,164908,163968,0,50,,
yelp-glm-decode-first,84,0,GLM-5.3-Flash,max,completed,2026-09-20T03:00:02.992Z,2026-09-20T03:00:35.399Z,164969,164864,0,1095,,
yelp-glm-decode-first,85,0,GLM-5.3-Flash,max,completed,2026-09-20T03:01:09.498Z,2026-09-20T03:01:28.274Z,166110,164928,0,422,,
yelp-glm-decode-first,86,0,GLM-5.3-Flash,max,completed,2026-09-20T03:01:28.471Z,2026-09-20T03:01:59.794Z,166561,166080,0,1274,,
yelp-glm-decode-first,87,0,GLM-5.3-Flash,max,completed,2026-09-20T03:02:44.890Z,2026-09-20T03:03:35.195Z,168017,166528,0,1894,,
yelp-glm-decode-first,88,0,GLM-5.3-Flash,max,completed,2026-09-20T03:03:39.388Z,2026-09-20T03:03:47.094Z,169929,168000,0,85,,
yelp-glm-decode-first,89,0,GLM-5.3-Flash,max,completed,2026-09-20T03:03:50.558Z,2026-09-20T03:04:01.000Z,170200,169920,0,301,,
yelp-glm-decode-first,90,0,GLM-5.3-Flash,max,completed,2026-09-20T03:04:43.859Z,2026-09-20T03:05:11.481Z,170758,170176,0,1262,,
yelp-glm-decode-first,91,0,GLM-5.3-Flash,max,completed,2026-09-20T03:05:19.069Z,2026-09-20T03:05:38.682Z,172082,170752,0,682,,
yelp-glm-decode-first,92,0,GLM-5.3-Flash,max,completed,2026-09-20T03:05:44.004Z,2026-09-20T03:06:06.382Z,173084,172032,0,1237,,
yelp-glm-decode-first,93,0,GLM-5.3-Flash,max,completed,2026-09-20T03:06:11.554Z,2026-09-20T03:06:48.356Z,174874,173056,0,1537,,
yelp-glm-decode-first,94,0,GLM-5.3-Flash,max,completed,2026-09-20T03:06:48.958Z,2026-09-20T03:07:03.896Z,176624,174848,0,595,,
yelp-glm-decode-first,95,0,GLM-5.3-Flash,max,completed,2026-09-20T03:07:09.299Z,2026-09-20T03:07:34.403Z,177340,176576,0,608,,
yelp-glm-decode-first,96,0,GLM-5.3-Flash,max,completed,2026-09-20T03:07:36.170Z,2026-09-20T03:08:29.702Z,178040,177280,0,2479,,
yelp-glm-decode-first,97,0,GLM-5.3-Flash,max,completed,2026-09-20T03:08:37.861Z,2026-09-20T03:08:48.167Z,180550,177984,0,418,,
yelp-glm-decode-first,98,0,GLM-5.3-Flash,max,completed,2026-09-20T03:08:53.286Z,2026-09-20T03:09:07.188Z,181052,180544,0,294,,
yelp-glm-decode-first,99,0,GLM-5.3-Flash,max,completed,2026-09-20T03:09:07.400Z,2026-09-20T03:09:33.796Z,181586,180992,0,836,,
yelp-glm-decode-first,100,0,GLM-5.3-Flash,max,completed,2026-09-20T03:09:39.601Z,2026-09-20T03:09:56.154Z,182506,181568,0,482,,
yelp-glm-decode-first,101,0,GLM-5.3-Flash,max,completed,2026-09-20T03:10:00.809Z,2026-09-20T03:10:09.082Z,183056,182464,0,98,,
yelp-glm-decode-first,102,0,GLM-5.3-Flash,max,completed,2026-09-20T03:10:09.260Z,2026-09-20T03:10:15.579Z,183299,183040,0,274,,
yelp-glm-decode-first,103,0,GLM-5.3-Flash,max,completed,2026-09-20T03:10:20.572Z,2026-09-20T03:11:28.808Z,183871,183296,0,2629,,
yelp-glm-decode-first,104,0,GLM-5.3-Flash,max,completed,2026-09-20T03:11:34.262Z,2026-09-20T03:11:53.283Z,186562,183808,0,540,,
yelp-glm-decode-first,105,0,GLM-5.3-Flash,max,completed,2026-09-20T03:11:56.783Z,2026-09-20T03:12:03.965Z,187110,186560,0,52,,
yelp-glm-decode-first,106,0,GLM-5.3-Flash,max,completed,2026-09-20T03:12:04.091Z,2026-09-20T03:12:11.295Z,187184,187072,0,64,,
yelp-glm-decode-first,107,0,GLM-5.3-Flash,max,completed,2026-09-20T03:12:14.379Z,2026-09-20T03:12:25.865Z,187433,187136,0,371,,
yelp-glm-decode-first,108,0,GLM-5.3-Flash,max,completed,2026-09-20T03:12:30.893Z,2026-09-20T03:12:51.873Z,187883,187392,0,914,,
yelp-glm-decode-first,109,0,GLM-5.3-Flash,max,completed,2026-09-20T03:12:52.184Z,2026-09-20T03:13:00.778Z,188902,187840,0,61,,
yelp-glm-decode-first,110,0,GLM-5.3-Flash,max,completed,2026-09-20T03:13:00.903Z,2026-09-20T03:13:04.572Z,189447,188864,0,34,,
yelp-glm-decode-first,111,0,GLM-5.3-Flash,max,completed,2026-09-20T03:13:04.976Z,2026-09-20T03:13:22.977Z,189783,189440,0,818,,
yelp-glm-decode-first,112,0,GLM-5.3-Flash,max,completed,2026-09-20T03:13:30.891Z,2026-09-20T03:13:38.780Z,190651,189760,0,189,,
yelp-glm-decode-first,113,0,GLM-5.3-Flash,max,completed,2026-09-20T03:13:49.790Z,2026-09-20T03:14:12.911Z,192018,190592,0,690,,
yelp-glm-decode-first,114,0,GLM-5.3-Flash,max,completed,2026-09-20T03:14:13.755Z,2026-09-20T03:15:10.856Z,192901,192000,0,1820,,
yelp-glm-decode-first,115,0,GLM-5.3-Flash,max,completed,2026-09-20T03:15:20.688Z,2026-09-20T03:15:50.474Z,195122,192896,0,776,,
yelp-glm-decode-first,116,0,GLM-5.3-Flash,max,completed,2026-09-20T03:15:50.697Z,2026-09-20T03:16:48.599Z,196082,195072,0,2657,,
yelp-glm-decode-first,117,0,GLM-5.3-Flash,max,completed,2026-09-20T03:16:56.297Z,2026-09-20T03:17:04.793Z,198793,196032,0,115,,
yelp-glm-decode-first,118,0,GLM-5.3-Flash,max,completed,2026-09-20T03:17:16.084Z,2026-09-20T03:17:22.386Z,199399,198784,0,34,,
yelp-glm-decode-first,119,0,GLM-5.3-Flash,max,completed,2026-09-20T03:17:22.506Z,2026-09-20T03:17:55.157Z,199654,199360,0,1498,,
yelp-glm-decode-first,120,0,GLM-5.3-Flash,max,completed,2026-09-20T03:18:06.571Z,2026-09-20T03:18:33.482Z,201569,199616,0,1059,,
yelp-glm-decode-first,121,0,GLM-5.3-Flash,max,completed,2026-09-20T03:18:44.958Z,2026-09-20T03:19:21.203Z,203970,201536,0,1611,,
yelp-glm-decode-first,122,0,GLM-5.3-Flash,max,completed,2026-09-20T03:19:32.889Z,2026-09-20T03:20:12.592Z,205982,203968,0,1711,,
yelp-glm-decode-first,123,0,GLM-5.3-Flash,max,completed,2026-09-20T03:20:24.414Z,2026-09-20T03:21:07.387Z,208051,205952,0,1424,,
yelp-glm-decode-first,124,0,GLM-5.3-Flash,max,completed,2026-09-20T03:21:19.200Z,2026-09-20T03:21:35.562Z,210080,208000,0,381,,
yelp-glm-decode-first,125,0,GLM-5.3-Flash,max,completed,2026-09-20T03:21:35.759Z,2026-09-20T03:21:51.697Z,210733,210048,0,569,,
yelp-glm-decode-first,126,0,GLM-5.3-Flash,max,completed,2026-09-20T03:21:57.175Z,2026-09-20T03:22:18.168Z,211342,210688,0,948,,
yelp-glm-decode-first,127,0,GLM-5.3-Flash,max,completed,2026-09-20T03:22:23.688Z,2026-09-20T03:22:29.390Z,212964,211328,0,98,,
yelp-glm-decode-first,128,0,GLM-5.3-Flash,max,completed,2026-09-20T03:22:29.787Z,2026-09-20T03:22:36.580Z,213078,212928,0,58,,
yelp-glm-decode-first,129,0,GLM-5.3-Flash,max,completed,2026-09-20T03:22:36.960Z,2026-09-20T03:23:26.701Z,213147,213056,0,168,,
yelp-glm-decode-first,130,0,GLM-5.3-Flash,max,completed,2026-09-20T03:23:27.115Z,2026-09-20T03:23:36.882Z,213326,213120,0,135,,
yelp-glm-decode-first,131,0,GLM-5.3-Flash,max,completed,2026-09-20T03:23:46.974Z,2026-09-20T03:24:14.664Z,213500,213312,0,730,,
yelp-glm-decode-first,132,0,GLM-5.3-Flash,max,completed,2026-09-20T03:24:15.160Z,2026-09-20T03:24:55.815Z,214330,213440,0,1297,,
yelp-glm-decode-first,133,0,GLM-5.3-Flash,max,completed,2026-09-20T03:24:56.956Z,2026-09-20T03:25:53.596Z,216027,214272,0,2365,,
yelp-glm-decode-first,134,0,GLM-5.3-Flash,max,completed,2026-09-20T03:26:01.067Z,2026-09-20T03:26:20.200Z,218498,216000,0,510,,
yelp-glm-decode-first,135,0,GLM-5.3-Flash,max,completed,2026-09-20T03:26:27.183Z,2026-09-20T03:26:41.096Z,219109,218496,0,668,,
yelp-glm-decode-first,136,0,GLM-5.3-Flash,max,completed,2026-09-20T03:26:48.196Z,2026-09-20T03:27:07.509Z,219874,219072,0,867,,
yelp-glm-decode-first,137,0,GLM-5.3-Flash,max,completed,2026-09-20T03:27:13.874Z,2026-09-20T03:27:29.055Z,220836,219840,0,552,,
yelp-glm-decode-first,138,0,GLM-5.3-Flash,max,completed,2026-09-20T03:27:36.013Z,2026-09-20T03:28:14.793Z,221501,220800,0,1483,,
yelp-glm-decode-first,139,0,GLM-5.3-Flash,max,completed,2026-09-20T03:28:21.960Z,2026-09-20T03:28:26.781Z,223035,221440,0,38,,
yelp-glm-decode-first,140,0,GLM-5.3-Flash,max,completed,2026-09-20T03:28:26.962Z,2026-09-20T03:28:34.371Z,223084,222976,0,38,,
yelp-glm-decode-first,141,0,GLM-5.3-Flash,max,completed,2026-09-20T03:28:34.505Z,2026-09-20T03:28:47.693Z,223174,223040,0,566,,
yelp-glm-decode-first,142,0,GLM-5.3-Flash,max,completed,2026-09-20T03:28:54.292Z,2026-09-20T03:29:27.758Z,223853,223168,0,1198,,
yelp-glm-decode-first,143,0,GLM-5.3-Flash,max,completed,2026-09-20T03:29:34.980Z,2026-09-20T03:30:11.304Z,225606,223808,0,1498,,
yelp-glm-decode-first,144,0,GLM-5.3-Flash,max,completed,2026-09-20T03:30:18.596Z,2026-09-20T03:30:53.857Z,227175,225600,0,1225,,
yelp-glm-decode-first,145,0,GLM-5.3-Flash,max,completed,2026-09-20T03:31:00.702Z,2026-09-20T03:31:49.172Z,228691,227136,0,1293,,
yelp-glm-decode-first,146,0,GLM-5.3-Flash,max,completed,2026-09-20T03:31:49.572Z,2026-09-20T03:32:20.077Z,230047,228672,0,1661,,
yelp-glm-decode-first,147,0,GLM-5.3-Flash,max,completed,2026-09-20T03:32:27.588Z,2026-09-20T03:32:46.483Z,231767,230016,0,762,,
yelp-glm-decode-first,148,0,GLM-5.3-Flash,max,completed,2026-09-20T03:32:53.082Z,2026-09-20T03:33:09.190Z,232713,231744,0,459,,
yelp-glm-decode-first,149,0,GLM-5.3-Flash,max,completed,2026-09-20T03:33:09.454Z,2026-09-20T03:33:41.192Z,233260,232704,0,1305,,
yelp-glm-decode-first,150,0,GLM-5.3-Flash,max,completed,2026-09-20T03:33:48.980Z,2026-09-20T03:34:19.469Z,234688,233216,0,606,,
yelp-glm-decode-first,151,0,GLM-5.3-Flash,max,completed,2026-09-20T03:34:20.101Z,2026-09-20T03:34:57.178Z,235702,234688,0,1259,,
yelp-glm-decode-first,152,0,GLM-5.3-Flash,max,completed,2026-09-20T03:35:03.656Z,2026-09-20T03:35:14.269Z,237113,235648,0,192,,
yelp-glm-decode-first,153,0,GLM-5.3-Flash,max,completed,2026-09-20T03:35:14.462Z,2026-09-20T03:35:29.079Z,237587,237056,0,364,,
yelp-glm-decode-first,154,0,GLM-5.3-Flash,max,completed,2026-09-20T03:35:29.309Z,2026-09-20T03:35:34.184Z,237994,237568,0,66,,
yelp-glm-decode-first,155,0,GLM-5.3-Flash,max,completed,2026-09-20T03:35:34.363Z,2026-09-20T03:35:52.756Z,257081,237952,0,425,,
yelp-glm-decode-first,156,0,GLM-5.3-Flash,max,completed,2026-09-20T03:35:52.980Z,2026-09-20T03:36:25.193Z,258192,257024,0,1101,,
yelp-glm-decode-first,157,0,GLM-5.3-Flash,max,completed,2026-09-20T03:36:27.556Z,2026-09-20T03:36:33.788Z,259345,258176,0,80,,
yelp-glm-decode-first,158,0,GLM-5.3-Flash,max,completed,2026-09-20T03:36:34.362Z,2026-09-20T03:36:44.475Z,259482,259328,0,382,,
yelp-glm-decode-first,159,0,GLM-5.3-Flash,max,completed,2026-09-20T03:36:51.275Z,2026-09-20T03:37:26.469Z,260010,259456,0,1153,,
yelp-glm-decode-first,160,0,GLM-5.3-Flash,max,completed,2026-09-20T03:37:33.762Z,2026-09-20T03:38:08.203Z,261339,259968,0,1117,,
yelp-glm-decode-first,161,0,GLM-5.3-Flash,max,completed,2026-09-20T03:38:15.504Z,2026-09-20T03:38:22.156Z,262503,261312,0,47,,
yelp-glm-decode-first,162,0,GLM-5.3-Flash,max,completed,2026-09-20T03:38:22.276Z,2026-09-20T03:38:33.256Z,262572,262464,0,205,,
yelp-glm-decode-first,163,0,GLM-5.3-Flash,max,completed,2026-09-20T03:38:33.456Z,2026-09-20T03:38:43.468Z,262989,262528,0,289,,
yelp-glm-decode-first,164,0,GLM-5.3-Flash,max,completed,2026-09-20T03:38:54.892Z,2026-09-20T03:40:25.459Z,263508,262976,0,3681,,
yelp-glm-decode-first,165,0,GLM-5.3-Flash,max,completed,2026-09-20T03:40:32.654Z,2026-09-20T03:41:43.188Z,267658,263488,0,3188,,
yelp-glm-decode-first,166,0,GLM-5.3-Flash,max,completed,2026-09-20T03:41:51.385Z,2026-09-20T03:42:00.277Z,270907,267648,0,151,,
yelp-glm-decode-first,167,0,GLM-5.3-Flash,max,completed,2026-09-20T03:42:04.386Z,2026-09-20T03:42:13.986Z,271155,270848,0,350,,
yelp-glm-decode-first,168,0,GLM-5.3-Flash,max,completed,2026-09-20T03:42:41.161Z,2026-09-20T03:43:07.717Z,271736,271104,0,1215,,
yelp-glm-decode-first,169,0,GLM-5.3-Flash,max,completed,2026-09-20T03:43:22.600Z,2026-09-20T03:43:52.288Z,273002,271680,0,833,,
yelp-glm-decode-first,170,0,GLM-5.3-Flash,max,completed,2026-09-20T03:44:54.195Z,2026-09-20T03:45:31.401Z,273953,272960,0,1405,,
yelp-glm-decode-first,171,0,GLM-5.3-Flash,max,completed,2026-09-20T03:45:53.477Z,2026-09-20T03:46:13.384Z,275458,273920,0,817,,
yelp-glm-decode-first,172,0,GLM-5.3-Flash,max,completed,2026-09-20T03:46:23.656Z,2026-09-20T03:46:36.566Z,276324,275456,0,704,,
yelp-glm-decode-first,173,0,GLM-5.3-Flash,max,completed,2026-09-20T03:46:43.895Z,2026-09-20T03:47:22.381Z,277284,276288,0,1364,,
yelp-glm-decode-first,174,0,GLM-5.3-Flash,max,completed,2026-09-20T03:47:22.775Z,2026-09-20T03:47:34.284Z,278710,277248,0,301,,
yelp-glm-decode-first,175,0,GLM-5.3-Flash,max,completed,2026-09-20T03:47:34.478Z,2026-09-20T03:47:40.716Z,279072,278656,0,31,,
yelp-glm-decode-first,176,0,GLM-5.3-Flash,max,completed,2026-09-20T03:47:41.173Z,2026-09-20T03:47:47.587Z,279167,279040,0,40,,
yelp-glm-decode-first,177,0,GLM-5.3-Flash,max,completed,2026-09-20T03:47:47.705Z,2026-09-20T03:48:16.696Z,279271,279104,0,1037,,
yelp-glm-decode-first,178,0,GLM-5.3-Flash,max,completed,2026-09-20T03:48:17.002Z,2026-09-20T03:48:21.783Z,280367,279232,0,40,,
yelp-glm-decode-first,179,0,GLM-5.3-Flash,max,completed,2026-09-20T03:48:21.955Z,2026-09-20T03:48:26.996Z,280651,280320,0,60,,
yelp-glm-decode-first,180,0,GLM-5.3-Flash,max,completed,2026-09-20T03:48:27.187Z,2026-09-20T03:48:30.793Z,280771,280640,0,33,,
yelp-glm-decode-first,181,0,GLM-5.3-Flash,max,completed,2026-09-20T03:49:30.958Z,2026-09-20T03:49:35.371Z,280810,280768,0,36,,
yelp-glm-decode-first,182,0,GLM-5.3-Flash,max,completed,2026-09-20T03:49:35.495Z,2026-09-20T03:50:33.154Z,281084,280768,0,2224,,
yelp-glm-decode-first,183,0,GLM-5.3-Flash,max,completed,2026-09-20T03:50:40.881Z,2026-09-20T03:51:05.878Z,283573,281024,0,740,,
yelp-glm-decode-first,184,0,GLM-5.3-Flash,max,completed,2026-09-20T03:51:16.760Z,2026-09-20T03:51:23.877Z,284977,283520,0,34,,
yelp-glm-decode-first,185,0,GLM-5.3-Flash,max,completed,2026-09-20T03:51:24.362Z,2026-09-20T03:51:42.867Z,285553,284928,0,980,,
yelp-glm-decode-first,186,0,GLM-5.3-Flash,max,completed,2026-09-20T03:52:00.291Z,2026-09-20T03:52:08.355Z,286576,285504,0,217,,
yelp-glm-decode-first,187,0,GLM-5.3-Flash,max,completed,2026-09-20T03:52:15.695Z,2026-09-20T03:52:20.176Z,286873,286528,0,31,,
yelp-glm-decode-first,188,0,GLM-5.3-Flash,max,completed,2026-09-20T03:52:20.317Z,2026-09-20T03:52:26.958Z,286970,286848,0,41,,
yelp-glm-decode-first,189,0,GLM-5.3-Flash,max,completed,2026-09-20T03:52:27.059Z,2026-09-20T03:52:34.305Z,287077,286912,0,33,,
yelp-glm-decode-first,190,0,GLM-5.3-Flash,max,completed,2026-09-20T03:54:04.455Z,2026-09-20T03:54:08.557Z,287115,287040,0,41,,
yelp-glm-decode-first,191,0,GLM-5.3-Flash,max,completed,2026-09-20T03:54:08.663Z,2026-09-20T03:54:24.798Z,287400,287104,0,586,,
yelp-glm-decode-first,192,0,GLM-5.3-Flash,max,completed,2026-09-20T03:54:35.093Z,2026-09-20T03:55:08.384Z,288382,287360,0,1238,,
yelp-glm-decode-first,193,0,GLM-5.3-Flash,max,completed,2026-09-20T03:55:10.793Z,2026-09-20T03:55:20.264Z,289906,288320,0,190,,
yelp-glm-decode-first,194,0,GLM-5.3-Flash,max,completed,2026-09-20T03:55:20.460Z,2026-09-20T03:55:27.374Z,290161,289856,0,33,,
yelp-glm-decode-first,195,0,GLM-5.3-Flash,max,completed,2026-09-20T03:57:27.497Z,2026-09-20T03:57:32.294Z,290199,290112,0,41,,
yelp-glm-decode-first,196,0,GLM-5.3-Flash,max,completed,2026-09-20T03:57:32.406Z,2026-09-20T03:58:02.409Z,290488,290176,0,1549,,
yelp-glm-decode-first,197,0,GLM-5.3-Flash,max,completed,2026-09-20T03:58:15.573Z,2026-09-20T03:58:25.169Z,292273,290432,0,249,,
yelp-glm-decode-first,198,0,GLM-5.3-Flash,max,completed,2026-09-20T03:58:38.166Z,2026-09-20T03:58:45.562Z,292568,292224,0,86,,
yelp-glm-decode-first,199,0,GLM-5.3-Flash,max,completed,2026-09-20T03:58:45.692Z,2026-09-20T03:58:49.705Z,292721,292544,0,33,,
yelp-glm-decode-first,200,0,GLM-5.3-Flash,max,completed,2026-09-20T04:01:49.869Z,2026-09-20T04:01:57.362Z,292759,292672,0,43,,
yelp-glm-decode-first,201,0,GLM-5.3-Flash,max,completed,2026-09-20T04:01:57.485Z,2026-09-20T04:03:12.085Z,293370,292736,0,3041,,
yelp-glm-decode-first,202,0,GLM-5.3-Flash,max,completed,2026-09-20T04:03:27.686Z,2026-09-20T04:05:26.207Z,296526,293312,0,4220,,
yelp-glm-decode-first,203,0,GLM-5.3-Flash,max,completed,2026-09-20T04:05:27.111Z,2026-09-20T04:05:37.077Z,301015,296512,0,237,,
yelp-glm-decode-first,204,0,GLM-5.3-Flash,max,completed,2026-09-20T04:05:37.205Z,2026-09-20T04:08:41.201Z,301618,300992,0,13563,,
yelp-glm-decode-first,205,0,GLM-5.3-Flash,max,completed,2026-09-20T04:08:44.183Z,2026-09-20T04:09:03.781Z,315211,301568,0,680,,
yelp-glm-decode-first,206,0,GLM-5.3-Flash,max,completed,2026-09-20T04:09:04.077Z,2026-09-20T04:09:11.569Z,315922,315200,0,52,,
yelp-glm-decode-first,207,0,GLM-5.3-Flash,max,completed,2026-09-20T04:09:11.678Z,2026-09-20T04:11:18.495Z,316062,315904,0,11748,,
yelp-glm-decode-first,208,0,GLM-5.3-Flash,max,completed,2026-09-20T04:11:20.976Z,2026-09-20T04:11:32.770Z,327873,316032,0,711,,
yelp-glm-decode-first,209,0,GLM-5.3-Flash,max,completed,2026-09-20T04:11:47.701Z,2026-09-20T04:12:24.260Z,328702,327872,0,1986,,
yelp-glm-decode-first,210,0,GLM-5.3-Flash,max,completed,2026-09-20T04:12:38.500Z,2026-09-20T04:12:58.061Z,330779,328640,0,907,,
yelp-glm-decode-first,211,0,GLM-5.3-Flash,max,completed,2026-09-20T04:13:10.403Z,2026-09-20T04:15:06.575Z,331901,330752,0,4449,,
yelp-glm-decode-first,212,0,GLM-5.3-Flash,max,completed,2026-09-20T04:15:07.570Z,2026-09-20T04:15:18.372Z,336379,331840,0,193,,
yelp-glm-decode-first,213,0,GLM-5.3-Flash,max,completed,2026-09-20T04:15:18.605Z,2026-09-20T04:16:30.605Z,336653,336320,0,3284,,
yelp-glm-decode-first,214,0,GLM-5.3-Flash,max,completed,2026-09-20T04:16:31.305Z,2026-09-20T04:17:31.273Z,340248,336640,0,2641,,
yelp-glm-decode-first,215,0,GLM-5.3-Flash,max,completed,2026-09-20T04:17:31.965Z,2026-09-20T04:19:11.806Z,342925,340224,0,8817,,
yelp-glm-decode-first,216,0,GLM-5.3-Flash,max,completed,2026-09-20T04:19:13.564Z,2026-09-20T04:19:55.659Z,351772,342912,0,2566,,
yelp-glm-decode-first,217,0,GLM-5.3-Flash,max,completed,2026-09-20T04:20:10.877Z,2026-09-20T04:20:29.897Z,354513,351744,0,466,,
yelp-glm-decode-first,218,0,GLM-5.3-Flash,max,completed,2026-09-20T04:20:30.197Z,2026-09-20T04:21:08.757Z,355015,354496,0,1836,,
yelp-glm-decode-first,219,0,GLM-5.3-Flash,max,completed,2026-09-20T04:21:23.705Z,2026-09-20T04:21:51.002Z,356933,355008,0,916,,
yelp-glm-decode-first,220,0,GLM-5.3-Flash,max,completed,2026-09-20T04:21:51.388Z,2026-09-20T04:21:59.958Z,357915,356928,0,35,,
yelp-glm-decode-first,221,0,GLM-5.3-Flash,max,completed,2026-09-20T04:24:30.157Z,2026-09-20T04:24:35.460Z,357955,357888,0,41,,
yelp-glm-decode-first,222,0,GLM-5.3-Flash,max,completed,2026-09-20T04:24:35.658Z,2026-09-20T04:25:08.388Z,358560,357952,0,1202,,
yelp-glm-decode-first,223,0,GLM-5.3-Flash,max,completed,2026-09-20T04:25:08.809Z,2026-09-20T04:25:35.690Z,359790,358528,0,1987,,
yelp-glm-decode-first,224,0,GLM-5.3-Flash,max,completed,2026-09-20T04:25:45.888Z,2026-09-20T04:26:31.709Z,362102,359744,0,2183,,
yelp-glm-decode-first,225,0,GLM-5.3-Flash,max,completed,2026-09-20T04:26:32.372Z,2026-09-20T04:26:50.985Z,364301,362048,0,1024,,
yelp-glm-decode-first,226,0,GLM-5.3-Flash,max,completed,2026-09-20T04:26:51.377Z,2026-09-20T04:26:58.876Z,365334,364288,0,66,,
yelp-glm-decode-first,227,0,GLM-5.3-Flash,max,completed,2026-09-20T04:26:59.559Z,2026-09-20T04:27:25.493Z,365754,365312,0,1905,,
yelp-glm-decode-first,228,0,GLM-5.3-Flash,max,completed,2026-09-20T04:27:38.199Z,2026-09-20T04:28:36.060Z,367744,365696,0,621,,
yelp-glm-decode-first,229,0,GLM-5.3-Flash,max,completed,2026-09-20T04:28:49.570Z,2026-09-20T04:29:41.389Z,368448,367744,0,3032,,
yelp-glm-decode-first,230,0,GLM-5.3-Flash,max,completed,2026-09-20T04:29:42.183Z,2026-09-20T04:29:49.983Z,371509,368448,0,87,,
yelp-glm-decode-first,231,0,GLM-5.3-Flash,max,completed,2026-09-20T04:29:50.729Z,2026-09-20T04:30:00.396Z,371725,371456,0,152,,
yelp-glm-decode-first,232,0,GLM-5.3-Flash,max,completed,2026-09-20T04:30:00.694Z,2026-09-20T04:30:09.663Z,372230,371712,0,200,,
yelp-glm-decode-first,233,0,GLM-5.3-Flash,max,completed,2026-09-20T04:30:09.882Z,2026-09-20T04:30:14.596Z,372441,372224,0,51,,
yelp-glm-decode-first,234,0,GLM-5.3-Flash,max,completed,2026-09-20T04:30:14.871Z,2026-09-20T04:30:49.462Z,372853,372416,0,2530,,
yelp-glm-decode-first,235,0,GLM-5.3-Flash,max,completed,2026-09-20T04:30:49.902Z,2026-09-20T04:30:57.363Z,375415,372800,0,55,,
yelp-glm-decode-first,236,0,GLM-5.3-Flash,max,completed,2026-09-20T04:30:57.577Z,2026-09-20T04:31:40.176Z,375705,375360,0,3485,,
yelp-glm-decode-first,237,0,GLM-5.3-Flash,max,completed,2026-09-20T04:31:54.506Z,2026-09-20T04:32:22.359Z,379277,375680,0,149,,
yelp-glm-decode-first,238,0,GLM-5.3-Flash,max,completed,2026-09-20T04:32:22.563Z,2026-09-20T04:32:29.491Z,379486,379264,0,35,,
yelp-glm-decode-first,239,0,GLM-5.3-Flash,max,completed,2026-09-20T04:34:59.959Z,2026-09-20T04:35:10.683Z,379526,379456,0,36,,
yelp-glm-decode-first,240,0,GLM-5.3-Flash,max,completed,2026-09-20T04:35:10.884Z,2026-09-20T04:35:19.287Z,379800,379520,0,33,,
yelp-glm-decode-first,241,0,GLM-5.3-Flash,max,completed,2026-09-20T04:39:19.477Z,2026-09-20T04:39:24.469Z,379838,379776,0,31,,
yelp-glm-decode-first,242,0,GLM-5.3-Flash,max,completed,2026-09-20T04:39:24.666Z,2026-09-20T04:39:30.894Z,379933,379776,0,34,,
yelp-glm-decode-first,243,0,GLM-5.3-Flash,max,completed,2026-09-20T04:42:51.868Z,2026-09-20T04:43:33.492Z,379972,379904,0,39,,
yelp-glm-decode-first,244,0,GLM-5.3-Flash,max,completed,2026-09-20T04:43:33.697Z,2026-09-20T04:44:27.107Z,380822,379968,0,2276,,
yelp-glm-decode-first,245,0,GLM-5.3-Flash,max,completed,2026-09-20T04:44:46.359Z,2026-09-20T04:46:07.287Z,383237,380800,0,3288,,
yelp-glm-decode-first,246,0,GLM-5.3-Flash,max,completed,2026-09-20T04:46:25.490Z,2026-09-20T04:46:50.803Z,386670,383232,0,796,,
yelp-glm-decode-first,247,0,GLM-5.3-Flash,max,completed,2026-09-20T04:46:51.095Z,2026-09-20T04:46:59.490Z,387526,386624,0,152,,
yelp-glm-decode-first,248,0,GLM-5.3-Flash,max,completed,2026-09-20T04:46:59.782Z,2026-09-20T04:47:37.656Z,387684,387520,0,1367,,
yelp-glm-decode-first,249,0,GLM-5.3-Flash,max,completed,2026-09-20T04:47:38.063Z,2026-09-20T04:47:44.971Z,389115,387648,0,31,,
yelp-glm-decode-first,250,0,GLM-5.3-Flash,max,completed,2026-09-20T04:47:45.158Z,2026-09-20T04:47:55.795Z,389206,389056,0,286,,
yelp-glm-decode-first,251,0,GLM-5.3-Flash,max,completed,2026-09-20T04:47:55.964Z,2026-09-20T04:48:03.187Z,389936,389184,0,33,,
yelp-glm-decode-first,252,0,GLM-5.3-Flash,max,completed,2026-09-20T04:53:03.375Z,2026-09-20T04:53:10.855Z,389974,389888,0,35,,
yelp-glm-decode-first,253,0,GLM-5.3-Flash,max,completed,2026-09-20T04:53:10.989Z,2026-09-20T04:53:57.701Z,390274,389952,0,2480,,
yelp-glm-decode-first,254,0,GLM-5.3-Flash,max,completed,2026-09-20T04:54:29.102Z,2026-09-20T04:54:59.169Z,392780,390272,0,1494,,
yelp-glm-decode-first,255,0,GLM-5.3-Flash,max,completed,2026-09-20T04:55:30.379Z,2026-09-20T04:55:40.097Z,394301,392768,0,226,,
yelp-glm-decode-first,256,0,GLM-5.3-Flash,max,completed,2026-09-20T04:55:52.776Z,2026-09-20T04:56:11.006Z,394561,394240,0,640,,
yelp-glm-decode-first,257,0,GLM-5.3-Flash,max,completed,2026-09-20T04:56:16.660Z,2026-09-20T04:56:24.586Z,395225,394560,0,104,,
yelp-glm-decode-first,258,0,GLM-5.3-Flash,max,completed,2026-09-20T04:56:24.803Z,2026-09-20T04:56:42.187Z,395497,395200,0,700,,
yelp-glm-decode-first,259,0,GLM-5.3-Flash,max,completed,2026-09-20T04:56:48.175Z,2026-09-20T04:57:12.286Z,396236,395456,0,1389,,
yelp-glm-decode-first,260,0,GLM-5.3-Flash,max,completed,2026-09-20T04:57:55.173Z,2026-09-20T04:58:03.991Z,397673,396224,0,103,,
yelp-glm-decode-first,261,0,GLM-5.3-Flash,max,completed,2026-09-20T04:58:04.200Z,2026-09-20T04:58:08.898Z,398125,397632,0,33,,
yelp-glm-decode-first,262,0,GLM-5.3-Flash,max,completed,2026-09-20T05:05:09.081Z,2026-09-20T05:05:19.294Z,398163,398080,0,38,,
yelp-glm-decode-first,263,0,GLM-5.3-Flash,max,completed,2026-09-20T05:05:19.480Z,2026-09-20T05:05:31.997Z,398792,398144,0,556,,
yelp-glm-decode-first,264,0,GLM-5.3-Flash,max,error,2026-09-20T05:05:32.283Z,2026-09-20T05:05:33.403Z,0,0,0,0,,
yelp-glm-decode-first,265,0,GLM-5.3-Flash,max,completed,2026-09-20T06:54:16.959Z,2026-09-20T06:54:46.707Z,403114,0,0,499,,
yelp-glm-decode-first,266,0,GLM-5.3-Flash,max,completed,2026-09-20T06:54:47.007Z,2026-09-20T06:55:36.878Z,414984,403072,0,1910,,
yelp-glm-decode-first,267,0,GLM-5.3-Flash,max,completed,2026-09-20T06:55:37.655Z,2026-09-20T06:56:20.491Z,417089,414976,0,1944,,
yelp-glm-decode-first,268,0,GLM-5.3-Flash,max,completed,2026-09-20T06:56:21.055Z,2026-09-20T06:56:57.457Z,419091,417088,0,1503,,
yelp-glm-decode-first,269,0,GLM-5.3-Flash,max,completed,2026-09-20T06:56:58.955Z,2026-09-20T06:57:18.660Z,420655,419072,0,486,,
yelp-glm-decode-first,270,0,GLM-5.3-Flash,max,completed,2026-09-20T06:57:31.958Z,2026-09-20T06:57:40.766Z,421492,420608,0,102,,
yelp-glm-decode-first,271,0,GLM-5.3-Flash,max,completed,2026-09-20T06:57:41.291Z,2026-09-20T06:58:02.996Z,421600,421440,0,852,,
yelp-glm-lz4-frontier,1,0,GLM-5.3-Flash,max,error,2026-09-21T20:25:50.628Z,2026-09-21T20:25:52.518Z,0,0,0,0,,
yelp-glm-lz4-frontier,2,0,GLM-5.3-Flash,max,completed,2026-09-21T20:30:15.114Z,2026-09-21T20:30:35.155Z,17148,64,0,244,,
yelp-glm-lz4-frontier,3,0,GLM-5.3-Flash,max,completed,2026-09-21T20:30:35.254Z,2026-09-21T20:30:42.753Z,18463,17088,0,245,,
yelp-glm-lz4-frontier,4,0,GLM-5.3-Flash,max,completed,2026-09-21T20:30:42.838Z,2026-09-21T20:30:52.602Z,20846,18432,0,311,,
yelp-glm-lz4-frontier,5,0,GLM-5.3-Flash,max,completed,2026-09-21T20:30:52.715Z,2026-09-21T20:30:59.589Z,24422,20800,0,127,,
yelp-glm-lz4-frontier,6,0,GLM-5.3-Flash,max,completed,2026-09-21T20:30:59.691Z,2026-09-21T20:32:19.888Z,30879,24384,0,2989,,
yelp-glm-lz4-frontier,7,0,GLM-5.3-Flash,max,completed,2026-09-21T20:32:20.131Z,2026-09-21T20:32:27.197Z,37613,30848,0,159,,
yelp-glm-lz4-frontier,8,0,GLM-5.3-Flash,max,completed,2026-09-21T20:32:27.296Z,2026-09-21T20:35:17.371Z,39064,37568,0,5384,,
yelp-glm-lz4-frontier,9,0,GLM-5.3-Flash,max,completed,2026-09-21T20:35:17.839Z,2026-09-21T20:35:38.465Z,45732,39040,0,728,,
yelp-glm-lz4-frontier,10,0,GLM-5.3-Flash,max,completed,2026-09-21T20:35:38.588Z,2026-09-21T20:36:50.985Z,47711,45696,0,2507,,
yelp-glm-lz4-frontier,11,0,GLM-5.3-Flash,max,completed,2026-09-21T20:36:51.228Z,2026-09-21T20:37:16.983Z,51972,47680,0,919,,
yelp-glm-lz4-frontier,12,0,GLM-5.3-Flash,max,completed,2026-09-21T20:37:17.170Z,2026-09-21T20:37:43.235Z,53132,51968,0,1246,,
yelp-glm-lz4-frontier,13,0,GLM-5.3-Flash,max,completed,2026-09-21T20:37:43.598Z,2026-09-21T20:38:44.225Z,54499,53120,0,2287,,
yelp-glm-lz4-frontier,14,0,GLM-5.3-Flash,max,completed,2026-09-21T20:38:44.543Z,2026-09-21T20:40:57.758Z,57337,54464,0,4284,,
yelp-glm-lz4-frontier,15,1,GLM-5.3-Flash,max,completed,2026-09-21T20:38:44.633Z,2026-09-21T20:43:33.064Z,9473,4928,0,12726,,
yelp-glm-lz4-frontier,16,2,GLM-5.3-Flash,max,completed,2026-09-21T20:38:44.713Z,2026-09-21T20:38:57.444Z,9350,0,0,547,,
yelp-glm-lz4-frontier,17,2,GLM-5.3-Flash,max,error,2026-09-21T20:38:57.542Z,2026-09-21T20:43:57.955Z,0,0,0,0,,
yelp-glm-lz4-frontier,18,0,GLM-5.3-Flash,max,completed,2026-09-21T20:40:58.071Z,2026-09-21T20:41:24.586Z,61687,57280,0,1653,,
yelp-glm-lz4-frontier,19,0,GLM-5.3-Flash,max,completed,2026-09-21T20:41:24.760Z,2026-09-21T20:41:31.544Z,63402,61632,0,150,,
yelp-glm-lz4-frontier,20,0,GLM-5.3-Flash,max,completed,2026-09-21T20:41:32.749Z,2026-09-21T20:41:38.812Z,63590,63360,0,100,,
yelp-glm-lz4-frontier,21,0,GLM-5.3-Flash,max,completed,2026-09-21T20:41:38.905Z,2026-09-21T20:41:46.316Z,63782,63552,0,123,,
yelp-glm-lz4-frontier,22,0,GLM-5.3-Flash,max,completed,2026-09-21T20:41:46.398Z,2026-09-21T20:41:52.634Z,63986,63744,0,85,,
yelp-glm-lz4-frontier,23,0,GLM-5.3-Flash,max,completed,2026-09-21T20:41:52.728Z,2026-09-21T20:42:02.781Z,64623,63936,0,213,,
yelp-glm-lz4-frontier,24,0,GLM-5.3-Flash,max,completed,2026-09-21T20:42:02.864Z,2026-09-21T20:42:14.867Z,65337,64576,0,333,,
yelp-glm-lz4-frontier,25,0,GLM-5.3-Flash,max,completed,2026-09-21T20:42:14.956Z,2026-09-21T20:42:21.516Z,65903,65280,0,175,,
yelp-glm-lz4-frontier,26,0,GLM-5.3-Flash,max,completed,2026-09-21T20:42:35.589Z,2026-09-21T20:47:04.350Z,66468,65856,0,9378,,
yelp-glm-lz4-frontier,27,1,GLM-5.3-Flash,max,completed,2026-09-21T20:43:33.971Z,2026-09-21T20:43:43.050Z,22951,9472,0,298,,
yelp-glm-lz4-frontier,28,1,GLM-5.3-Flash,max,completed,2026-09-21T20:43:43.124Z,2026-09-21T20:45:21.961Z,23379,22912,0,6680,,
yelp-glm-lz4-frontier,29,1,GLM-5.3-Flash,max,completed,2026-09-21T20:45:22.377Z,2026-09-21T20:45:47.339Z,30123,23360,0,1221,,
yelp-glm-lz4-frontier,30,1,GLM-5.3-Flash,max,completed,2026-09-21T20:45:47.534Z,2026-09-21T20:46:03.913Z,31480,30080,0,643,,
yelp-glm-lz4-frontier,31,1,GLM-5.3-Flash,max,completed,2026-09-21T20:46:04.030Z,2026-09-21T20:46:20.724Z,32192,31424,0,1114,,
yelp-glm-lz4-frontier,32,1,GLM-5.3-Flash,max,completed,2026-09-21T20:46:20.865Z,2026-09-21T20:46:27.675Z,33372,32192,0,176,,
yelp-glm-lz4-frontier,33,1,GLM-5.3-Flash,max,completed,2026-09-21T20:46:28.653Z,2026-09-21T20:46:40.685Z,33895,33344,0,416,,
yelp-glm-lz4-frontier,34,1,GLM-5.3-Flash,max,completed,2026-09-21T20:46:40.836Z,2026-09-21T20:46:48.367Z,34447,33856,0,289,,
yelp-glm-lz4-frontier,35,1,GLM-5.3-Flash,max,completed,2026-09-21T20:46:54.539Z,2026-09-21T20:47:03.126Z,35146,34432,0,346,,
yelp-glm-lz4-frontier,36,1,GLM-5.3-Flash,max,completed,2026-09-21T20:47:04.107Z,2026-09-21T20:47:13.767Z,35597,35136,0,64,,
yelp-glm-lz4-frontier,37,0,GLM-5.3-Flash,max,completed,2026-09-21T20:47:04.957Z,2026-09-21T20:47:57.600Z,76283,66432,0,2925,,
yelp-glm-lz4-frontier,38,1,GLM-5.3-Flash,max,completed,2026-09-21T20:47:13.836Z,2026-09-21T20:47:51.883Z,35772,35584,0,1224,,
yelp-glm-lz4-frontier,39,1,GLM-5.3-Flash,max,completed,2026-09-21T20:47:52.219Z,2026-09-21T20:48:30.570Z,37080,35712,0,2024,,
yelp-glm-lz4-frontier,40,0,GLM-5.3-Flash,max,completed,2026-09-21T20:47:57.822Z,2026-09-21T20:49:03.751Z,79272,76224,0,3597,,
yelp-glm-lz4-frontier,41,1,GLM-5.3-Flash,max,completed,2026-09-21T20:48:30.753Z,2026-09-21T20:48:36.644Z,39173,37056,0,110,,
yelp-glm-lz4-frontier,42,1,GLM-5.3-Flash,max,completed,2026-09-21T20:48:37.138Z,2026-09-21T20:49:13.584Z,39382,39168,0,2381,,
yelp-glm-lz4-frontier,43,0,GLM-5.3-Flash,max,completed,2026-09-21T20:49:04.024Z,2026-09-21T20:51:33.465Z,82935,79232,0,6746,,
yelp-glm-lz4-frontier,44,1,GLM-5.3-Flash,max,completed,2026-09-21T20:49:14.072Z,2026-09-21T20:49:19.934Z,42302,39360,0,104,,
yelp-glm-lz4-frontier,45,1,GLM-5.3-Flash,max,completed,2026-09-21T20:49:20.014Z,2026-09-21T20:49:30.983Z,42695,42240,0,638,,
yelp-glm-lz4-frontier,46,1,GLM-5.3-Flash,max,completed,2026-09-21T20:49:31.094Z,2026-09-21T20:49:36.915Z,43402,42688,0,88,,
yelp-glm-lz4-frontier,47,1,GLM-5.3-Flash,max,completed,2026-09-21T20:49:36.995Z,2026-09-21T20:49:47.824Z,43533,43392,0,110,,
yelp-glm-lz4-frontier,48,1,GLM-5.3-Flash,max,completed,2026-09-21T20:49:48.339Z,2026-09-21T20:49:54.543Z,43754,43520,0,108,,
yelp-glm-lz4-frontier,49,1,GLM-5.3-Flash,max,completed,2026-09-21T20:49:54.630Z,2026-09-21T20:50:02.133Z,44004,43712,0,293,,
yelp-glm-lz4-frontier,50,1,GLM-5.3-Flash,max,completed,2026-09-21T20:50:02.342Z,2026-09-21T20:50:05.180Z,44500,43968,0,110,,
yelp-glm-lz4-frontier,51,1,GLM-5.3-Flash,max,completed,2026-09-21T20:50:16.418Z,2026-09-21T20:50:24.033Z,44725,44480,0,220,,
yelp-glm-lz4-frontier,52,1,GLM-5.3-Flash,max,completed,2026-09-21T20:50:24.122Z,2026-09-21T20:50:29.582Z,45014,44672,0,110,,
yelp-glm-lz4-frontier,53,1,GLM-5.3-Flash,max,completed,2026-09-21T20:50:40.813Z,2026-09-21T20:51:05.816Z,46489,44992,0,1244,,
yelp-glm-lz4-frontier,54,1,GLM-5.3-Flash,max,completed,2026-09-21T20:51:05.948Z,2026-09-21T20:51:12.673Z,47779,46464,0,104,,
yelp-glm-lz4-frontier,55,1,GLM-5.3-Flash,max,completed,2026-09-21T20:51:12.822Z,2026-09-21T20:51:18.693Z,47952,47744,0,125,,
yelp-glm-lz4-frontier,56,1,GLM-5.3-Flash,max,completed,2026-09-21T20:51:29.716Z,2026-09-21T20:52:39.402Z,49282,47936,0,3520,,
yelp-glm-lz4-frontier,57,0,GLM-5.3-Flash,max,completed,2026-09-21T20:51:33.887Z,2026-09-21T20:52:43.712Z,89745,82880,0,3524,,
yelp-glm-lz4-frontier,58,1,GLM-5.3-Flash,max,completed,2026-09-21T20:52:40.133Z,2026-09-21T20:54:50.271Z,54387,49280,0,5060,,
yelp-glm-lz4-frontier,59,0,GLM-5.3-Flash,max,completed,2026-09-21T20:52:43.977Z,2026-09-21T20:53:42.511Z,93335,89728,0,2983,,
yelp-glm-lz4-frontier,60,0,GLM-5.3-Flash,max,completed,2026-09-21T20:53:42.735Z,2026-09-21T20:54:35.532Z,96384,93312,0,2357,,
yelp-glm-lz4-frontier,61,0,GLM-5.3-Flash,max,completed,2026-09-21T20:54:35.794Z,2026-09-21T20:54:48.226Z,98871,96384,0,451,,
yelp-glm-lz4-frontier,62,1,GLM-5.3-Flash,max,completed,2026-09-21T20:54:51.231Z,2026-09-21T20:55:48.016Z,59462,54336,0,3050,,
yelp-glm-lz4-frontier,63,1,GLM-5.3-Flash,max,completed,2026-09-21T20:55:48.372Z,2026-09-21T20:57:46.196Z,63163,59456,0,7804,,
yelp-glm-lz4-frontier,64,0,GLM-5.3-Flash,max,completed,2026-09-21T20:56:48.424Z,2026-09-21T20:57:16.661Z,99537,98816,0,1389,,
yelp-glm-lz4-frontier,65,0,GLM-5.3-Flash,max,completed,2026-09-21T20:57:16.883Z,2026-09-21T20:57:24.332Z,101200,99520,0,212,,
yelp-glm-lz4-frontier,66,0,GLM-5.3-Flash,max,completed,2026-09-21T20:57:24.434Z,2026-09-21T20:57:31.244Z,101756,101184,0,302,,
yelp-glm-lz4-frontier,67,0,GLM-5.3-Flash,max,completed,2026-09-21T20:57:44.798Z,2026-09-21T20:58:18.412Z,102894,101696,0,1102,,
yelp-glm-lz4-frontier,68,1,GLM-5.3-Flash,max,completed,2026-09-21T20:57:47.151Z,2026-09-21T20:57:56.131Z,71033,63104,0,62,,
yelp-glm-lz4-frontier,69,1,GLM-5.3-Flash,max,completed,2026-09-21T20:57:56.240Z,2026-09-21T20:58:19.999Z,71437,70976,0,1078,,
yelp-glm-lz4-frontier,70,0,GLM-5.3-Flash,max,completed,2026-09-21T21:02:18.497Z,2026-09-21T21:03:17.153Z,105543,102848,0,2312,,
yelp-glm-lz4-frontier,71,0,GLM-5.3-Flash,max,completed,2026-09-21T21:03:17.559Z,2026-09-21T21:03:23.733Z,108049,105536,0,52,,
yelp-glm-lz4-frontier,72,0,GLM-5.3-Flash,max,completed,2026-09-21T21:05:40.172Z,2026-09-21T21:06:11.443Z,108573,108032,0,1378,,
yelp-glm-lz4-frontier,73,0,GLM-5.3-Flash,max,completed,2026-09-21T21:06:11.594Z,2026-09-21T21:06:21.331Z,110004,108544,0,673,,
yelp-glm-lz4-frontier,74,0,GLM-5.3-Flash,max,completed,2026-09-21T21:06:21.440Z,2026-09-21T21:06:33.767Z,110730,109952,0,719,,
yelp-glm-lz4-frontier,75,0,GLM-5.3-Flash,max,completed,2026-09-21T21:06:34.037Z,2026-09-21T21:06:42.370Z,112688,110720,0,232,,
yelp-glm-lz4-frontier,76,0,GLM-5.3-Flash,max,completed,2026-09-21T21:06:42.738Z,2026-09-21T21:06:50.148Z,112949,112640,0,178,,
yelp-glm-lz4-frontier,77,0,GLM-5.3-Flash,max,completed,2026-09-21T21:06:50.904Z,2026-09-21T21:07:40.738Z,113664,112896,0,2361,,
yelp-glm-lz4-frontier,78,0,GLM-5.3-Flash,max,completed,2026-09-21T21:07:41.215Z,2026-09-21T21:08:16.992Z,116277,113664,0,1796,,
yelp-glm-lz4-frontier,79,0,GLM-5.3-Flash,max,completed,2026-09-21T21:08:17.179Z,2026-09-21T21:08:24.563Z,118218,116224,0,210,,
yelp-glm-lz4-frontier,80,0,GLM-5.3-Flash,max,completed,2026-09-21T21:08:25.358Z,2026-09-21T21:08:53.658Z,118560,118208,0,1074,,
yelp-glm-lz4-frontier,81,0,GLM-5.3-Flash,max,completed,2026-09-21T21:08:53.806Z,2026-09-21T21:10:01.050Z,119642,118528,0,2382,,
yelp-glm-lz4-frontier,82,0,GLM-5.3-Flash,max,completed,2026-09-21T21:10:01.935Z,2026-09-21T21:10:40.877Z,122880,119616,0,1476,,
yelp-glm-lz4-frontier,83,0,GLM-5.3-Flash,max,completed,2026-09-21T21:10:41.318Z,2026-09-21T21:10:48.676Z,124809,122880,0,130,,
yelp-glm-lz4-frontier,84,0,GLM-5.3-Flash,max,completed,2026-09-21T21:10:49.025Z,2026-09-21T21:10:53.863Z,125218,124800,0,179,,
yelp-glm-lz4-frontier,85,0,GLM-5.3-Flash,max,completed,2026-09-21T21:10:54.503Z,2026-09-21T21:11:01.435Z,125545,125184,0,126,,
yelp-glm-lz4-frontier,86,0,GLM-5.3-Flash,max,completed,2026-09-21T21:11:01.777Z,2026-09-21T21:11:49.795Z,125914,125504,0,993,,
yelp-glm-lz4-frontier,87,0,GLM-5.3-Flash,max,completed,2026-09-21T21:11:49.994Z,2026-09-21T21:11:58.808Z,127039,125888,0,156,,
yelp-glm-lz4-frontier,88,0,GLM-5.3-Flash,max,completed,2026-09-21T21:11:58.858Z,2026-09-21T21:12:08.860Z,128097,126976,0,385,,
yelp-glm-lz4-frontier,89,0,GLM-5.3-Flash,max,completed,2026-09-21T21:12:09.206Z,2026-09-21T21:12:18.446Z,128633,128064,0,257,,
yelp-glm-lz4-frontier,90,0,GLM-5.3-Flash,max,completed,2026-09-21T21:12:19.327Z,2026-09-21T21:12:25.810Z,128953,128576,0,95,,
yelp-glm-lz4-frontier,91,0,GLM-5.3-Flash,max,completed,2026-09-21T21:12:25.884Z,2026-09-21T21:13:01.681Z,129196,128896,0,1568,,
yelp-glm-lz4-frontier,92,0,GLM-5.3-Flash,max,completed,2026-09-21T21:13:01.883Z,2026-09-21T21:13:08.735Z,130891,129152,0,48,,
yelp-glm-lz4-frontier,93,0,GLM-5.3-Flash,max,completed,2026-09-21T21:20:08.779Z,2026-09-21T21:20:58.645Z,131005,130880,0,1977,,
yelp-glm-lz4-frontier,94,0,GLM-5.3-Flash,max,completed,2026-09-21T21:20:58.870Z,2026-09-21T21:21:04.265Z,133045,130944,0,49,,
yelp-glm-lz4-frontier,95,0,GLM-5.3-Flash,max,completed,2026-09-21T21:22:41.658Z,2026-09-21T21:24:00.198Z,133508,132992,0,3024,,
yelp-glm-lz4-frontier,96,0,GLM-5.3-Flash,max,completed,2026-09-21T21:24:01.839Z,2026-09-21T21:24:05.418Z,136545,133504,0,104,,
yelp-glm-lz4-frontier,97,0,GLM-5.3-Flash,max,completed,2026-09-21T21:24:05.491Z,2026-09-21T21:24:33.893Z,136801,136512,0,1342,,
yelp-glm-lz4-frontier,98,0,GLM-5.3-Flash,max,completed,2026-09-21T21:24:34.057Z,2026-09-21T21:24:42.079Z,138416,136768,0,254,,
yelp-glm-lz4-frontier,99,0,GLM-5.3-Flash,max,completed,2026-09-21T21:24:42.272Z,2026-09-21T21:24:46.027Z,138677,138368,0,53,,
yelp-glm-lz4-frontier,100,0,GLM-5.3-Flash,max,completed,2026-09-21T21:25:17.808Z,2026-09-21T21:25:26.937Z,139153,138624,0,190,,
yelp-glm-lz4-frontier,101,0,GLM-5.3-Flash,max,completed,2026-09-21T21:25:27.117Z,2026-09-21T21:26:17.114Z,139448,139136,0,1934,,
yelp-glm-lz4-frontier,102,0,GLM-5.3-Flash,max,completed,2026-09-21T21:26:17.463Z,2026-09-21T21:26:51.932Z,141456,139392,0,1244,,
yelp-glm-lz4-frontier,103,0,GLM-5.3-Flash,max,completed,2026-09-21T21:26:52.133Z,2026-09-21T21:27:26.542Z,142794,141440,0,1579,,
yelp-glm-lz4-frontier,104,0,GLM-5.3-Flash,max,completed,2026-09-21T21:27:27.269Z,2026-09-21T21:27:34.368Z,144532,142784,0,115,,
yelp-glm-lz4-frontier,105,0,GLM-5.3-Flash,max,completed,2026-09-21T21:28:10.979Z,2026-09-21T21:28:41.949Z,144657,144512,0,1275,,
yelp-glm-lz4-frontier,106,0,GLM-5.3-Flash,max,completed,2026-09-21T21:28:42.880Z,2026-09-21T21:28:58.805Z,147339,144640,0,446,,
yelp-glm-lz4-frontier,107,0,GLM-5.3-Flash,max,completed,2026-09-21T21:29:33.192Z,2026-09-21T21:29:43.366Z,149165,147328,0,100,,
yelp-glm-lz4-frontier,108,0,GLM-5.3-Flash,max,completed,2026-09-21T21:30:19.010Z,2026-09-21T21:31:11.817Z,150037,149120,0,2213,,
yelp-glm-lz4-frontier,109,0,GLM-5.3-Flash,max,completed,2026-09-21T21:32:45.763Z,2026-09-21T21:33:07.331Z,152279,150016,0,882,,
yelp-glm-lz4-frontier,110,0,GLM-5.3-Flash,max,completed,2026-09-21T21:33:07.459Z,2026-09-21T21:34:53.416Z,153256,152256,0,4713,,
yelp-glm-lz4-frontier,111,0,GLM-5.3-Flash,max,completed,2026-09-21T21:35:30.238Z,2026-09-21T21:36:14.935Z,164880,153216,0,1933,,
yelp-glm-lz4-frontier,112,0,GLM-5.3-Flash,max,completed,2026-09-21T21:36:15.141Z,2026-09-21T21:36:23.143Z,167008,164864,0,168,,
yelp-glm-lz4-frontier,113,0,GLM-5.3-Flash,max,completed,2026-09-21T21:36:23.249Z,2026-09-21T21:36:29.668Z,168531,166976,0,121,,
yelp-glm-lz4-frontier,114,0,GLM-5.3-Flash,max,completed,2026-09-21T21:36:29.755Z,2026-09-21T21:36:39.500Z,169016,168512,0,304,,
yelp-glm-lz4-frontier,115,0,GLM-5.3-Flash,max,completed,2026-09-21T21:36:39.583Z,2026-09-21T21:36:45.469Z,169470,168960,0,51,,
yelp-glm-lz4-frontier,116,0,GLM-5.3-Flash,max,completed,2026-09-21T21:37:56.375Z,2026-09-21T21:39:05.735Z,170071,169408,0,3264,,
yelp-glm-lz4-frontier,117,0,GLM-5.3-Flash,max,completed,2026-09-21T21:39:06.725Z,2026-09-21T21:40:12.505Z,173969,170048,0,2332,,
yelp-glm-lz4-frontier,118,0,GLM-5.3-Flash,max,completed,2026-09-21T21:40:14.010Z,2026-09-21T21:40:27.030Z,176666,173952,0,488,,
yelp-glm-lz4-frontier,119,0,GLM-5.3-Flash,max,completed,2026-09-21T21:40:27.173Z,2026-09-21T21:41:08.003Z,177677,176640,0,2067,,
yelp-glm-lz4-frontier,120,0,GLM-5.3-Flash,max,completed,2026-09-21T21:41:08.328Z,2026-09-21T21:41:14.708Z,179808,177664,0,51,,
yelp-glm-lz4-frontier,121,0,GLM-5.3-Flash,max,completed,2026-09-21T21:41:19.656Z,2026-09-21T21:41:27.684Z,180442,179776,0,290,,
yelp-glm-lz4-frontier,122,0,GLM-5.3-Flash,max,completed,2026-09-21T21:41:29.345Z,2026-09-21T21:42:20.493Z,181033,180416,0,1754,,
yelp-glm-lz4-frontier,123,0,GLM-5.3-Flash,max,completed,2026-09-21T21:42:22.296Z,2026-09-21T21:44:17.305Z,183116,180992,0,4835,,
yelp-glm-lz4-frontier,124,0,GLM-5.3-Flash,max,completed,2026-09-21T21:44:17.625Z,2026-09-21T21:44:22.558Z,187981,183104,0,78,,
yelp-glm-lz4-frontier,125,0,GLM-5.3-Flash,max,completed,2026-09-21T21:44:22.634Z,2026-09-21T21:44:45.309Z,188064,187968,0,1622,,
yelp-glm-lz4-frontier,126,0,GLM-5.3-Flash,max,completed,2026-09-21T21:44:45.476Z,2026-09-21T21:45:52.279Z,189750,188032,0,2673,,
yelp-glm-lz4-frontier,127,0,GLM-5.3-Flash,max,completed,2026-09-21T21:45:52.492Z,2026-09-21T21:46:46.543Z,192489,189696,0,3328,,
yelp-glm-lz4-frontier,128,0,GLM-5.3-Flash,max,completed,2026-09-21T21:46:46.776Z,2026-09-21T21:47:07.835Z,195847,192448,0,964,,
yelp-glm-lz4-frontier,129,0,GLM-5.3-Flash,max,completed,2026-09-21T21:47:08.026Z,2026-09-21T21:47:16.428Z,197232,195840,0,250,,
yelp-glm-lz4-frontier,130,0,GLM-5.3-Flash,max,completed,2026-09-21T21:47:16.629Z,2026-09-21T21:47:24.624Z,198186,197184,0,132,,
yelp-glm-lz4-frontier,131,0,GLM-5.3-Flash,max,completed,2026-09-21T21:47:24.704Z,2026-09-21T21:47:33.642Z,198465,198144,0,272,,
yelp-glm-lz4-frontier,132,0,GLM-5.3-Flash,max,completed,2026-09-21T21:47:33.730Z,2026-09-21T21:48:04.996Z,198744,198464,0,2620,,
yelp-glm-lz4-frontier,133,0,GLM-5.3-Flash,max,completed,2026-09-21T21:48:05.198Z,2026-09-21T21:48:11.227Z,201394,198720,0,55,,
yelp-glm-lz4-frontier,134,0,GLM-5.3-Flash,max,completed,2026-09-21T21:48:11.267Z,2026-09-21T21:48:44.509Z,201904,201344,0,2675,,
yelp-glm-lz4-frontier,135,0,GLM-5.3-Flash,max,completed,2026-09-21T21:48:44.789Z,2026-09-21T21:48:59.453Z,204645,201856,0,752,,
yelp-glm-lz4-frontier,136,0,GLM-5.3-Flash,max,completed,2026-09-21T21:48:59.813Z,2026-09-21T21:49:05.837Z,205613,204608,0,52,,
yelp-glm-lz4-frontier,137,0,GLM-5.3-Flash,max,completed,2026-09-21T21:51:27.992Z,2026-09-21T21:52:06.851Z,206215,205568,0,1320,,
yelp-glm-lz4-frontier,138,0,GLM-5.3-Flash,max,completed,2026-09-21T21:52:07.704Z,2026-09-21T21:53:03.997Z,207680,206208,0,2502,,
yelp-glm-lz4-frontier,139,0,GLM-5.3-Flash,max,completed,2026-09-21T21:53:05.054Z,2026-09-21T21:53:47.222Z,210485,207680,0,1850,,
yelp-glm-lz4-frontier,140,0,GLM-5.3-Flash,max,completed,2026-09-21T21:53:47.421Z,2026-09-21T21:53:57.225Z,212392,210432,0,378,,
yelp-glm-lz4-frontier,141,0,GLM-5.3-Flash,max,completed,2026-09-21T21:53:57.333Z,2026-09-21T21:54:07.882Z,212833,212352,0,391,,
yelp-glm-lz4-frontier,142,0,GLM-5.3-Flash,max,completed,2026-09-21T21:54:08.263Z,2026-09-21T21:54:17.537Z,213337,212800,0,391,,
yelp-glm-lz4-frontier,143,0,GLM-5.3-Flash,max,completed,2026-09-21T21:54:19.152Z,2026-09-21T21:55:18.551Z,213831,213312,0,3413,,
yelp-glm-lz4-frontier,144,0,GLM-5.3-Flash,max,completed,2026-09-21T21:55:18.992Z,2026-09-21T21:55:32.946Z,217442,213824,0,801,,
yelp-glm-lz4-frontier,145,0,GLM-5.3-Flash,max,completed,2026-09-21T21:55:46.049Z,2026-09-21T21:56:06.257Z,218361,217408,0,819,,
yelp-glm-lz4-frontier,146,0,GLM-5.3-Flash,max,completed,2026-09-21T21:56:06.573Z,2026-09-21T21:56:36.570Z,219210,218304,0,1229,,
yelp-glm-lz4-frontier,147,0,GLM-5.3-Flash,max,completed,2026-09-21T21:56:36.909Z,2026-09-21T21:57:06.778Z,220674,219200,0,1579,,
yelp-glm-lz4-frontier,148,0,GLM-5.3-Flash,max,completed,2026-09-21T21:57:07.127Z,2026-09-21T21:57:23.259Z,222279,220672,0,389,,
yelp-glm-lz4-frontier,149,0,GLM-5.3-Flash,max,completed,2026-09-21T21:57:23.371Z,2026-09-21T21:57:34.332Z,223441,222272,0,486,,
yelp-glm-lz4-frontier,150,0,GLM-5.3-Flash,max,completed,2026-09-21T21:57:43.387Z,2026-09-21T21:58:05.667Z,224026,223424,0,868,,
yelp-glm-lz4-frontier,151,0,GLM-5.3-Flash,max,completed,2026-09-21T21:58:05.798Z,2026-09-21T21:58:12.625Z,224910,224000,0,69,,
yelp-glm-lz4-frontier,152,0,GLM-5.3-Flash,max,completed,2026-09-21T21:58:12.704Z,2026-09-21T21:58:15.936Z,225347,224896,0,38,,
yelp-glm-lz4-frontier,153,0,GLM-5.3-Flash,max,completed,2026-09-21T21:58:16.008Z,2026-09-21T22:00:31.276Z,230826,225344,0,6193,,
yelp-glm-lz4-frontier,154,0,GLM-5.3-Flash,max,completed,2026-09-21T22:00:31.684Z,2026-09-21T22:01:17.976Z,237032,230784,0,2515,,
yelp-glm-lz4-frontier,155,0,GLM-5.3-Flash,max,completed,2026-09-21T22:01:18.171Z,2026-09-21T22:01:24.641Z,239566,236992,0,35,,
yelp-glm-lz4-frontier,156,0,GLM-5.3-Flash,max,completed,2026-09-21T22:01:24.710Z,2026-09-21T22:01:46.038Z,239606,239552,0,1808,,
yelp-glm-lz4-frontier,157,0,GLM-5.3-Flash,max,completed,2026-09-21T22:01:46.199Z,2026-09-21T22:01:54.209Z,241447,239552,0,198,,
yelp-glm-lz4-frontier,158,0,GLM-5.3-Flash,max,completed,2026-09-21T22:02:03.297Z,2026-09-21T22:02:33.958Z,241730,241408,0,1113,,
yelp-glm-lz4-frontier,159,0,GLM-5.3-Flash,max,completed,2026-09-21T22:02:34.134Z,2026-09-21T22:02:40.802Z,246679,241728,0,44,,
yelp-glm-lz4-frontier,160,0,GLM-5.3-Flash,max,completed,2026-09-21T22:02:40.887Z,2026-09-21T22:03:44.203Z,248581,246656,0,2295,,
yelp-glm-lz4-frontier,161,0,GLM-5.3-Flash,max,completed,2026-09-21T22:03:45.064Z,2026-09-21T22:03:52.993Z,250922,248576,0,150,,
yelp-glm-lz4-frontier,162,0,GLM-5.3-Flash,max,completed,2026-09-21T22:03:53.220Z,2026-09-21T22:04:01.392Z,251995,250880,0,124,,
yelp-glm-lz4-frontier,163,0,GLM-5.3-Flash,max,completed,2026-09-21T22:04:01.469Z,2026-09-21T22:04:05.693Z,252213,251968,0,49,,
yelp-glm-lz4-frontier,164,0,GLM-5.3-Flash,max,completed,2026-09-21T22:04:05.811Z,2026-09-21T22:05:59.780Z,253962,252160,0,4565,,
yelp-glm-lz4-frontier,165,0,GLM-5.3-Flash,max,completed,2026-09-21T22:06:00.073Z,2026-09-21T22:07:59.182Z,258557,253952,0,5715,,
yelp-glm-lz4-frontier,166,0,GLM-5.3-Flash,max,completed,2026-09-21T22:07:59.550Z,2026-09-21T22:08:54.061Z,264302,258496,0,3297,,
yelp-glm-lz4-frontier,167,0,GLM-5.3-Flash,max,completed,2026-09-21T22:08:54.303Z,2026-09-21T22:09:00.204Z,267629,264256,0,209,,
yelp-glm-lz4-frontier,168,0,GLM-5.3-Flash,max,completed,2026-09-21T22:09:01.157Z,2026-09-21T22:09:41.412Z,267954,267584,0,2290,,
yelp-glm-lz4-frontier,169,0,GLM-5.3-Flash,max,completed,2026-09-21T22:09:41.600Z,2026-09-21T22:09:50.611Z,270520,267904,0,61,,
yelp-glm-lz4-frontier,170,0,GLM-5.3-Flash,max,completed,2026-09-21T22:09:50.650Z,2026-09-21T22:10:37.896Z,271041,270464,0,3073,,
yelp-glm-lz4-frontier,171,0,GLM-5.3-Flash,max,completed,2026-09-21T22:10:38.878Z,2026-09-21T22:14:06.384Z,274183,271040,0,8911,,
yelp-glm-lz4-frontier,172,0,GLM-5.3-Flash,max,completed,2026-09-21T22:14:06.952Z,2026-09-21T22:14:39.992Z,283102,274176,0,2125,,
yelp-glm-lz4-frontier,173,0,GLM-5.3-Flash,max,completed,2026-09-21T22:14:40.174Z,2026-09-21T22:15:01.680Z,285239,283072,0,940,,
yelp-glm-lz4-frontier,174,0,GLM-5.3-Flash,max,completed,2026-09-21T22:15:01.826Z,2026-09-21T22:15:30.812Z,286331,285184,0,1516,,
yelp-glm-lz4-frontier,175,0,GLM-5.3-Flash,max,completed,2026-09-21T22:15:32.552Z,2026-09-21T22:15:40.391Z,288145,286272,0,113,,
yelp-glm-lz4-frontier,176,0,GLM-5.3-Flash,max,completed,2026-09-21T22:15:40.499Z,2026-09-21T22:15:56.450Z,288481,288128,0,791,,
yelp-glm-lz4-frontier,177,0,GLM-5.3-Flash,max,completed,2026-09-21T22:15:56.599Z,2026-09-21T22:16:03.049Z,289426,288448,0,53,,
yelp-glm-lz4-frontier,178,0,GLM-5.3-Flash,max,completed,2026-09-21T22:16:03.101Z,2026-09-21T22:16:34.250Z,289869,289408,0,284,,
yelp-glm-lz4-frontier,179,0,GLM-5.3-Flash,max,completed,2026-09-21T22:16:35.050Z,2026-09-21T22:16:51.460Z,290581,289856,0,675,,
yelp-glm-lz4-frontier,180,0,GLM-5.3-Flash,max,completed,2026-09-21T22:16:51.576Z,2026-09-21T22:16:56.533Z,291404,290560,0,49,,
yelp-glm-lz4-frontier,181,0,GLM-5.3-Flash,max,completed,2026-09-21T22:20:54.867Z,2026-09-21T22:21:02.552Z,291876,291392,0,187,,
yelp-glm-lz4-frontier,182,0,GLM-5.3-Flash,max,completed,2026-09-21T22:21:02.906Z,2026-09-21T22:21:27.753Z,292115,291840,0,802,,
yelp-glm-lz4-frontier,183,0,GLM-5.3-Flash,max,completed,2026-09-21T22:21:27.891Z,2026-09-21T22:22:04.840Z,292964,292096,0,1377,,
yelp-glm-lz4-frontier,184,0,GLM-5.3-Flash,max,completed,2026-09-21T22:22:04.988Z,2026-09-21T22:22:11.180Z,294491,292928,0,51,,
yelp-glm-lz4-frontier,185,0,GLM-5.3-Flash,max,completed,2026-09-21T22:24:24.347Z,2026-09-21T22:27:46.012Z,295091,294464,0,7100,,
yelp-glm-lz4-frontier,186,0,GLM-5.3-Flash,max,completed,2026-09-21T22:27:46.449Z,2026-09-21T22:30:49.512Z,302251,295040,0,7489,,
yelp-glm-lz4-frontier,187,0,GLM-5.3-Flash,max,completed,2026-09-21T22:30:49.964Z,2026-09-21T22:31:04.764Z,309749,302208,0,822,,
yelp-glm-lz4-frontier,188,0,GLM-5.3-Flash,max,completed,2026-09-21T22:31:04.888Z,2026-09-21T22:31:11.657Z,310722,309696,0,51,,
yelp-glm-lz4-frontier,189,0,GLM-5.3-Flash,max,completed,2026-09-21T22:31:11.724Z,2026-09-21T22:31:43.782Z,311484,310720,0,1527,,
yelp-glm-lz4-frontier,190,0,GLM-5.3-Flash,max,completed,2026-09-21T22:31:43.957Z,2026-09-21T22:31:52.818Z,313164,311424,0,54,,
yelp-glm-lz4-frontier,191,0,GLM-5.3-Flash,max,completed,2026-09-21T22:32:13.587Z,2026-09-21T22:32:57.306Z,313668,313152,0,2133,,
yelp-glm-lz4-frontier,192,0,GLM-5.3-Flash,max,completed,2026-09-21T22:32:58.210Z,2026-09-21T22:33:50.145Z,315864,313664,0,1614,,
yelp-glm-lz4-frontier,193,0,GLM-5.3-Flash,max,completed,2026-09-21T22:33:50.315Z,2026-09-21T22:34:29.665Z,317614,315840,0,1519,,
yelp-glm-lz4-frontier,194,0,GLM-5.3-Flash,max,completed,2026-09-21T22:34:30.692Z,2026-09-21T22:35:31.737Z,319270,317568,0,2650,,
yelp-glm-lz4-frontier,195,0,GLM-5.3-Flash,max,completed,2026-09-21T22:35:32.843Z,2026-09-21T22:35:54.769Z,322144,319232,0,1102,,
yelp-glm-lz4-frontier,196,0,GLM-5.3-Flash,max,completed,2026-09-21T22:35:54.900Z,2026-09-21T22:36:01.649Z,323404,322112,0,55,,
yelp-glm-lz4-frontier,197,0,GLM-5.3-Flash,max,completed,2026-09-21T22:36:01.726Z,2026-09-21T22:36:22.314Z,323897,323392,0,770,,
yelp-glm-lz4-frontier,198,0,GLM-5.3-Flash,max,completed,2026-09-21T22:36:22.428Z,2026-09-21T22:36:29.497Z,324821,323840,0,53,,
yelp-glm-lz4-frontier,199,0,GLM-5.3-Flash,max,completed,2026-09-21T22:36:29.555Z,2026-09-21T22:37:32.761Z,325536,324800,0,2509,,
yelp-glm-lz4-frontier,200,0,GLM-5.3-Flash,max,completed,2026-09-21T22:37:32.977Z,2026-09-21T22:37:40.765Z,328200,325504,0,55,,
yelp-glm-lz4-frontier,201,0,GLM-5.3-Flash,max,completed,2026-09-21T22:37:40.817Z,2026-09-21T22:37:59.828Z,328686,328192,0,560,,
yelp-glm-lz4-frontier,202,0,GLM-5.3-Flash,max,completed,2026-09-21T22:37:59.937Z,2026-09-21T22:38:35.433Z,329907,328640,0,1382,,
yelp-glm-lz4-frontier,203,0,GLM-5.3-Flash,max,completed,2026-09-21T22:38:35.576Z,2026-09-21T22:38:40.589Z,331442,329856,0,51,,
yelp-glm-lz4-frontier,204,0,GLM-5.3-Flash,max,completed,2026-09-21T22:39:04.106Z,2026-09-21T22:39:47.726Z,331980,331392,0,1660,,
yelp-glm-lz4-frontier,205,0,GLM-5.3-Flash,max,completed,2026-09-21T22:39:48.554Z,2026-09-21T22:39:55.295Z,334144,331968,0,292,,
yelp-glm-lz4-frontier,206,0,GLM-5.3-Flash,max,completed,2026-09-21T22:39:56.383Z,2026-09-21T22:40:07.389Z,335745,334144,0,562,,
yelp-glm-lz4-frontier,207,0,GLM-5.3-Flash,max,completed,2026-09-21T22:40:09.777Z,2026-09-21T22:40:18.641Z,336373,335744,0,234,,
yelp-glm-lz4-frontier,208,0,GLM-5.3-Flash,max,completed,2026-09-21T22:40:18.726Z,2026-09-21T22:40:54.492Z,336760,336320,0,1555,,
yelp-glm-lz4-frontier,209,0,GLM-5.3-Flash,max,completed,2026-09-21T22:40:54.672Z,2026-09-21T22:41:03.715Z,338561,336704,0,230,,
yelp-glm-lz4-frontier,210,0,GLM-5.3-Flash,max,completed,2026-09-21T22:41:03.788Z,2026-09-21T22:41:08.637Z,339185,338560,0,52,,
yelp-glm-lz4-frontier,211,0,GLM-5.3-Flash,max,completed,2026-09-21T22:45:10.010Z,2026-09-21T22:47:00.790Z,339966,339136,0,4154,,
yelp-glm-lz4-frontier,212,0,GLM-5.3-Flash,max,completed,2026-09-21T22:47:02.309Z,2026-09-21T22:47:11.322Z,344133,339904,0,220,,
yelp-glm-lz4-frontier,213,0,GLM-5.3-Flash,max,completed,2026-09-21T22:47:11.528Z,2026-09-21T22:47:16.330Z,344507,344128,0,52,,
yelp-glm-lz4-frontier,214,0,GLM-5.3-Flash,max,completed,2026-09-21T22:57:16.386Z,2026-09-21T22:57:24.575Z,344646,344448,0,52,,
yelp-glm-lz4-frontier,215,0,GLM-5.3-Flash,max,completed,2026-09-21T23:07:24.612Z,2026-09-21T23:07:48.742Z,344785,344640,0,52,,
yelp-glm-lz4-frontier,216,0,GLM-5.3-Flash,max,completed,2026-09-21T23:17:48.859Z,2026-09-21T23:18:06.652Z,344983,344768,0,501,,
yelp-glm-lz4-frontier,217,0,GLM-5.3-Flash,max,completed,2026-09-21T23:25:06.715Z,2026-09-21T23:25:40.267Z,345571,344960,0,1539,,
yelp-glm-lz4-frontier,218,0,GLM-5.3-Flash,max,completed,2026-09-21T23:25:49.517Z,2026-09-21T23:26:04.231Z,347898,345536,0,477,,
yelp-glm-lz4-frontier,219,0,GLM-5.3-Flash,max,completed,2026-09-21T23:26:04.346Z,2026-09-21T23:26:11.044Z,348525,347840,0,50,,
yelp-glm-lz4-frontier,220,0,GLM-5.3-Flash,max,completed,2026-09-21T23:27:30.601Z,2026-09-21T23:28:46.231Z,349272,348480,0,2293,,
yelp-glm-lz4-frontier,221,0,GLM-5.3-Flash,max,completed,2026-09-21T23:28:46.423Z,2026-09-21T23:28:51.575Z,351718,349248,0,50,,
yelp-glm-lz4-frontier,222,0,GLM-5.3-Flash,max,completed,2026-09-21T23:28:51.629Z,2026-09-21T23:29:04.255Z,352519,351680,0,481,,
yelp-glm-lz4-frontier,223,0,GLM-5.3-Flash,max,completed,2026-09-21T23:29:04.355Z,2026-09-21T23:29:12.771Z,353146,352512,0,50,,
yelp-glm-lz4-frontier,224,0,GLM-5.3-Flash,max,completed,2026-09-21T23:33:15.799Z,2026-09-21T23:35:57.744Z,353750,353088,0,5551,,
yelp-glm-lz4-frontier,225,0,GLM-5.3-Flash,max,completed,2026-09-21T23:35:58.872Z,2026-09-21T23:36:16.769Z,359367,353728,0,385,,
yelp-glm-lz4-frontier,226,0,GLM-5.3-Flash,max,completed,2026-09-21T23:36:26.590Z,2026-09-21T23:36:46.282Z,360522,359360,0,598,,
yelp-glm-lz4-frontier,227,0,GLM-5.3-Flash,max,completed,2026-09-21T23:37:12.624Z,2026-09-21T23:37:49.581Z,361336,360512,0,1224,,
yelp-glm-lz4-frontier,228,0,GLM-5.3-Flash,max,completed,2026-09-21T23:37:49.723Z,2026-09-21T23:37:56.645Z,362622,361280,0,41,,
yelp-glm-lz4-frontier,229,0,GLM-5.3-Flash,max,completed,2026-09-21T23:37:56.711Z,2026-09-21T23:38:19.875Z,362725,362560,0,886,,
yelp-glm-lz4-frontier,230,0,GLM-5.3-Flash,max,completed,2026-09-21T23:38:20.019Z,2026-09-21T23:38:28.055Z,363861,362688,0,41,,
yelp-glm-lz4-frontier,231,0,GLM-5.3-Flash,max,completed,2026-09-21T23:38:28.123Z,2026-09-21T23:38:52.742Z,363964,363840,0,971,,
yelp-glm-lz4-frontier,232,0,GLM-5.3-Flash,max,completed,2026-09-21T23:38:52.896Z,2026-09-21T23:38:57.543Z,364941,363904,0,41,,
yelp-glm-lz4-frontier,233,0,GLM-5.3-Flash,max,completed,2026-09-21T23:38:57.606Z,2026-09-21T23:39:01.843Z,365044,364928,0,27,,
yelp-glm-lz4-frontier,234,0,GLM-5.3-Flash,max,completed,2026-09-21T23:40:31.926Z,2026-09-21T23:40:37.101Z,365077,364992,0,41,,
yelp-glm-lz4-frontier,235,0,GLM-5.3-Flash,max,completed,2026-09-21T23:40:37.164Z,2026-09-21T23:40:41.177Z,365180,365056,0,26,,
yelp-glm-lz4-frontier,236,0,GLM-5.3-Flash,max,completed,2026-09-21T23:42:41.255Z,2026-09-21T23:42:46.107Z,365229,365120,0,25,,
yelp-glm-lz4-frontier,237,0,GLM-5.3-Flash,max,completed,2026-09-21T23:44:26.184Z,2026-09-21T23:44:34.052Z,365260,365184,0,41,,
yelp-glm-lz4-frontier,238,0,GLM-5.3-Flash,max,completed,2026-09-21T23:44:34.128Z,2026-09-21T23:45:05.392Z,365386,365248,0,1197,,
yelp-glm-lz4-frontier,239,0,GLM-5.3-Flash,max,completed,2026-09-21T23:45:05.602Z,2026-09-21T23:45:13.584Z,366736,365376,0,52,,
yelp-glm-lz4-frontier,240,0,GLM-5.3-Flash,max,completed,2026-09-21T23:45:13.649Z,2026-09-21T23:45:22.216Z,367519,366720,0,199,,
yelp-glm-lz4-frontier,241,0,GLM-5.3-Flash,max,completed,2026-09-21T23:45:22.313Z,2026-09-21T23:45:36.702Z,367870,367488,0,53,,
yelp-glm-lz4-frontier,242,0,GLM-5.3-Flash,max,completed,2026-09-21T23:45:36.754Z,2026-09-21T23:45:49.817Z,368331,367808,0,599,,
yelp-glm-lz4-frontier,243,0,GLM-5.3-Flash,max,completed,2026-09-21T23:45:49.925Z,2026-09-21T23:45:54.601Z,369084,368320,0,53,,
yelp-glm-lz4-frontier,244,0,GLM-5.3-Flash,max,completed,2026-09-21T23:48:30.031Z,2026-09-21T23:49:07.661Z,369564,369024,0,1043,,
yelp-glm-lz4-frontier,245,0,GLM-5.3-Flash,max,completed,2026-09-21T23:49:57.956Z,2026-09-21T23:51:09.525Z,370701,369536,0,2621,,
yelp-glm-lz4-frontier,246,0,GLM-5.3-Flash,max,completed,2026-09-21T23:51:18.838Z,2026-09-21T23:52:00.542Z,373395,370688,0,1322,,
yelp-glm-lz4-frontier,247,0,GLM-5.3-Flash,max,completed,2026-09-21T23:52:00.687Z,2026-09-21T23:52:05.218Z,374780,373376,0,26,,
yelp-glm-lz4-frontier,248,0,GLM-5.3-Flash,max,completed,2026-09-21T23:53:55.293Z,2026-09-21T23:54:02.360Z,374812,374720,0,39,,
yelp-glm-lz4-frontier,249,0,GLM-5.3-Flash,max,completed,2026-09-21T23:54:02.423Z,2026-09-21T23:54:06.657Z,374914,374784,0,25,,
yelp-glm-lz4-frontier,250,0,GLM-5.3-Flash,max,completed,2026-09-21T23:56:01.738Z,2026-09-21T23:56:11.389Z,375174,374912,0,236,,
yelp-glm-lz4-frontier,251,0,GLM-5.3-Flash,max,completed,2026-09-21T23:56:11.453Z,2026-09-21T23:56:16.097Z,375797,375168,0,39,,
yelp-glm-lz4-frontier,252,0,GLM-5.3-Flash,max,completed,2026-09-21T23:56:16.158Z,2026-09-21T23:56:52.563Z,375922,375744,0,1235,,
yelp-glm-lz4-frontier,253,0,GLM-5.3-Flash,max,completed,2026-09-21T23:56:52.709Z,2026-09-21T23:57:07.318Z,377308,375872,0,52,,
yelp-glm-lz4-frontier,254,0,GLM-5.3-Flash,max,completed,2026-09-22T00:02:27.115Z,2026-09-22T00:02:57.136Z,377744,377280,0,1338,,
yelp-glm-lz4-frontier,255,0,GLM-5.3-Flash,max,completed,2026-09-22T00:02:57.827Z,2026-09-22T00:03:06.676Z,379191,377728,0,179,,
yelp-glm-lz4-frontier,256,0,GLM-5.3-Flash,max,completed,2026-09-22T00:03:06.791Z,2026-09-22T00:03:10.811Z,379436,379136,0,25,,
yelp-glm-lz4-frontier,257,0,GLM-5.3-Flash,max,completed,2026-09-22T00:05:05.882Z,2026-09-22T00:05:18.207Z,379467,379392,0,42,,
yelp-glm-lz4-frontier,258,0,GLM-5.3-Flash,max,completed,2026-09-22T00:05:18.265Z,2026-09-22T00:05:29.672Z,379575,379456,0,25,,
yelp-glm-lz4-frontier,259,0,GLM-5.3-Flash,max,completed,2026-09-22T00:07:24.918Z,2026-09-22T00:07:30.672Z,379606,379520,0,42,,
yelp-glm-lz4-frontier,260,0,GLM-5.3-Flash,max,completed,2026-09-22T00:07:30.728Z,2026-09-22T00:07:42.591Z,379714,379584,0,25,,
yelp-glm-lz4-frontier,261,0,GLM-5.3-Flash,max,completed,2026-09-22T00:09:37.667Z,2026-09-22T00:09:42.665Z,379981,379712,0,42,,
yelp-glm-lz4-frontier,262,0,GLM-5.3-Flash,max,completed,2026-09-22T00:09:42.731Z,2026-09-22T00:09:48.589Z,380089,379968,0,37,,
yelp-glm-lz4-frontier,263,0,GLM-5.3-Flash,max,completed,2026-09-22T00:11:48.684Z,2026-09-22T00:11:54.806Z,380152,380032,0,42,,
yelp-glm-lz4-frontier,264,0,GLM-5.3-Flash,max,completed,2026-09-22T00:11:54.875Z,2026-09-22T00:12:02.080Z,380260,380096,0,25,,
yelp-glm-lz4-frontier,265,0,GLM-5.3-Flash,max,completed,2026-09-22T00:13:52.154Z,2026-09-22T00:14:03.321Z,380291,380224,0,42,,
yelp-glm-lz4-frontier,266,0,GLM-5.3-Flash,max,completed,2026-09-22T00:14:03.381Z,2026-09-22T00:14:10.690Z,380399,380288,0,25,,
yelp-glm-lz4-frontier,267,0,GLM-5.3-Flash,max,completed,2026-09-22T00:16:00.758Z,2026-09-22T00:16:12.703Z,380430,380352,0,42,,
yelp-glm-lz4-frontier,268,0,GLM-5.3-Flash,max,completed,2026-09-22T00:16:12.820Z,2026-09-22T00:16:17.280Z,380538,380416,0,25,,
yelp-glm-lz4-frontier,269,0,GLM-5.3-Flash,max,completed,2026-09-22T00:18:07.352Z,2026-09-22T00:18:23.456Z,380569,380480,0,42,,
yelp-glm-lz4-frontier,270,0,GLM-5.3-Flash,max,completed,2026-09-22T00:18:23.521Z,2026-09-22T00:18:28.765Z,380677,380544,0,25,,
yelp-glm-lz4-frontier,271,0,GLM-5.3-Flash,max,completed,2026-09-22T00:20:18.851Z,2026-09-22T00:20:24.451Z,380944,380672,0,42,,
yelp-glm-lz4-frontier,272,0,GLM-5.3-Flash,max,completed,2026-09-22T00:20:24.527Z,2026-09-22T00:20:28.752Z,381052,380928,0,25,,
yelp-glm-lz4-frontier,273,0,GLM-5.3-Flash,max,completed,2026-09-22T00:22:18.815Z,2026-09-22T00:23:24.473Z,381083,380992,0,42,,
yelp-glm-lz4-frontier,274,0,GLM-5.3-Flash,max,completed,2026-09-22T00:23:24.531Z,2026-09-22T00:23:31.027Z,381191,381056,0,25,,
yelp-glm-lz4-frontier,275,0,GLM-5.3-Flash,max,completed,2026-09-22T00:25:21.093Z,2026-09-22T00:25:35.775Z,381222,381184,0,42,,
yelp-glm-lz4-frontier,276,0,GLM-5.3-Flash,max,completed,2026-09-22T00:25:35.832Z,2026-09-22T00:25:40.254Z,381330,381184,0,25,,
yelp-glm-lz4-frontier,277,0,GLM-5.3-Flash,max,completed,2026-09-22T00:27:30.318Z,2026-09-22T00:27:34.952Z,381361,381312,0,42,,
yelp-glm-lz4-frontier,278,0,GLM-5.3-Flash,max,completed,2026-09-22T00:27:35.007Z,2026-09-22T00:27:41.919Z,381469,381312,0,25,,
yelp-glm-lz4-frontier,279,0,GLM-5.3-Flash,max,completed,2026-09-22T00:29:31.980Z,2026-09-22T00:29:37.214Z,381500,381440,0,42,,
yelp-glm-lz4-frontier,280,0,GLM-5.3-Flash,max,completed,2026-09-22T00:29:37.271Z,2026-09-22T00:30:39.076Z,381608,381440,0,389,,
yelp-glm-lz4-frontier,281,0,GLM-5.3-Flash,max,completed,2026-09-22T00:30:39.176Z,2026-09-22T00:30:44.592Z,382297,381568,0,28,,
yelp-glm-lz4-frontier,282,0,GLM-5.3-Flash,max,completed,2026-09-22T00:32:34.660Z,2026-09-22T00:32:40.101Z,382331,382272,0,42,,
yelp-glm-lz4-frontier,283,0,GLM-5.3-Flash,max,completed,2026-09-22T00:32:40.167Z,2026-09-22T00:33:23.729Z,382962,382272,0,1420,,
yelp-glm-lz4-frontier,284,0,GLM-5.3-Flash,max,completed,2026-09-22T00:33:26.713Z,2026-09-22T00:33:40.320Z,384692,382912,0,27,,
yelp-glm-lz4-frontier,285,0,GLM-5.3-Flash,max,completed,2026-09-22T00:35:35.385Z,2026-09-22T00:35:40.736Z,384725,384640,0,42,,
yelp-glm-lz4-frontier,286,0,GLM-5.3-Flash,max,completed,2026-09-22T00:35:40.798Z,2026-09-22T00:35:45.446Z,385188,384704,0,26,,
yelp-glm-lz4-frontier,287,0,GLM-5.3-Flash,max,completed,2026-09-22T00:37:40.512Z,2026-09-22T00:37:45.871Z,385220,385152,0,42,,
yelp-glm-lz4-frontier,288,0,GLM-5.3-Flash,max,completed,2026-09-22T00:37:45.927Z,2026-09-22T00:37:53.446Z,385683,385216,0,26,,
yelp-glm-lz4-frontier,289,0,GLM-5.3-Flash,max,completed,2026-09-22T00:39:48.510Z,2026-09-22T00:40:01.057Z,385715,385664,0,42,,
yelp-glm-lz4-frontier,290,0,GLM-5.3-Flash,max,completed,2026-09-22T00:40:01.117Z,2026-09-22T00:40:29.720Z,386178,385664,0,1044,,
yelp-glm-lz4-frontier,291,0,GLM-5.3-Flash,max,completed,2026-09-22T00:40:29.856Z,2026-09-22T00:41:01.455Z,387465,386176,0,42,,
yelp-glm-lz4-frontier,292,0,GLM-5.3-Flash,max,completed,2026-09-22T00:41:01.521Z,2026-09-22T00:41:10.679Z,387928,387456,0,28,,
yelp-glm-lz4-frontier,293,0,GLM-5.3-Flash,max,completed,2026-09-22T00:43:05.748Z,2026-09-22T00:43:13.146Z,387962,387904,0,26,,
yelp-glm-lz4-frontier,294,0,GLM-5.3-Flash,max,completed,2026-09-22T00:45:08.228Z,2026-09-22T00:45:14.661Z,387994,387904,0,42,,
yelp-glm-lz4-frontier,295,0,GLM-5.3-Flash,max,completed,2026-09-22T00:45:14.730Z,2026-09-22T00:45:20.701Z,388457,387968,0,34,,
yelp-glm-lz4-frontier,296,0,GLM-5.3-Flash,max,completed,2026-09-22T00:47:21.061Z,2026-09-22T00:47:29.390Z,388516,388416,0,42,,
yelp-glm-lz4-frontier,297,0,GLM-5.3-Flash,max,completed,2026-09-22T00:47:29.451Z,2026-09-22T00:47:37.559Z,388979,388480,0,26,,
yelp-glm-lz4-frontier,298,0,GLM-5.3-Flash,max,completed,2026-09-22T00:49:32.628Z,2026-09-22T00:49:40.464Z,389011,388928,0,49,,
yelp-glm-lz4-frontier,299,0,GLM-5.3-Flash,max,completed,2026-09-22T00:49:40.531Z,2026-09-22T00:50:15.004Z,402798,388992,0,1137,,
yelp-glm-lz4-frontier,300,0,GLM-5.3-Flash,max,completed,2026-09-22T00:50:15.131Z,2026-09-22T00:50:20.361Z,403999,402752,0,27,,
yelp-glm-lz4-frontier,301,0,GLM-5.3-Flash,max,completed,2026-09-22T00:52:15.447Z,2026-09-22T00:52:25.699Z,404268,403968,0,257,,
yelp-glm-lz4-frontier,302,0,GLM-5.3-Flash,max,completed,2026-09-22T00:52:25.815Z,2026-09-22T00:52:30.644Z,404969,404224,0,27,,
yelp-glm-lz4-frontier,303,0,GLM-5.3-Flash,max,completed,2026-09-22T00:54:25.720Z,2026-09-22T00:54:34.936Z,405002,404928,0,40,,
yelp-glm-lz4-frontier,304,0,GLM-5.3-Flash,max,completed,2026-09-22T00:54:35.006Z,2026-09-22T00:54:40.465Z,405106,404992,0,27,,
yelp-glm-lz4-frontier,305,0,GLM-5.3-Flash,max,completed,2026-09-22T00:56:35.554Z,2026-09-22T00:57:07.722Z,405139,405056,0,40,,
yelp-glm-lz4-frontier,306,0,GLM-5.3-Flash,max,completed,2026-09-22T00:57:07.797Z,2026-09-22T00:57:22.341Z,405243,405120,0,27,,
yelp-glm-lz4-frontier,307,0,GLM-5.3-Flash,max,completed,2026-09-22T00:59:17.419Z,2026-09-22T00:59:30.055Z,405276,405184,0,40,,
yelp-glm-lz4-frontier,308,0,GLM-5.3-Flash,max,completed,2026-09-22T00:59:30.119Z,2026-09-22T01:00:21.462Z,405900,405248,0,270,,
yelp-glm-lz4-frontier,309,0,GLM-5.3-Flash,max,completed,2026-09-22T01:00:22.339Z,2026-09-22T01:00:35.000Z,406478,405888,0,62,,
yelp-glm-lz4-frontier,310,0,GLM-5.3-Flash,max,completed,2026-09-22T01:00:35.334Z,2026-09-22T01:00:45.872Z,406736,406464,0,112,,
yelp-glm-lz4-frontier,311,0,GLM-5.3-Flash,max,completed,2026-09-22T01:00:46.170Z,2026-09-22T01:00:52.630Z,407042,406720,0,28,,
yelp-glm-lz4-frontier,312,0,GLM-5.3-Flash,max,completed,2026-09-22T01:02:47.721Z,2026-09-22T01:02:57.137Z,407306,407040,0,41,,
yelp-glm-lz4-frontier,313,0,GLM-5.3-Flash,max,completed,2026-09-22T01:02:57.308Z,2026-09-22T01:03:01.818Z,407767,407296,0,28,,
yelp-glm-lz4-frontier,314,0,GLM-5.3-Flash,max,completed,2026-09-22T01:04:56.897Z,2026-09-22T01:05:02.654Z,407801,407744,0,28,,
yelp-glm-lz4-frontier,315,0,GLM-5.3-Flash,max,completed,2026-09-22T01:06:57.724Z,2026-09-22T01:07:03.693Z,407835,407744,0,41,,
yelp-glm-lz4-frontier,316,0,GLM-5.3-Flash,max,completed,2026-09-22T01:07:03.765Z,2026-09-22T01:07:08.402Z,408296,407808,0,28,,
yelp-glm-lz4-frontier,317,0,GLM-5.3-Flash,max,completed,2026-09-22T01:09:03.497Z,2026-09-22T01:09:15.174Z,408330,408256,0,28,,
yelp-glm-lz4-frontier,318,0,GLM-5.3-Flash,max,completed,2026-09-22T01:11:10.248Z,2026-09-22T01:11:17.034Z,408364,408320,0,41,,
yelp-glm-lz4-frontier,319,0,GLM-5.3-Flash,max,completed,2026-09-22T01:11:17.098Z,2026-09-22T01:12:15.621Z,418243,408320,0,2308,,
yelp-glm-lz4-frontier,320,0,GLM-5.3-Flash,max,completed,2026-09-22T01:12:15.846Z,2026-09-22T01:12:33.022Z,420558,418240,0,711,,
yelp-glm-lz4-frontier,321,0,GLM-5.3-Flash,max,completed,2026-09-22T01:12:33.167Z,2026-09-22T01:13:11.132Z,421275,420544,0,1480,,
yelp-glm-lz4-frontier,322,0,GLM-5.3-Flash,max,completed,2026-09-22T01:13:11.316Z,2026-09-22T01:13:21.779Z,422992,421248,0,230,,
yelp-glm-lz4-frontier,323,0,GLM-5.3-Flash,max,completed,2026-09-22T01:13:21.864Z,2026-09-22T01:13:35.298Z,423244,422976,0,417,,
yelp-glm-lz4-frontier,324,0,GLM-5.3-Flash,max,completed,2026-09-22T01:13:35.390Z,2026-09-22T01:13:57.208Z,423683,423232,0,352,,
yelp-glm-lz4-frontier,325,0,GLM-5.3-Flash,max,completed,2026-09-22T01:13:57.302Z,2026-09-22T01:14:08.867Z,424139,423680,0,247,,
openstack-astra-standard,1,0,gpt-6-astra,ultra,settled,2026-09-20T23:19:24.924Z,2026-09-20T23:19:34.677Z,11246,0,11243,128,0,146967500
openstack-astra-standard,2,0,gpt-6-astra,ultra,settled,2026-09-20T23:19:36.573Z,2026-09-20T23:19:38.816Z,11403,11243,157,34,0,14935500
openstack-astra-standard,3,0,gpt-6-astra,ultra,settled,2026-09-20T23:19:40.388Z,2026-09-20T23:19:42.796Z,11453,11400,50,30,13,13555000
openstack-astra-standard,4,0,gpt-6-astra,ultra,settled,2026-09-20T23:19:43.360Z,2026-09-20T23:19:45.247Z,11508,11450,55,33,0,13817500
openstack-astra-standard,5,0,gpt-6-astra,ultra,settled,2026-09-20T23:19:46.795Z,2026-09-20T23:19:49.021Z,11557,11505,49,65,16,15397500
openstack-astra-standard,6,0,gpt-6-astra,ultra,settled,2026-09-20T23:19:49.550Z,2026-09-20T23:19:51.224Z,11720,11554,163,40,0,15621500
openstack-astra-standard,7,0,gpt-6-astra,ultra,settled,2026-09-20T23:19:51.746Z,2026-09-20T23:19:55.057Z,11834,11717,114,38,0,15072000
openstack-astra-standard,8,0,gpt-6-astra,ultra,settled,2026-09-20T23:19:56.023Z,2026-09-20T23:19:58.312Z,13288,11831,1454,44,26,32236000
openstack-astra-standard,9,0,gpt-6-astra,ultra,settled,2026-09-20T23:19:58.768Z,2026-09-20T23:20:00.146Z,13356,13285,68,17,0,15015000
openstack-astra-standard,10,0,gpt-6-astra,ultra,settled,2026-09-20T23:20:00.840Z,2026-09-20T23:20:02.668Z,13397,13353,41,33,0,15545500
openstack-astra-standard,11,0,gpt-6-astra,ultra,settled,2026-09-20T23:20:04.422Z,2026-09-20T23:20:05.863Z,13459,13394,62,18,0,15099000
openstack-astra-standard,12,0,gpt-6-astra,ultra,settled,2026-09-20T23:20:06.376Z,2026-09-20T23:20:08.653Z,13568,13456,109,74,0,18548500
openstack-astra-standard,13,0,gpt-6-astra,ultra,settled,2026-09-20T23:20:09.160Z,2026-09-20T23:20:11.418Z,15018,13565,1450,74,0,35420000
openstack-astra-standard,14,0,gpt-6-astra,ultra,settled,2026-09-20T23:20:11.974Z,2026-09-20T23:20:14.377Z,15796,15015,778,58,0,27670000
openstack-astra-standard,15,0,gpt-6-astra,ultra,settled,2026-09-20T23:20:14.956Z,2026-09-20T23:20:16.996Z,19789,15793,3993,46,0,68035500
openstack-astra-standard,16,0,gpt-6-astra,ultra,settled,2026-09-20T23:20:18.119Z,2026-09-20T23:20:21.834Z,20647,19786,858,99,0,35491000
openstack-astra-standard,17,1,gpt-6-astra,ultra,settled,2026-09-20T23:20:22.446Z,2026-09-20T23:20:27.057Z,11127,0,10362,44,0,139375000
openstack-astra-standard,18,0,gpt-6-astra,ultra,settled,2026-09-20T23:20:22.493Z,2026-09-20T23:20:25.248Z,20767,20644,120,86,0,26474000
openstack-astra-standard,19,0,gpt-6-astra,ultra,settled,2026-09-20T23:20:25.845Z,2026-09-20T23:20:39.116Z,29146,20764,8379,418,167,146431500
openstack-astra-standard,20,1,gpt-6-astra,ultra,settled,2026-09-20T23:20:27.586Z,2026-09-20T23:20:30.185Z,11830,10362,1465,60,0,31704500
openstack-astra-standard,21,1,gpt-6-astra,ultra,settled,2026-09-20T23:20:31.811Z,2026-09-20T23:20:33.609Z,11919,11827,89,40,0,14969500
openstack-astra-standard,22,1,gpt-6-astra,ultra,settled,2026-09-20T23:20:34.600Z,2026-09-20T23:20:36.730Z,12028,11916,109,59,0,16258500
openstack-astra-standard,23,1,gpt-6-astra,ultra,settled,2026-09-20T23:20:38.345Z,2026-09-20T23:20:40.881Z,12116,12025,88,88,15,17555000
openstack-astra-standard,24,0,gpt-6-astra,ultra,settled,2026-09-20T23:20:39.698Z,2026-09-20T23:20:48.730Z,29718,29143,572,221,0,47373000
openstack-astra-standard,25,1,gpt-6-astra,ultra,settled,2026-09-20T23:20:42.326Z,2026-09-20T23:20:44.157Z,13199,12113,1083,43,0,27830500
openstack-astra-standard,26,1,gpt-6-astra,ultra,settled,2026-09-20T23:20:44.727Z,2026-09-20T23:20:46.998Z,16378,13196,3179,63,0,56113500
openstack-astra-standard,27,1,gpt-6-astra,ultra,settled,2026-09-20T23:20:47.534Z,2026-09-20T23:20:53.274Z,19487,16375,3109,169,71,63717500
openstack-astra-standard,28,0,gpt-6-astra,ultra,settled,2026-09-20T23:20:49.273Z,2026-09-20T23:21:02.099Z,29959,29715,241,509,302,58207500
openstack-astra-standard,29,2,gpt-6-astra,ultra,settled,2026-09-20T23:20:49.412Z,2026-09-20T23:20:52.124Z,11247,10362,0,78,0,23112000
openstack-astra-standard,30,2,gpt-6-astra,ultra,settled,2026-09-20T23:20:52.682Z,2026-09-20T23:20:55.349Z,11391,10362,1026,83,0,27367000
openstack-astra-standard,31,1,gpt-6-astra,ultra,settled,2026-09-20T23:20:53.714Z,2026-09-20T23:21:10.707Z,19668,19484,0,788,0,60724000
openstack-astra-standard,32,2,gpt-6-astra,ultra,settled,2026-09-20T23:20:55.936Z,2026-09-20T23:20:58.696Z,11551,11388,160,77,0,17268000
openstack-astra-standard,33,2,gpt-6-astra,ultra,settled,2026-09-20T23:21:00.897Z,2026-09-20T23:21:04.648Z,11657,11548,106,39,0,14853000
openstack-astra-standard,34,0,gpt-6-astra,ultra,settled,2026-09-20T23:21:02.966Z,2026-09-20T23:21:07.293Z,30369,29956,0,155,0,41836000
openstack-astra-standard,35,2,gpt-6-astra,ultra,settled,2026-09-20T23:21:05.739Z,2026-09-20T23:21:08.481Z,12779,11654,1122,64,0,28909000
openstack-astra-standard,36,0,gpt-6-astra,ultra,settled,2026-09-20T23:21:07.903Z,2026-09-20T23:22:03.195Z,31928,29956,1969,3042,415,206698500
openstack-astra-standard,37,2,gpt-6-astra,ultra,settled,2026-09-20T23:21:10.099Z,2026-09-20T23:21:12.318Z,12872,12776,93,59,13,16918500
openstack-astra-standard,38,1,gpt-6-astra,ultra,settled,2026-09-20T23:21:11.362Z,2026-09-20T23:21:13.909Z,20852,19484,1365,85,9,40826500
openstack-astra-standard,39,2,gpt-6-astra,ultra,settled,2026-09-20T23:21:12.860Z,2026-09-20T23:21:14.800Z,13056,12869,184,55,0,17949000
openstack-astra-standard,40,2,gpt-6-astra,ultra,settled,2026-09-20T23:21:15.327Z,2026-09-20T23:21:37.193Z,22610,13053,9554,613,516,163158000
openstack-astra-standard,41,1,gpt-6-astra,ultra,settled,2026-09-20T23:21:15.647Z,2026-09-20T23:21:20.602Z,21014,20849,162,56,39,25704000
openstack-astra-standard,42,1,gpt-6-astra,ultra,settled,2026-09-20T23:21:21.119Z,2026-09-20T23:21:28.087Z,21123,21011,109,79,12,26353500
openstack-astra-standard,43,1,gpt-6-astra,ultra,settled,2026-09-20T23:21:28.608Z,2026-09-20T23:21:32.039Z,21214,21120,0,65,0,25310000
openstack-astra-standard,44,1,gpt-6-astra,ultra,settled,2026-09-20T23:21:32.828Z,2026-09-20T23:21:36.840Z,21748,21120,625,153,0,36612500
openstack-astra-standard,45,1,gpt-6-astra,ultra,settled,2026-09-20T23:21:37.537Z,2026-09-20T23:21:42.737Z,24426,21745,2678,194,0,64950000
openstack-astra-standard,46,2,gpt-6-astra,ultra,settled,2026-09-20T23:21:37.681Z,2026-09-20T23:21:41.566Z,23204,22607,0,97,0,33427000
openstack-astra-standard,47,2,gpt-6-astra,ultra,settled,2026-09-20T23:21:42.081Z,2026-09-20T23:21:59.899Z,23313,22607,0,608,516,60067000
openstack-astra-standard,48,1,gpt-6-astra,ultra,settled,2026-09-20T23:21:43.204Z,2026-09-20T23:21:48.027Z,24632,24423,0,149,0,33963000
openstack-astra-standard,49,1,gpt-6-astra,ultra,settled,2026-09-20T23:21:48.567Z,2026-09-20T23:21:53.591Z,24793,24423,0,124,81,34323000
openstack-astra-standard,50,1,gpt-6-astra,ultra,settled,2026-09-20T23:21:54.223Z,2026-09-20T23:21:55.999Z,25033,24423,607,34,0,33740500
openstack-astra-standard,51,1,gpt-6-astra,ultra,settled,2026-09-20T23:21:56.574Z,2026-09-20T23:22:19.298Z,29746,25030,4713,875,273,127722500
openstack-astra-standard,52,2,gpt-6-astra,ultra,settled,2026-09-20T23:22:01.168Z,2026-09-20T23:22:58.896Z,23991,22607,0,2979,455,185397000
openstack-astra-standard,53,0,gpt-6-astra,ultra,settled,2026-09-20T23:22:03.842Z,2026-09-20T23:22:08.574Z,32654,31925,0,125,0,45465000
openstack-astra-standard,54,0,gpt-6-astra,ultra,settled,2026-09-20T23:22:09.117Z,2026-09-20T23:22:53.977Z,32791,31925,0,2820,0,181585000
openstack-astra-standard,55,1,gpt-6-astra,ultra,settled,2026-09-20T23:22:20.977Z,2026-09-20T23:22:29.720Z,31160,29743,1414,39,0,49398000
openstack-astra-standard,56,1,gpt-6-astra,ultra,settled,2026-09-20T23:22:30.281Z,2026-09-20T23:22:38.140Z,31839,31157,679,240,78,51674500
openstack-astra-standard,57,1,gpt-6-astra,ultra,settled,2026-09-20T23:22:38.701Z,2026-09-20T23:22:42.310Z,32091,31836,0,118,0,40286000
openstack-astra-standard,58,1,gpt-6-astra,ultra,settled,2026-09-20T23:22:43.520Z,2026-09-20T23:23:09.253Z,32221,31836,0,1018,14,86586000
openstack-astra-standard,59,0,gpt-6-astra,ultra,settled,2026-09-20T23:22:54.763Z,2026-09-20T23:22:56.875Z,35838,31925,3740,34,0,82105000
openstack-astra-standard,60,0,gpt-6-astra,ultra,settled,2026-09-20T23:22:57.392Z,2026-09-20T23:23:02.196Z,35972,35665,304,168,58,47895000
openstack-astra-standard,61,2,gpt-6-astra,ultra,settled,2026-09-20T23:22:59.377Z,2026-09-20T23:23:44.577Z,24711,22607,0,2718,0,179547000
openstack-astra-standard,62,0,gpt-6-astra,ultra,settled,2026-09-20T23:23:03.447Z,2026-09-20T23:23:05.645Z,36152,35969,0,69,0,41249000
openstack-astra-standard,63,0,gpt-6-astra,ultra,settled,2026-09-20T23:23:06.329Z,2026-09-20T23:23:12.674Z,36418,35969,446,187,24,50924000
openstack-astra-standard,64,1,gpt-6-astra,ultra,settled,2026-09-20T23:23:09.792Z,2026-09-20T23:23:18.013Z,32356,31836,0,203,169,47186000
openstack-astra-standard,65,0,gpt-6-astra,ultra,settled,2026-09-20T23:23:13.444Z,2026-09-20T23:23:16.149Z,36739,36415,321,80,0,44457500
openstack-astra-standard,66,0,gpt-6-astra,ultra,settled,2026-09-20T23:23:17.892Z,2026-09-20T23:23:22.306Z,36831,36736,0,160,32,45686000
openstack-astra-standard,67,1,gpt-6-astra,ultra,settled,2026-09-20T23:23:18.834Z,2026-09-20T23:23:42.993Z,33968,31836,2129,1413,0,129128500
openstack-astra-standard,68,0,gpt-6-astra,ultra,settled,2026-09-20T23:23:22.956Z,2026-09-20T23:23:36.579Z,39756,36736,3017,476,372,98278500
openstack-astra-standard,69,0,gpt-6-astra,ultra,settled,2026-09-20T23:23:38.132Z,2026-09-20T23:23:45.150Z,40289,39753,533,235,0,58195500
openstack-astra-standard,70,1,gpt-6-astra,ultra,settled,2026-09-20T23:23:45.140Z,2026-09-20T23:23:49.261Z,35440,33965,1472,116,0,58195000
openstack-astra-standard,71,2,gpt-6-astra,ultra,settled,2026-09-20T23:23:45.217Z,2026-09-20T23:23:48.124Z,27610,22607,4911,86,18,89214500
openstack-astra-standard,72,3,gpt-6-astra,ultra,settled,2026-09-20T23:23:45.645Z,2026-09-20T23:23:47.850Z,11264,10362,0,42,0,21482000
openstack-astra-standard,73,0,gpt-6-astra,ultra,settled,2026-09-20T23:23:46.057Z,2026-09-20T23:23:51.794Z,40546,40286,257,160,46,51528500
openstack-astra-standard,74,3,gpt-6-astra,ultra,settled,2026-09-20T23:23:48.375Z,2026-09-20T23:23:55.404Z,12147,10362,1782,178,0,41567000
openstack-astra-standard,75,2,gpt-6-astra,ultra,settled,2026-09-20T23:23:48.668Z,2026-09-20T23:23:51.381Z,27950,27518,429,40,0,34910500
openstack-astra-standard,76,1,gpt-6-astra,ultra,settled,2026-09-20T23:23:49.783Z,2026-09-20T23:24:25.629Z,35568,35437,0,1596,12,116547000
openstack-astra-standard,77,2,gpt-6-astra,ultra,settled,2026-09-20T23:23:51.929Z,2026-09-20T23:23:59.114Z,29492,27947,1542,310,0,62752000
openstack-astra-standard,78,0,gpt-6-astra,ultra,settled,2026-09-20T23:23:52.402Z,2026-09-20T23:23:54.904Z,40720,40543,0,73,0,45963000
openstack-astra-standard,79,3,gpt-6-astra,ultra,settled,2026-09-20T23:23:56.038Z,2026-09-20T23:24:00.883Z,12986,12144,839,107,0,28011500
openstack-astra-standard,80,0,gpt-6-astra,ultra,settled,2026-09-20T23:23:56.189Z,2026-09-20T23:24:04.650Z,41190,40543,644,361,121,66673000
openstack-astra-standard,81,3,gpt-6-astra,ultra,settled,2026-09-20T23:24:01.447Z,2026-09-20T23:24:33.651Z,25665,12983,12679,1900,140,266500500
openstack-astra-standard,82,2,gpt-6-astra,ultra,settled,2026-09-20T23:24:02.345Z,2026-09-20T23:24:24.407Z,30264,29489,772,645,516,71419000
openstack-astra-standard,83,0,gpt-6-astra,ultra,settled,2026-09-20T23:24:05.871Z,2026-09-20T23:24:09.372Z,41679,41187,489,104,14,52529500
openstack-astra-standard,84,0,gpt-6-astra,ultra,settled,2026-09-20T23:24:09.906Z,2026-09-20T23:24:28.949Z,41795,41676,0,1229,86,104316000
openstack-astra-standard,85,2,gpt-6-astra,ultra,settled,2026-09-20T23:24:24.890Z,2026-09-20T23:24:32.060Z,30879,30261,0,135,19,43191000
openstack-astra-standard,86,1,gpt-6-astra,ultra,settled,2026-09-20T23:24:26.248Z,2026-09-20T23:24:31.252Z,37220,35437,1780,107,65,63067000
openstack-astra-standard,87,0,gpt-6-astra,ultra,settled,2026-09-20T23:24:30.825Z,2026-09-20T23:24:35.488Z,43295,41676,1616,177,56,70756000
openstack-astra-standard,88,1,gpt-6-astra,ultra,settled,2026-09-20T23:24:31.831Z,2026-09-20T23:24:34.809Z,37631,37217,411,69,0,45834500
openstack-astra-standard,89,2,gpt-6-astra,ultra,settled,2026-09-20T23:24:32.603Z,2026-09-20T23:24:38.079Z,31026,30261,0,146,29,45211000
openstack-astra-standard,90,3,gpt-6-astra,ultra,settled,2026-09-20T23:24:34.328Z,2026-09-20T23:24:45.024Z,30116,25662,4451,544,53,108529500
openstack-astra-standard,91,1,gpt-6-astra,ultra,settled,2026-09-20T23:24:35.640Z,2026-09-20T23:24:40.662Z,39971,37628,2340,141,83,73958000
openstack-astra-standard,92,0,gpt-6-astra,ultra,settled,2026-09-20T23:24:36.057Z,2026-09-20T23:24:39.271Z,43475,43292,0,128,0,51522000
openstack-astra-standard,93,2,gpt-6-astra,ultra,settled,2026-09-20T23:24:38.594Z,2026-09-20T23:24:45.943Z,31184,30261,0,336,0,56291000
openstack-astra-standard,94,0,gpt-6-astra,ultra,settled,2026-09-20T23:24:41.002Z,2026-09-20T23:24:45.073Z,43784,43292,366,161,0,57177000
openstack-astra-standard,95,1,gpt-6-astra,ultra,settled,2026-09-20T23:24:41.504Z,2026-09-20T23:25:00.253Z,42049,39968,2078,514,380,91673000
openstack-astra-standard,96,3,gpt-6-astra,ultra,settled,2026-09-20T23:24:46.684Z,2026-09-20T23:24:58.451Z,30717,30113,601,119,0,43605500
openstack-astra-standard,97,2,gpt-6-astra,ultra,settled,2026-09-20T23:24:49.283Z,2026-09-20T23:25:17.768Z,31718,30261,1454,400,38,68466000
openstack-astra-standard,98,0,gpt-6-astra,ultra,settled,2026-09-20T23:24:50.663Z,2026-09-20T23:24:55.327Z,44538,43658,877,132,0,61250500
openstack-astra-standard,99,0,gpt-6-astra,ultra,settled,2026-09-20T23:24:55.945Z,2026-09-20T23:24:59.867Z,44682,44535,0,153,63,53655000
openstack-astra-standard,100,3,gpt-6-astra,ultra,settled,2026-09-20T23:24:58.913Z,2026-09-20T23:25:14.479Z,30848,30714,0,690,0,66554000
openstack-astra-standard,101,0,gpt-6-astra,ultra,settled,2026-09-20T23:25:00.458Z,2026-09-20T23:25:02.413Z,44878,44535,0,64,0,51165000
openstack-astra-standard,102,1,gpt-6-astra,ultra,settled,2026-09-20T23:25:00.899Z,2026-09-20T23:25:11.833Z,42575,42046,0,232,150,58936000
openstack-astra-standard,103,0,gpt-6-astra,ultra,settled,2026-09-20T23:25:03.018Z,2026-09-20T23:25:07.755Z,45372,44535,692,162,69,62735000
openstack-astra-standard,104,0,gpt-6-astra,ultra,settled,2026-09-20T23:25:08.652Z,2026-09-20T23:25:20.238Z,47738,45227,2508,304,192,91807000
openstack-astra-standard,105,1,gpt-6-astra,ultra,settled,2026-09-20T23:25:12.464Z,2026-09-20T23:25:23.937Z,42819,42046,0,293,167,64426000
openstack-astra-standard,106,3,gpt-6-astra,ultra,settled,2026-09-20T23:25:16.234Z,2026-09-20T23:25:36.776Z,31741,30714,1024,537,361,70394000
openstack-astra-standard,107,2,gpt-6-astra,ultra,settled,2026-09-20T23:25:18.384Z,2026-09-20T23:26:16.903Z,31899,31715,0,3185,516,192805000
openstack-astra-standard,108,0,gpt-6-astra,ultra,settled,2026-09-20T23:25:20.801Z,2026-09-20T23:25:25.494Z,48022,47735,0,113,0,56255000
openstack-astra-standard,109,1,gpt-6-astra,ultra,settled,2026-09-20T23:25:24.614Z,2026-09-20T23:25:30.452Z,43125,42046,0,114,71,58536000
openstack-astra-standard,110,0,gpt-6-astra,ultra,settled,2026-09-20T23:25:26.162Z,2026-09-20T23:25:30.989Z,48359,47735,487,156,0,62992500
openstack-astra-standard,111,1,gpt-6-astra,ultra,settled,2026-09-20T23:25:31.071Z,2026-09-20T23:25:47.089Z,43964,42046,1915,480,316,90013500
openstack-astra-standard,112,0,gpt-6-astra,ultra,settled,2026-09-20T23:25:31.661Z,2026-09-20T23:25:49.916Z,48527,48222,0,865,275,94522000
openstack-astra-standard,113,3,gpt-6-astra,ultra,settled,2026-09-20T23:25:42.276Z,2026-09-20T23:26:31.598Z,32801,31738,1060,2827,349,186368000
openstack-astra-standard,114,1,gpt-6-astra,ultra,settled,2026-09-20T23:25:48.378Z,2026-09-20T23:25:51.411Z,44449,43961,0,73,7,52491000
openstack-astra-standard,115,1,gpt-6-astra,ultra,settled,2026-09-20T23:25:52.196Z,2026-09-20T23:26:36.315Z,46934,43961,2970,1877,827,174966000
openstack-astra-standard,116,0,gpt-6-astra,ultra,settled,2026-09-20T23:25:53.656Z,2026-09-20T23:25:57.273Z,49859,48222,1634,102,29,73777000
openstack-astra-standard,117,0,gpt-6-astra,ultra,settled,2026-09-20T23:25:57.949Z,2026-09-20T23:26:00.185Z,49973,49856,0,52,0,53626000
openstack-astra-standard,118,0,gpt-6-astra,ultra,settled,2026-09-20T23:26:00.801Z,2026-09-20T23:26:04.128Z,50037,49856,0,84,0,55866000
openstack-astra-standard,119,0,gpt-6-astra,ultra,settled,2026-09-20T23:26:06.365Z,2026-09-20T23:26:10.803Z,50556,49856,697,111,21,64148500
openstack-astra-standard,120,0,gpt-6-astra,ultra,settled,2026-09-20T23:26:11.432Z,2026-09-20T23:26:26.460Z,50679,50553,0,537,372,78663000
openstack-astra-standard,121,2,gpt-6-astra,ultra,settled,2026-09-20T23:26:17.448Z,2026-09-20T23:26:56.699Z,32514,31715,0,2473,0,163355000
openstack-astra-standard,122,0,gpt-6-astra,ultra,settled,2026-09-20T23:26:27.206Z,2026-09-20T23:27:06.851Z,51342,50553,786,2465,514,183658000
openstack-astra-standard,123,3,gpt-6-astra,ultra,settled,2026-09-20T23:26:32.094Z,2026-09-20T23:27:11.250Z,33216,32798,0,2622,0,168078000
openstack-astra-standard,124,1,gpt-6-astra,ultra,settled,2026-09-20T23:26:36.936Z,2026-09-20T23:26:55.265Z,47534,46931,0,862,18,96061000
openstack-astra-standard,125,1,gpt-6-astra,ultra,settled,2026-09-20T23:26:56.006Z,2026-09-20T23:26:58.456Z,48453,46931,1519,53,13,68598500
openstack-astra-standard,126,2,gpt-6-astra,ultra,settled,2026-09-20T23:26:58.439Z,2026-09-20T23:27:16.336Z,35045,31715,3327,759,263,111282500
openstack-astra-standard,127,1,gpt-6-astra,ultra,settled,2026-09-20T23:26:59.186Z,2026-09-20T23:27:09.654Z,48876,48450,423,509,77,79217500
openstack-astra-standard,128,0,gpt-6-astra,ultra,settled,2026-09-20T23:27:08.860Z,2026-09-20T23:27:13.004Z,53866,51339,2524,115,49,88669000
openstack-astra-standard,129,1,gpt-6-astra,ultra,settled,2026-09-20T23:27:11.463Z,2026-09-20T23:27:16.600Z,49442,48873,566,110,16,61478000
openstack-astra-standard,130,3,gpt-6-astra,ultra,settled,2026-09-20T23:27:13.035Z,2026-09-20T23:27:20.937Z,35963,32798,3162,224,112,83553000
openstack-astra-standard,131,0,gpt-6-astra,ultra,settled,2026-09-20T23:27:13.787Z,2026-09-20T23:27:23.867Z,54451,53863,585,271,158,74755500
openstack-astra-standard,132,1,gpt-6-astra,ultra,settled,2026-09-20T23:27:17.283Z,2026-09-20T23:27:29.599Z,49564,49439,0,294,253,65389000
openstack-astra-standard,133,2,gpt-6-astra,ultra,settled,2026-09-20T23:27:19.356Z,2026-09-20T23:27:32.184Z,36018,35042,973,409,369,67684500
openstack-astra-standard,134,3,gpt-6-astra,ultra,settled,2026-09-20T23:27:21.508Z,2026-09-20T23:27:36.162Z,36199,35960,0,799,0,78300000
openstack-astra-standard,135,0,gpt-6-astra,ultra,settled,2026-09-20T23:27:24.631Z,2026-09-20T23:27:32.406Z,54835,54448,0,408,9,78718000
openstack-astra-standard,136,1,gpt-6-astra,ultra,settled,2026-09-20T23:27:30.847Z,2026-09-20T23:27:43.179Z,50652,49439,1210,340,128,81594000
openstack-astra-standard,137,2,gpt-6-astra,ultra,settled,2026-09-20T23:27:32.811Z,2026-09-20T23:27:56.572Z,37313,36015,1295,1404,75,122432500
openstack-astra-standard,138,0,gpt-6-astra,ultra,settled,2026-09-20T23:27:33.256Z,2026-09-20T23:27:45.976Z,55376,54448,925,416,264,86840500
openstack-astra-standard,139,3,gpt-6-astra,ultra,settled,2026-09-20T23:27:37.943Z,2026-09-20T23:27:58.162Z,37314,35960,1351,608,516,83277500
openstack-astra-standard,140,1,gpt-6-astra,ultra,settled,2026-09-20T23:27:43.849Z,2026-09-20T23:27:50.616Z,51004,50649,0,142,105,61299000
openstack-astra-standard,141,0,gpt-6-astra,ultra,settled,2026-09-20T23:27:46.566Z,2026-09-20T23:27:52.785Z,55862,55373,0,171,58,68813000
openstack-astra-standard,142,1,gpt-6-astra,ultra,settled,2026-09-20T23:27:51.333Z,2026-09-20T23:28:18.825Z,51574,50649,922,1065,114,115454000
openstack-astra-standard,143,0,gpt-6-astra,ultra,settled,2026-09-20T23:27:53.437Z,2026-09-20T23:28:05.130Z,56045,55373,0,411,334,82643000
openstack-astra-standard,144,2,gpt-6-astra,ultra,settled,2026-09-20T23:27:57.184Z,2026-09-20T23:28:19.780Z,37510,37310,0,352,0,56910000
openstack-astra-standard,145,3,gpt-6-astra,ultra,settled,2026-09-20T23:28:03.739Z,2026-09-20T23:28:14.528Z,38432,37311,1118,159,22,59266000
openstack-astra-standard,146,0,gpt-6-astra,ultra,settled,2026-09-20T23:28:05.937Z,2026-09-20T23:28:27.556Z,56950,55373,1574,719,577,111028000
openstack-astra-standard,147,3,gpt-6-astra,ultra,settled,2026-09-20T23:28:15.102Z,2026-09-20T23:28:46.711Z,38603,38429,0,1544,484,117369000
openstack-astra-standard,148,1,gpt-6-astra,ultra,settled,2026-09-20T23:28:20.838Z,2026-09-20T23:28:47.771Z,52697,51571,1123,1015,497,116388500
openstack-astra-standard,149,2,gpt-6-astra,ultra,settled,2026-09-20T23:28:20.868Z,2026-09-20T23:28:47.268Z,38121,37310,808,1562,229,125540000
openstack-astra-standard,150,0,gpt-6-astra,ultra,settled,2026-09-20T23:28:28.253Z,2026-09-20T23:28:35.278Z,57615,56947,0,225,39,74877000
openstack-astra-standard,151,0,gpt-6-astra,ultra,settled,2026-09-20T23:28:36.089Z,2026-09-20T23:28:43.886Z,57852,56947,0,296,63,80797000
openstack-astra-standard,152,0,gpt-6-astra,ultra,settled,2026-09-20T23:28:45.171Z,2026-09-20T23:29:09.986Z,58352,56947,1402,993,830,124152000
openstack-astra-standard,153,3,gpt-6-astra,ultra,settled,2026-09-20T23:28:47.207Z,2026-09-20T23:29:16.423Z,39285,38429,0,625,516,78239000
openstack-astra-standard,154,1,gpt-6-astra,ultra,settled,2026-09-20T23:28:49.565Z,2026-09-20T23:28:58.400Z,53805,52694,1108,128,14,72974000
openstack-astra-standard,155,2,gpt-6-astra,ultra,settled,2026-09-20T23:28:49.818Z,2026-09-20T23:29:16.044Z,39847,38118,1726,682,516,93823000
openstack-astra-standard,156,1,gpt-6-astra,ultra,settled,2026-09-20T23:28:59.292Z,2026-09-20T23:29:05.782Z,53945,53802,0,159,91,63182000
openstack-astra-standard,157,1,gpt-6-astra,ultra,settled,2026-09-20T23:29:06.419Z,2026-09-20T23:29:11.926Z,54535,53802,730,134,28,69657000
openstack-astra-standard,158,0,gpt-6-astra,ultra,settled,2026-09-20T23:29:10.675Z,2026-09-20T23:29:25.092Z,58992,58349,0,460,294,87779000
openstack-astra-standard,159,1,gpt-6-astra,ultra,settled,2026-09-20T23:29:12.586Z,2026-09-20T23:29:22.466Z,54681,54532,0,517,67,81872000
openstack-astra-standard,160,2,gpt-6-astra,ultra,settled,2026-09-20T23:29:16.624Z,2026-09-20T23:29:35.074Z,40541,39844,0,579,484,75764000
openstack-astra-standard,161,3,gpt-6-astra,ultra,settled,2026-09-20T23:29:17.064Z,2026-09-20T23:29:23.877Z,39922,38429,0,232,0,64959000
openstack-astra-standard,162,1,gpt-6-astra,ultra,settled,2026-09-20T23:29:24.349Z,2026-09-20T23:29:30.363Z,55256,54532,721,181,109,72624500
openstack-astra-standard,163,3,gpt-6-astra,ultra,settled,2026-09-20T23:29:24.584Z,2026-09-20T23:30:39.208Z,40427,38429,1995,4422,516,284496500
openstack-astra-standard,164,0,gpt-6-astra,ultra,settled,2026-09-20T23:29:25.727Z,2026-09-20T23:29:42.303Z,59693,58349,0,1170,19,130289000
openstack-astra-standard,165,1,gpt-6-astra,ultra,settled,2026-09-20T23:29:31.135Z,2026-09-20T23:29:35.555Z,55600,55253,344,139,0,66533000
openstack-astra-standard,166,2,gpt-6-astra,ultra,settled,2026-09-20T23:29:35.610Z,2026-09-20T23:29:49.666Z,41132,39844,0,553,0,80374000
openstack-astra-standard,167,1,gpt-6-astra,ultra,settled,2026-09-20T23:29:36.811Z,2026-09-20T23:29:57.545Z,55751,55597,0,834,90,98837000
openstack-astra-standard,168,0,gpt-6-astra,ultra,settled,2026-09-20T23:29:43.062Z,2026-09-20T23:29:57.457Z,59964,58349,0,222,0,85599000
openstack-astra-standard,169,2,gpt-6-astra,ultra,settled,2026-09-20T23:29:54.091Z,2026-09-20T23:29:58.349Z,42040,39844,2193,129,33,73736500
openstack-astra-standard,170,1,gpt-6-astra,ultra,settled,2026-09-20T23:29:58.625Z,2026-09-20T23:30:11.959Z,56641,55597,1041,351,152,86189500
openstack-astra-standard,171,0,gpt-6-astra,ultra,settled,2026-09-20T23:29:58.712Z,2026-09-20T23:30:03.191Z,60342,58349,1990,109,0,88704000
openstack-astra-standard,172,2,gpt-6-astra,ultra,settled,2026-09-20T23:29:58.929Z,2026-09-20T23:30:26.234Z,42181,42037,0,1201,14,103527000
openstack-astra-standard,173,0,gpt-6-astra,ultra,settled,2026-09-20T23:30:04.643Z,2026-09-20T23:30:26.258Z,60565,60339,0,1316,238,128399000
openstack-astra-standard,174,0,gpt-6-astra,ultra,settled,2026-09-20T23:30:26.974Z,2026-09-20T23:30:45.808Z,61033,60339,0,1402,0,137379000
openstack-astra-standard,175,2,gpt-6-astra,ultra,settled,2026-09-20T23:30:27.440Z,2026-09-20T23:30:59.494Z,42315,42037,0,2114,0,150517000
openstack-astra-standard,176,3,gpt-6-astra,ultra,settled,2026-09-20T23:30:41.000Z,2026-09-20T23:31:10.101Z,44909,40424,4482,1231,274,158029000
openstack-astra-standard,177,0,gpt-6-astra,ultra,settled,2026-09-20T23:30:47.681Z,2026-09-20T23:30:54.943Z,62493,60339,2151,209,26,97706500
openstack-astra-standard,178,0,gpt-6-astra,ultra,settled,2026-09-20T23:30:55.666Z,2026-09-20T23:30:57.950Z,62715,62490,0,64,0,67940000
openstack-astra-standard,179,1,gpt-6-astra,ultra,settled,2026-09-20T23:30:56.120Z,2026-09-20T23:31:01.445Z,57186,56638,0,62,0,65218000
openstack-astra-standard,180,0,gpt-6-astra,ultra,settled,2026-09-20T23:30:58.906Z,2026-09-20T23:31:15.149Z,63247,62490,754,545,397,99195000
openstack-astra-standard,181,1,gpt-6-astra,ultra,settled,2026-09-20T23:31:02.195Z,2026-09-20T23:31:06.077Z,60190,56638,3549,122,31,107130500
openstack-astra-standard,182,2,gpt-6-astra,ultra,settled,2026-09-20T23:31:02.362Z,2026-09-20T23:31:11.585Z,44673,42037,2633,581,30,104029500
openstack-astra-standard,183,1,gpt-6-astra,ultra,settled,2026-09-20T23:31:06.788Z,2026-09-20T23:31:51.483Z,60324,60187,0,2236,850,173357000
openstack-astra-standard,184,3,gpt-6-astra,ultra,settled,2026-09-20T23:31:11.902Z,2026-09-20T23:31:18.433Z,46262,44906,1353,162,14,69948500
openstack-astra-standard,185,2,gpt-6-astra,ultra,settled,2026-09-20T23:31:15.859Z,2026-09-20T23:32:18.618Z,45611,44670,938,2411,900,176975000
openstack-astra-standard,186,0,gpt-6-astra,ultra,settled,2026-09-20T23:31:16.202Z,2026-09-20T23:31:21.245Z,63746,63244,0,148,0,75664000
openstack-astra-standard,187,3,gpt-6-astra,ultra,settled,2026-09-20T23:31:18.977Z,2026-09-20T23:31:21.683Z,46436,46259,0,74,0,51729000
openstack-astra-standard,188,0,gpt-6-astra,ultra,settled,2026-09-20T23:31:22.007Z,2026-09-20T23:32:04.890Z,64176,63244,771,2603,507,204641500
openstack-astra-standard,189,3,gpt-6-astra,ultra,settled,2026-09-20T23:31:22.320Z,2026-09-20T23:31:28.230Z,47280,46259,1018,220,37,70014000
openstack-astra-standard,190,3,gpt-6-astra,ultra,settled,2026-09-20T23:31:28.752Z,2026-09-20T23:31:37.931Z,47512,47277,0,222,52,60727000
openstack-astra-standard,191,3,gpt-6-astra,ultra,settled,2026-09-20T23:31:38.640Z,2026-09-20T23:32:07.550Z,47857,47277,577,1266,516,117819500
openstack-astra-standard,192,1,gpt-6-astra,ultra,settled,2026-09-20T23:31:53.346Z,2026-09-20T23:31:58.845Z,62619,60187,2429,139,69,97529500
openstack-astra-standard,193,1,gpt-6-astra,ultra,settled,2026-09-20T23:31:59.819Z,2026-09-20T23:32:06.460Z,63186,62616,567,208,70,80133500
openstack-astra-standard,194,0,gpt-6-astra,ultra,settled,2026-09-20T23:32:05.845Z,2026-09-20T23:32:11.850Z,64878,64015,0,177,41,81495000
openstack-astra-standard,195,1,gpt-6-astra,ultra,settled,2026-09-20T23:32:07.119Z,2026-09-20T23:32:15.413Z,63406,63183,0,463,29,88563000
openstack-astra-standard,196,3,gpt-6-astra,ultra,settled,2026-09-20T23:32:09.348Z,2026-09-20T23:32:13.164Z,49181,47854,1324,119,10,70384000
openstack-astra-standard,197,0,gpt-6-astra,ultra,settled,2026-09-20T23:32:12.695Z,2026-09-20T23:32:40.212Z,65067,64015,0,2031,15,176085000
openstack-astra-standard,198,3,gpt-6-astra,ultra,settled,2026-09-20T23:32:13.793Z,2026-09-20T23:32:24.049Z,49312,49178,0,379,190,69468000
openstack-astra-standard,199,1,gpt-6-astra,ultra,settled,2026-09-20T23:32:17.307Z,2026-09-20T23:32:21.380Z,63927,63183,741,99,60,77425500
openstack-astra-standard,200,2,gpt-6-astra,ultra,settled,2026-09-20T23:32:21.347Z,2026-09-20T23:32:26.544Z,48265,45608,2654,155,14,86563000
openstack-astra-standard,201,1,gpt-6-astra,ultra,settled,2026-09-20T23:32:22.273Z,2026-09-20T23:33:07.510Z,64453,63924,526,1027,986,121879000
openstack-astra-standard,202,3,gpt-6-astra,ultra,settled,2026-09-20T23:32:25.876Z,2026-09-20T23:32:49.960Z,49781,49178,600,779,279,95658000
openstack-astra-standard,203,2,gpt-6-astra,ultra,settled,2026-09-20T23:32:27.161Z,2026-09-20T23:33:07.010Z,48432,48262,0,1435,516,121712000
openstack-astra-standard,204,0,gpt-6-astra,ultra,settled,2026-09-20T23:32:41.004Z,2026-09-20T23:33:09.094Z,65350,64015,0,2087,23,181715000
openstack-astra-standard,205,3,gpt-6-astra,ultra,settled,2026-09-20T23:32:51.805Z,2026-09-20T23:33:01.304Z,50918,49778,1137,185,31,73270500
openstack-astra-standard,206,3,gpt-6-astra,ultra,settled,2026-09-20T23:33:01.851Z,2026-09-20T23:33:07.060Z,51115,50915,0,210,0,63415000
openstack-astra-standard,207,2,gpt-6-astra,ultra,settled,2026-09-20T23:33:07.877Z,2026-09-20T23:33:16.533Z,49990,48262,1725,246,116,82154500
openstack-astra-standard,208,1,gpt-6-astra,ultra,settled,2026-09-20T23:33:08.208Z,2026-09-20T23:33:14.292Z,66791,64450,2338,197,17,103555000
openstack-astra-standard,209,3,gpt-6-astra,ultra,settled,2026-09-20T23:33:08.898Z,2026-09-20T23:33:36.895Z,51622,50915,704,1132,516,116345000
openstack-astra-standard,210,0,gpt-6-astra,ultra,settled,2026-09-20T23:33:09.893Z,2026-09-20T23:33:37.574Z,65539,64015,0,2048,15,181655000
openstack-astra-standard,211,1,gpt-6-astra,ultra,settled,2026-09-20T23:33:15.106Z,2026-09-20T23:33:39.299Z,67000,66788,0,1003,273,119058000
openstack-astra-standard,212,2,gpt-6-astra,ultra,settled,2026-09-20T23:33:17.223Z,2026-09-20T23:33:23.202Z,50293,49987,303,105,0,59054500
openstack-astra-standard,213,2,gpt-6-astra,ultra,settled,2026-09-20T23:33:24.042Z,2026-09-20T23:33:55.293Z,50410,50290,0,1165,515,109740000
openstack-astra-standard,214,3,gpt-6-astra,ultra,settled,2026-09-20T23:33:37.500Z,2026-09-20T23:33:43.476Z,53007,51619,1385,149,22,76411500
openstack-astra-standard,215,0,gpt-6-astra,ultra,settled,2026-09-20T23:33:38.325Z,2026-09-20T23:34:07.167Z,65857,64015,0,2077,10,186285000
openstack-astra-standard,216,1,gpt-6-astra,ultra,settled,2026-09-20T23:33:41.127Z,2026-09-20T23:34:10.412Z,68062,66788,1271,1177,38,141555500
openstack-astra-standard,217,3,gpt-6-astra,ultra,settled,2026-09-20T23:33:44.096Z,2026-09-20T23:34:40.894Z,53168,53004,0,1787,516,143994000
openstack-astra-standard,218,2,gpt-6-astra,ultra,settled,2026-09-20T23:33:57.819Z,2026-09-20T23:34:17.705Z,51775,50290,1482,772,16,107445000
openstack-astra-standard,219,0,gpt-6-astra,ultra,settled,2026-09-20T23:34:07.891Z,2026-09-20T23:34:36.891Z,66006,64015,0,2091,52,188475000
openstack-astra-standard,220,1,gpt-6-astra,ultra,settled,2026-09-20T23:34:11.270Z,2026-09-20T23:34:36.159Z,69435,68059,1373,977,516,134101500
openstack-astra-standard,221,2,gpt-6-astra,ultra,settled,2026-09-20T23:34:20.009Z,2026-09-20T23:34:41.478Z,52711,51772,936,626,516,94802000
openstack-astra-standard,222,1,gpt-6-astra,ultra,settled,2026-09-20T23:34:38.069Z,2026-09-20T23:34:43.210Z,70474,69432,1039,164,38,90649500
openstack-astra-standard,223,0,gpt-6-astra,ultra,settled,2026-09-20T23:34:38.923Z,2026-09-20T23:34:42.072Z,68153,64015,4135,104,12,120932500
openstack-astra-standard,224,2,gpt-6-astra,ultra,settled,2026-09-20T23:34:42.751Z,2026-09-20T23:34:50.713Z,53350,52708,0,224,107,70328000
openstack-astra-standard,225,3,gpt-6-astra,ultra,settled,2026-09-20T23:34:43.089Z,2026-09-20T23:34:59.848Z,55114,53004,2107,695,174,114121500
openstack-astra-standard,226,0,gpt-6-astra,ultra,settled,2026-09-20T23:34:43.135Z,2026-09-20T23:34:47.330Z,68283,68150,0,140,48,76480000
openstack-astra-standard,227,1,gpt-6-astra,ultra,settled,2026-09-20T23:34:44.047Z,2026-09-20T23:34:57.312Z,70650,70471,0,399,307,92211000
openstack-astra-standard,228,0,gpt-6-astra,ultra,settled,2026-09-20T23:34:48.189Z,2026-09-20T23:34:51.100Z,68467,68150,0,90,0,75820000
openstack-astra-standard,229,2,gpt-6-astra,ultra,settled,2026-09-20T23:34:51.302Z,2026-09-20T23:34:53.295Z,53596,52708,885,15,0,64550500
openstack-astra-standard,230,0,gpt-6-astra,ultra,settled,2026-09-20T23:34:52.589Z,2026-09-20T23:35:01.534Z,69106,68150,953,283,138,94242500
openstack-astra-standard,231,2,gpt-6-astra,ultra,settled,2026-09-20T23:34:54.165Z,2026-09-20T23:35:03.507Z,53678,53593,82,116,0,60448000
openstack-astra-standard,232,1,gpt-6-astra,ultra,settled,2026-09-20T23:34:58.596Z,2026-09-20T23:35:14.482Z,71285,70471,811,442,279,102738500
openstack-astra-standard,233,3,gpt-6-astra,ultra,settled,2026-09-20T23:35:01.734Z,2026-09-20T23:35:20.415Z,55933,55111,819,672,192,98978500
openstack-astra-standard,234,0,gpt-6-astra,ultra,settled,2026-09-20T23:35:02.335Z,2026-09-20T23:35:05.747Z,69401,69103,0,79,23,76033000
openstack-astra-standard,235,2,gpt-6-astra,ultra,settled,2026-09-20T23:35:04.214Z,2026-09-20T23:36:34.991Z,53806,53675,0,1080,21,108985000
openstack-astra-standard,236,0,gpt-6-astra,ultra,settled,2026-09-20T23:35:06.803Z,2026-09-20T23:35:10.004Z,72436,69103,3330,101,13,115808000
openstack-astra-standard,237,0,gpt-6-astra,ultra,settled,2026-09-20T23:35:11.008Z,2026-09-20T23:35:29.171Z,74789,72433,2353,571,397,130425500
openstack-astra-standard,238,1,gpt-6-astra,ultra,settled,2026-09-20T23:35:15.235Z,2026-09-20T23:35:19.871Z,71724,71282,0,160,18,83702000
openstack-astra-standard,239,1,gpt-6-astra,ultra,settled,2026-09-20T23:35:20.537Z,2026-09-20T23:35:23.587Z,71896,71282,0,71,17,80972000
openstack-astra-standard,240,3,gpt-6-astra,ultra,settled,2026-09-20T23:35:21.225Z,2026-09-20T23:35:26.577Z,56254,55930,0,135,0,65920000
openstack-astra-standard,241,1,gpt-6-astra,ultra,settled,2026-09-20T23:35:25.017Z,2026-09-20T23:35:57.009Z,75416,71282,4131,1583,457,202099500
openstack-astra-standard,242,3,gpt-6-astra,ultra,settled,2026-09-20T23:35:27.151Z,2026-09-20T23:35:37.628Z,56401,55930,0,526,0,86940000
openstack-astra-standard,243,0,gpt-6-astra,ultra,settled,2026-09-20T23:35:30.009Z,2026-09-20T23:35:35.644Z,75338,74786,0,161,0,88356000
openstack-astra-standard,244,0,gpt-6-astra,ultra,settled,2026-09-20T23:35:37.159Z,2026-09-20T23:35:49.083Z,75624,74786,835,273,227,98903500
openstack-astra-standard,245,3,gpt-6-astra,ultra,settled,2026-09-20T23:35:38.434Z,2026-09-20T23:36:20.569Z,57263,55930,1330,1686,1034,156885000
openstack-astra-standard,246,0,gpt-6-astra,ultra,settled,2026-09-20T23:35:49.991Z,2026-09-20T23:36:06.850Z,77620,75621,1996,1185,40,159851000
openstack-astra-standard,247,1,gpt-6-astra,ultra,settled,2026-09-20T23:35:58.882Z,2026-09-20T23:36:38.263Z,77058,75413,1642,1328,151,162368000
openstack-astra-standard,248,0,gpt-6-astra,ultra,settled,2026-09-20T23:36:08.857Z,2026-09-20T23:36:12.370Z,78863,77617,1243,114,48,98884500
openstack-astra-standard,249,0,gpt-6-astra,ultra,settled,2026-09-20T23:36:13.370Z,2026-09-20T23:36:32.675Z,79445,78860,582,628,507,117565000
openstack-astra-standard,250,3,gpt-6-astra,ultra,settled,2026-09-20T23:36:22.427Z,2026-09-20T23:36:33.856Z,59041,57260,1778,458,115,102415000
openstack-astra-standard,251,0,gpt-6-astra,ultra,settled,2026-09-20T23:36:33.435Z,2026-09-20T23:36:52.916Z,80085,79442,0,711,516,121422000
openstack-astra-standard,252,3,gpt-6-astra,ultra,settled,2026-09-20T23:36:34.439Z,2026-09-20T23:36:44.253Z,59289,59038,0,435,46,83298000
openstack-astra-standard,253,2,gpt-6-astra,ultra,settled,2026-09-20T23:36:35.787Z,2026-09-20T23:36:42.204Z,53977,53675,0,308,57,72095000
openstack-astra-standard,254,1,gpt-6-astra,ultra,settled,2026-09-20T23:36:40.021Z,2026-09-20T23:36:46.814Z,79048,77055,1990,272,99,115560000
openstack-astra-standard,255,2,gpt-6-astra,ultra,settled,2026-09-20T23:36:44.823Z,2026-09-20T23:37:10.099Z,54449,53675,771,1277,425,127192500
openstack-astra-standard,256,3,gpt-6-astra,ultra,settled,2026-09-20T23:36:46.147Z,2026-09-20T23:36:49.138Z,61795,59038,2754,74,10,97193000
openstack-astra-standard,257,1,gpt-6-astra,ultra,settled,2026-09-20T23:36:47.829Z,2026-09-20T23:37:32.857Z,79332,79045,0,2099,509,186865000
openstack-astra-standard,258,3,gpt-6-astra,ultra,settled,2026-09-20T23:36:49.877Z,2026-09-20T23:36:58.848Z,62993,61792,1198,287,138,91147000
openstack-astra-standard,259,0,gpt-6-astra,ultra,settled,2026-09-20T23:36:53.837Z,2026-09-20T23:37:03.833Z,80788,79442,0,301,83,107952000
openstack-astra-standard,260,3,gpt-6-astra,ultra,settled,2026-09-20T23:36:59.539Z,2026-09-20T23:37:31.653Z,63292,62990,0,845,0,108260000
openstack-astra-standard,261,0,gpt-6-astra,ultra,settled,2026-09-20T23:37:04.904Z,2026-09-20T23:37:14.286Z,81032,79442,0,249,0,107792000
openstack-astra-standard,262,2,gpt-6-astra,ultra,settled,2026-09-20T23:37:13.379Z,2026-09-20T23:37:22.589Z,55926,54446,1477,189,17,82388500
openstack-astra-standard,263,0,gpt-6-astra,ultra,settled,2026-09-20T23:37:15.114Z,2026-09-20T23:37:32.567Z,81294,79442,0,779,158,136912000
openstack-astra-standard,264,2,gpt-6-astra,ultra,settled,2026-09-20T23:37:23.203Z,2026-09-20T23:37:37.732Z,56127,55923,0,733,226,94613000
openstack-astra-standard,265,0,gpt-6-astra,ultra,settled,2026-09-20T23:37:33.382Z,2026-09-20T23:37:40.211Z,81634,79442,0,201,78,111412000
openstack-astra-standard,266,1,gpt-6-astra,ultra,settled,2026-09-20T23:37:33.609Z,2026-09-20T23:37:42.111Z,80106,79045,0,209,107,100105000
openstack-astra-standard,267,3,gpt-6-astra,ultra,settled,2026-09-20T23:37:34.814Z,2026-09-20T23:37:46.194Z,64299,62990,1306,598,71,109245000
openstack-astra-standard,268,0,gpt-6-astra,ultra,settled,2026-09-20T23:37:40.969Z,2026-09-20T23:37:44.416Z,81847,79442,0,93,0,108142000
openstack-astra-standard,269,2,gpt-6-astra,ultra,settled,2026-09-20T23:37:41.908Z,2026-09-20T23:37:52.439Z,57307,55923,1251,315,135,88640500
openstack-astra-standard,270,1,gpt-6-astra,ultra,settled,2026-09-20T23:37:43.199Z,2026-09-20T23:37:52.229Z,80330,79045,0,425,65,113145000
openstack-astra-standard,271,0,gpt-6-astra,ultra,settled,2026-09-20T23:37:45.563Z,2026-09-20T23:37:49.245Z,82062,79442,0,111,0,111192000
openstack-astra-standard,272,3,gpt-6-astra,ultra,settled,2026-09-20T23:37:48.181Z,2026-09-20T23:38:07.575Z,65257,64296,958,237,63,88151000
openstack-astra-standard,273,0,gpt-6-astra,ultra,settled,2026-09-20T23:37:50.303Z,2026-09-20T23:38:04.930Z,82185,79442,0,682,53,140972000
openstack-astra-standard,274,2,gpt-6-astra,ultra,settled,2026-09-20T23:37:53.046Z,2026-09-20T23:37:56.462Z,57634,57174,0,73,0,65424000
openstack-astra-standard,275,1,gpt-6-astra,ultra,settled,2026-09-20T23:37:53.183Z,2026-09-20T23:38:03.386Z,80623,79045,0,450,58,117325000
openstack-astra-standard,276,2,gpt-6-astra,ultra,settled,2026-09-20T23:37:57.222Z,2026-09-20T23:38:06.049Z,57719,57174,0,372,110,81224000
openstack-astra-standard,277,1,gpt-6-astra,ultra,settled,2026-09-20T23:38:05.272Z,2026-09-20T23:38:11.999Z,81131,79045,2083,165,64,113362500
openstack-astra-standard,278,0,gpt-6-astra,ultra,settled,2026-09-20T23:38:05.938Z,2026-09-20T23:38:17.436Z,82426,79442,0,544,0,136482000
openstack-astra-standard,279,3,gpt-6-astra,ultra,settled,2026-09-20T23:38:09.041Z,2026-09-20T23:38:12.882Z,65406,65254,0,88,0,71174000
openstack-astra-standard,280,2,gpt-6-astra,ultra,settled,2026-09-20T23:38:09.081Z,2026-09-20T23:38:28.076Z,58332,57174,1155,677,529,105491500
openstack-astra-standard,281,3,gpt-6-astra,ultra,settled,2026-09-20T23:38:13.646Z,2026-09-20T23:38:18.211Z,65506,65254,0,224,0,78974000
openstack-astra-standard,282,1,gpt-6-astra,ultra,settled,2026-09-20T23:38:16.555Z,2026-09-20T23:38:19.133Z,84034,81128,2903,52,0,120045500
openstack-astra-standard,283,0,gpt-6-astra,ultra,settled,2026-09-20T23:38:18.580Z,2026-09-20T23:38:22.065Z,83097,79442,3652,100,0,130122000
openstack-astra-standard,284,3,gpt-6-astra,ultra,settled,2026-09-20T23:38:18.969Z,2026-09-20T23:38:26.444Z,66447,65254,1190,296,72,94959000
openstack-astra-standard,285,1,gpt-6-astra,ultra,settled,2026-09-20T23:38:19.966Z,2026-09-20T23:38:24.736Z,84187,84031,153,179,15,94923500
openstack-astra-standard,286,0,gpt-6-astra,ultra,settled,2026-09-20T23:38:22.892Z,2026-09-20T23:38:34.925Z,83209,83094,0,749,15,121694000
openstack-astra-standard,287,1,gpt-6-astra,ultra,settled,2026-09-20T23:38:25.779Z,2026-09-20T23:38:31.403Z,84501,84184,314,137,88,94989000
openstack-astra-standard,288,3,gpt-6-astra,ultra,settled,2026-09-20T23:38:27.149Z,2026-09-20T23:39:19.081Z,66755,66444,0,1227,353,130904000
openstack-astra-standard,289,2,gpt-6-astra,ultra,settled,2026-09-20T23:38:28.976Z,2026-09-20T23:39:44.661Z,59062,58329,0,2566,978,193959000
openstack-astra-standard,290,1,gpt-6-astra,ultra,settled,2026-09-20T23:38:32.214Z,2026-09-20T23:38:38.940Z,88366,84498,3865,200,69,142840500
openstack-astra-standard,291,0,gpt-6-astra,ultra,settled,2026-09-20T23:38:35.736Z,2026-09-20T23:38:45.142Z,83460,83094,0,220,97,97754000
openstack-astra-standard,292,1,gpt-6-astra,ultra,settled,2026-09-20T23:38:39.917Z,2026-09-20T23:38:42.744Z,88578,88363,0,19,0,91463000
openstack-astra-standard,293,0,gpt-6-astra,ultra,settled,2026-09-20T23:38:46.070Z,2026-09-20T23:39:08.627Z,83698,83094,0,145,24,96384000
openstack-astra-standard,294,1,gpt-6-astra,ultra,settled,2026-09-20T23:38:59.097Z,2026-09-20T23:39:01.306Z,88620,88363,254,46,0,93868000
openstack-astra-standard,295,1,gpt-6-astra,ultra,settled,2026-09-20T23:39:02.264Z,2026-09-20T23:39:07.149Z,88792,88617,172,193,60,100447000
openstack-astra-standard,296,1,gpt-6-astra,ultra,settled,2026-09-20T23:39:08.054Z,2026-09-20T23:39:37.086Z,89116,88789,324,1342,264,159969000
openstack-astra-standard,297,0,gpt-6-astra,ultra,settled,2026-09-20T23:39:09.453Z,2026-09-20T23:39:34.324Z,83855,83094,0,1134,421,147404000
openstack-astra-standard,298,3,gpt-6-astra,ultra,settled,2026-09-20T23:39:22.176Z,2026-09-20T23:40:00.339Z,68131,66444,1684,1159,1034,145474000
openstack-astra-standard,299,0,gpt-6-astra,ultra,settled,2026-09-20T23:39:36.335Z,2026-09-20T23:39:40.884Z,85125,83094,2028,186,32,117774000
openstack-astra-standard,300,1,gpt-6-astra,ultra,settled,2026-09-20T23:39:37.963Z,2026-09-20T23:39:52.528Z,89514,89113,0,730,8,129623000
openstack-astra-standard,301,0,gpt-6-astra,ultra,settled,2026-09-20T23:39:42.429Z,2026-09-20T23:39:56.118Z,85780,85122,655,405,287,113589500
openstack-astra-standard,302,2,gpt-6-astra,ultra,settled,2026-09-20T23:39:48.377Z,2026-09-20T23:40:22.014Z,61904,58329,3572,1439,274,174959000
openstack-astra-standard,303,1,gpt-6-astra,ultra,settled,2026-09-20T23:39:53.397Z,2026-09-20T23:39:56.606Z,90402,89113,1286,61,40,108268000
openstack-astra-standard,304,0,gpt-6-astra,ultra,settled,2026-09-20T23:39:57.073Z,2026-09-20T23:40:09.479Z,86199,85777,0,468,238,113397000
openstack-astra-standard,305,3,gpt-6-astra,ultra,settled,2026-09-20T23:40:01.674Z,2026-09-20T23:40:23.596Z,68777,68128,0,732,516,111218000
openstack-astra-standard,306,0,gpt-6-astra,ultra,settled,2026-09-20T23:40:10.604Z,2026-09-20T23:40:15.746Z,87380,85777,1600,156,32,113607000
openstack-astra-standard,307,1,gpt-6-astra,ultra,settled,2026-09-20T23:40:12.449Z,2026-09-20T23:40:24.553Z,90486,90399,84,131,0,98029000
openstack-astra-standard,308,0,gpt-6-astra,ultra,settled,2026-09-20T23:40:16.728Z,2026-09-20T23:40:41.943Z,87548,87377,0,1184,516,148287000
openstack-astra-standard,309,2,gpt-6-astra,ultra,settled,2026-09-20T23:40:23.092Z,2026-09-20T23:40:30.877Z,63471,61901,1567,219,0,92468500
openstack-astra-standard,310,3,gpt-6-astra,ultra,settled,2026-09-20T23:40:25.482Z,2026-09-20T23:40:31.695Z,69856,68128,1725,189,18,99170500
openstack-astra-standard,311,1,gpt-6-astra,ultra,settled,2026-09-20T23:40:25.631Z,2026-09-20T23:40:42.253Z,90882,90483,263,564,406,123330500
openstack-astra-standard,312,2,gpt-6-astra,ultra,settled,2026-09-20T23:40:31.532Z,2026-09-20T23:40:53.297Z,63702,63468,0,920,448,111808000
openstack-astra-standard,313,3,gpt-6-astra,ultra,settled,2026-09-20T23:40:32.961Z,2026-09-20T23:41:15.467Z,70057,69853,0,1818,471,162793000
openstack-astra-standard,314,0,gpt-6-astra,ultra,settled,2026-09-20T23:40:42.823Z,2026-09-20T23:40:52.843Z,88475,87377,0,302,190,113457000
openstack-astra-standard,315,1,gpt-6-astra,ultra,settled,2026-09-20T23:40:44.063Z,2026-09-20T23:40:48.671Z,91601,90746,852,129,33,107876000
openstack-astra-standard,316,1,gpt-6-astra,ultra,settled,2026-09-20T23:40:49.473Z,2026-09-20T23:40:51.709Z,91742,91598,0,19,0,93988000
openstack-astra-standard,317,0,gpt-6-astra,ultra,settled,2026-09-20T23:40:54.498Z,2026-09-20T23:41:01.082Z,88772,87377,0,271,0,114877000
openstack-astra-standard,318,2,gpt-6-astra,ultra,settled,2026-09-20T23:40:54.654Z,2026-09-20T23:41:06.151Z,64692,63468,1221,485,45,103010500
openstack-astra-standard,319,0,gpt-6-astra,ultra,settled,2026-09-20T23:41:02.005Z,2026-09-20T23:41:06.243Z,89102,87377,1722,102,0,114032000
openstack-astra-standard,320,1,gpt-6-astra,ultra,settled,2026-09-20T23:41:07.263Z,2026-09-20T23:41:14.253Z,91900,91598,186,239,39,107033000
openstack-astra-standard,321,0,gpt-6-astra,ultra,settled,2026-09-20T23:41:07.350Z,2026-09-20T23:41:20.161Z,89216,89099,0,346,267,107569000
openstack-astra-standard,322,2,gpt-6-astra,ultra,settled,2026-09-20T23:41:10.799Z,2026-09-20T23:41:16.124Z,65387,64689,695,111,17,78956500
openstack-astra-standard,323,1,gpt-6-astra,ultra,settled,2026-09-20T23:41:15.176Z,2026-09-20T23:41:19.800Z,92272,91784,485,65,44,101126500
openstack-astra-standard,324,3,gpt-6-astra,ultra,settled,2026-09-20T23:41:16.379Z,2026-09-20T23:41:31.405Z,72126,69853,2270,534,167,124958000
openstack-astra-standard,325,2,gpt-6-astra,ultra,settled,2026-09-20T23:41:16.872Z,2026-09-20T23:41:40.692Z,65510,65384,0,766,673,104944000
openstack-astra-standard,326,0,gpt-6-astra,ultra,settled,2026-09-20T23:41:21.080Z,2026-09-20T23:41:25.301Z,89585,89099,0,69,0,97409000
openstack-astra-standard,327,0,gpt-6-astra,ultra,settled,2026-09-20T23:41:26.156Z,2026-09-20T23:41:29.727Z,89666,89099,0,85,0,99019000
openstack-astra-standard,328,0,gpt-6-astra,ultra,settled,2026-09-20T23:41:30.652Z,2026-09-20T23:41:38.767Z,89763,89099,0,248,155,108139000
openstack-astra-standard,329,3,gpt-6-astra,ultra,settled,2026-09-20T23:41:32.062Z,2026-09-20T23:41:40.079Z,72392,72123,0,448,0,97213000
openstack-astra-standard,330,1,gpt-6-astra,ultra,settled,2026-09-20T23:41:36.217Z,2026-09-20T23:41:41.117Z,92360,92269,88,263,0,106549000
openstack-astra-standard,331,0,gpt-6-astra,ultra,settled,2026-09-20T23:41:41.149Z,2026-09-20T23:42:14.917Z,92478,89099,3376,1165,1063,189579000
openstack-astra-standard,332,3,gpt-6-astra,ultra,settled,2026-09-20T23:41:41.512Z,2026-09-20T23:41:45.261Z,72896,72123,770,117,0,87628000
openstack-astra-standard,333,2,gpt-6-astra,ultra,settled,2026-09-20T23:41:41.767Z,2026-09-20T23:42:10.817Z,66106,65384,0,1358,327,140504000
openstack-astra-standard,334,1,gpt-6-astra,ultra,settled,2026-09-20T23:41:41.970Z,2026-09-20T23:41:46.908Z,92859,92357,499,86,50,102924500
openstack-astra-standard,335,3,gpt-6-astra,ultra,settled,2026-09-20T23:41:46.157Z,2026-09-20T23:41:50.251Z,73025,72893,0,154,0,81913000
openstack-astra-standard,336,1,gpt-6-astra,ultra,settled,2026-09-20T23:41:47.873Z,2026-09-20T23:42:04.928Z,93045,92856,186,416,395,116011000
openstack-astra-standard,337,2,gpt-6-astra,ultra,settled,2026-09-20T23:42:11.701Z,2026-09-20T23:42:19.558Z,67492,65384,2105,133,0,98376500
openstack-astra-standard,338,0,gpt-6-astra,ultra,settled,2026-09-20T23:42:15.835Z,2026-09-20T23:42:27.727Z,93313,92475,0,402,277,120955000
openstack-astra-standard,339,1,gpt-6-astra,ultra,settled,2026-09-20T23:42:20.860Z,2026-09-20T23:42:26.909Z,93488,93042,443,263,0,111759500
openstack-astra-standard,340,1,gpt-6-astra,ultra,settled,2026-09-20T23:42:27.856Z,2026-09-20T23:42:37.824Z,93990,93485,502,288,205,114190000
openstack-astra-standard,341,0,gpt-6-astra,ultra,settled,2026-09-20T23:42:28.596Z,2026-09-20T23:42:32.679Z,93755,92475,0,130,0,111775000
openstack-astra-standard,342,0,gpt-6-astra,ultra,settled,2026-09-20T23:42:33.694Z,2026-09-20T23:42:52.488Z,94038,92475,1560,547,504,139355000
openstack-astra-standard,343,1,gpt-6-astra,ultra,settled,2026-09-20T23:42:38.997Z,2026-09-20T23:42:41.343Z,94291,93987,0,19,0,97977000
openstack-astra-standard,344,0,gpt-6-astra,ultra,settled,2026-09-20T23:42:54.127Z,2026-09-20T23:43:00.156Z,94638,94035,0,161,110,108115000
openstack-astra-standard,345,1,gpt-6-astra,ultra,settled,2026-09-20T23:42:57.143Z,2026-09-20T23:43:02.937Z,94333,93987,343,263,0,111454500
openstack-astra-standard,346,0,gpt-6-astra,ultra,settled,2026-09-20T23:43:01.183Z,2026-09-20T23:43:38.058Z,98106,94035,4068,1599,245,224865000
openstack-astra-standard,347,1,gpt-6-astra,ultra,settled,2026-09-20T23:43:04.604Z,2026-09-20T23:43:16.608Z,94834,94330,501,186,165,109922500
openstack-astra-standard,348,1,gpt-6-astra,ultra,settled,2026-09-20T23:43:33.439Z,2026-09-20T23:43:38.740Z,95045,94831,211,263,0,110648500
openstack-astra-standard,349,0,gpt-6-astra,ultra,settled,2026-09-20T23:43:39.373Z,2026-09-20T23:43:44.559Z,99768,98103,1662,128,65,125308000
openstack-astra-standard,350,1,gpt-6-astra,ultra,settled,2026-09-20T23:43:39.803Z,2026-09-20T23:43:44.951Z,95541,95042,496,85,17,105522000
openstack-astra-standard,351,0,gpt-6-astra,ultra,settled,2026-09-20T23:43:45.644Z,2026-09-20T23:44:24.378Z,100410,99765,642,1507,1005,183170000
openstack-astra-standard,352,1,gpt-6-astra,ultra,settled,2026-09-20T23:43:46.196Z,2026-09-20T23:43:49.045Z,95638,95538,0,19,0,97488000
openstack-astra-standard,353,1,gpt-6-astra,ultra,settled,2026-09-20T23:44:04.793Z,2026-09-20T23:44:10.375Z,95680,95538,139,263,0,110455500
openstack-astra-standard,354,1,gpt-6-astra,ultra,settled,2026-09-20T23:44:11.703Z,2026-09-20T23:44:22.351Z,96178,95677,498,246,225,114232000
openstack-astra-standard,355,0,gpt-6-astra,ultra,settled,2026-09-20T23:44:26.002Z,2026-09-20T23:44:52.007Z,101005,100407,0,862,774,149487000
openstack-astra-standard,356,1,gpt-6-astra,ultra,settled,2026-09-20T23:44:38.272Z,2026-09-20T23:44:45.335Z,96448,96175,270,263,0,112730000
openstack-astra-standard,357,1,gpt-6-astra,ultra,settled,2026-09-20T23:44:46.303Z,2026-09-20T23:44:52.680Z,96950,96445,502,120,33,108750000
openstack-astra-standard,358,1,gpt-6-astra,ultra,settled,2026-09-20T23:44:53.558Z,2026-09-20T23:44:56.146Z,97082,96947,0,19,0,99247000
openstack-astra-standard,359,0,gpt-6-astra,ultra,settled,2026-09-20T23:44:53.623Z,2026-09-20T23:44:58.192Z,101992,100407,1487,126,51,126274500
openstack-astra-standard,360,1,gpt-6-astra,ultra,settled,2026-09-20T23:44:59.141Z,2026-09-20T23:45:04.088Z,97211,96947,177,59,38,102979500
openstack-astra-standard,361,0,gpt-6-astra,ultra,settled,2026-09-20T23:45:00.120Z,2026-09-20T23:45:02.574Z,102130,101894,0,19,0,105204000
openstack-astra-standard,362,1,gpt-6-astra,ultra,settled,2026-09-20T23:45:18.278Z,2026-09-20T23:45:23.337Z,97295,97124,168,263,0,112404000
openstack-astra-standard,363,1,gpt-6-astra,ultra,settled,2026-09-20T23:45:24.844Z,2026-09-20T23:45:36.472Z,97799,97292,504,244,223,115822000
openstack-astra-standard,364,1,gpt-6-astra,ultra,settled,2026-09-20T23:45:52.443Z,2026-09-20T23:45:57.509Z,98066,97796,267,272,0,114763500
openstack-astra-standard,365,0,gpt-6-astra,ultra,settled,2026-09-20T23:45:53.543Z,2026-09-20T23:45:56.576Z,102172,101894,275,116,27,111161500
openstack-astra-standard,366,0,gpt-6-astra,ultra,settled,2026-09-20T23:45:57.487Z,2026-09-20T23:46:23.415Z,102456,102169,284,1184,429,164949000
openstack-astra-standard,367,1,gpt-6-astra,ultra,settled,2026-09-20T23:45:58.531Z,2026-09-20T23:46:03.569Z,98622,98063,556,106,85,110343000
openstack-astra-standard,368,1,gpt-6-astra,ultra,settled,2026-09-20T23:46:20.166Z,2026-09-20T23:46:28.434Z,98753,98619,131,263,0,113436500
openstack-astra-standard,369,0,gpt-6-astra,ultra,settled,2026-09-20T23:46:25.339Z,2026-09-20T23:46:58.412Z,103703,102453,1247,1184,982,177270500
openstack-astra-standard,370,1,gpt-6-astra,ultra,settled,2026-09-20T23:46:29.628Z,2026-09-20T23:46:46.761Z,99257,98750,504,510,489,130580000
openstack-astra-standard,371,3,gpt-6-astra,ultra,settled,2026-09-20T23:46:59.260Z,2026-09-20T23:47:05.157Z,73393,72893,0,187,0,87243000
openstack-astra-standard,372,0,gpt-6-astra,ultra,settled,2026-09-20T23:46:59.598Z,2026-09-20T23:47:18.063Z,104905,103700,0,537,516,142600000
openstack-astra-standard,373,1,gpt-6-astra,ultra,settled,2026-09-20T23:47:02.589Z,2026-09-20T23:47:08.536Z,99795,99254,538,283,0,120159000
openstack-astra-standard,374,3,gpt-6-astra,ultra,settled,2026-09-20T23:47:05.986Z,2026-09-20T23:47:38.383Z,75430,72893,2534,1651,516,187148000
openstack-astra-standard,375,1,gpt-6-astra,ultra,settled,2026-09-20T23:47:10.746Z,2026-09-20T23:47:22.860Z,100107,99792,312,442,177,125822000
openstack-astra-standard,376,1,gpt-6-astra,ultra,settled,2026-09-20T23:47:24.094Z,2026-09-20T23:47:29.298Z,100677,100104,570,156,51,115059000
openstack-astra-standard,377,1,gpt-6-astra,ultra,settled,2026-09-20T23:47:30.223Z,2026-09-20T23:47:35.309Z,100960,100674,283,218,18,115141500
openstack-astra-standard,378,1,gpt-6-astra,ultra,settled,2026-09-20T23:47:36.468Z,2026-09-20T23:47:43.441Z,101310,100957,350,265,101,118612000
openstack-astra-standard,379,3,gpt-6-astra,ultra,settled,2026-09-20T23:47:40.251Z,2026-09-20T23:48:00.309Z,77140,75427,1710,1000,237,146832000
openstack-astra-standard,380,1,gpt-6-astra,ultra,settled,2026-09-20T23:47:48.525Z,2026-09-20T23:47:51.134Z,101632,101307,322,19,0,106312000
openstack-astra-standard,381,3,gpt-6-astra,ultra,settled,2026-09-20T23:48:03.019Z,2026-09-20T23:48:13.623Z,78598,77137,1458,246,136,107692000
openstack-astra-standard,382,1,gpt-6-astra,ultra,settled,2026-09-20T23:48:07.132Z,2026-09-20T23:48:11.485Z,101674,101629,42,160,0,110184000
openstack-astra-standard,383,0,gpt-6-astra,ultra,settled,2026-09-20T23:48:09.081Z,2026-09-20T23:48:13.590Z,105469,103700,1766,176,18,134605000
openstack-astra-standard,384,1,gpt-6-astra,ultra,settled,2026-09-20T23:48:12.534Z,2026-09-20T23:48:15.824Z,102064,101671,390,52,31,109176000
openstack-astra-standard,385,3,gpt-6-astra,ultra,settled,2026-09-20T23:48:14.374Z,2026-09-20T23:48:43.953Z,79044,78595,446,1324,474,150400000
openstack-astra-standard,386,0,gpt-6-astra,ultra,settled,2026-09-20T23:48:15.679Z,2026-09-20T23:48:51.016Z,105758,105466,289,1055,1034,161858500
openstack-astra-standard,387,1,gpt-6-astra,ultra,settled,2026-09-20T23:48:32.039Z,2026-09-20T23:48:36.466Z,102139,102061,75,160,0,111028500
openstack-astra-standard,388,1,gpt-6-astra,ultra,settled,2026-09-20T23:48:37.400Z,2026-09-20T23:48:46.181Z,102533,102136,394,112,91,112691000
openstack-astra-standard,389,3,gpt-6-astra,ultra,settled,2026-09-20T23:48:44.760Z,2026-09-20T23:48:49.159Z,80424,79041,1380,200,0,106321000
openstack-astra-standard,390,3,gpt-6-astra,ultra,settled,2026-09-20T23:48:49.876Z,2026-09-20T23:48:53.414Z,80636,80421,0,126,14,88871000
openstack-astra-standard,391,0,gpt-6-astra,ultra,settled,2026-09-20T23:48:51.909Z,2026-09-20T23:48:58.194Z,106490,105755,0,204,64,123305000
openstack-astra-standard,392,0,gpt-6-astra,ultra,settled,2026-09-20T23:48:59.958Z,2026-09-20T23:49:04.898Z,106699,105755,0,135,0,121945000
openstack-astra-standard,393,1,gpt-6-astra,ultra,settled,2026-09-20T23:49:01.978Z,2026-09-20T23:49:10.030Z,102670,102530,137,184,0,113472500
openstack-astra-standard,394,0,gpt-6-astra,ultra,settled,2026-09-20T23:49:05.858Z,2026-09-20T23:49:12.897Z,106846,105755,0,201,144,126715000
openstack-astra-standard,395,1,gpt-6-astra,ultra,settled,2026-09-20T23:49:11.027Z,2026-09-20T23:49:16.833Z,103312,102667,496,113,11,116007000
openstack-astra-standard,396,0,gpt-6-astra,ultra,settled,2026-09-20T23:49:14.010Z,2026-09-20T23:50:29.605Z,107751,105755,1993,2474,2176,254397500
openstack-astra-standard,397,1,gpt-6-astra,ultra,settled,2026-09-20T23:49:17.942Z,2026-09-20T23:49:20.312Z,103482,103163,316,19,0,108093000
openstack-astra-standard,398,1,gpt-6-astra,ultra,settled,2026-09-20T23:49:36.641Z,2026-09-20T23:49:40.816Z,103524,103479,42,160,0,112034000
openstack-astra-standard,399,1,gpt-6-astra,ultra,settled,2026-09-20T23:49:42.605Z,2026-09-20T23:49:46.680Z,103914,103521,390,57,36,111276000
openstack-astra-standard,400,1,gpt-6-astra,ultra,settled,2026-09-20T23:50:03.672Z,2026-09-20T23:50:10.956Z,103994,103911,80,160,0,112941000
openstack-astra-standard,401,1,gpt-6-astra,ultra,settled,2026-09-20T23:50:11.930Z,2026-09-20T23:50:16.118Z,104390,103991,396,101,80,114021000
openstack-astra-standard,402,3,gpt-6-astra,ultra,settled,2026-09-20T23:50:30.582Z,2026-09-20T23:50:50.926Z,81005,80421,0,708,516,121661000
openstack-astra-standard,403,0,gpt-6-astra,ultra,settled,2026-09-20T23:50:30.950Z,2026-09-20T23:50:48.695Z,110248,107748,0,439,418,154698000
openstack-astra-standard,404,1,gpt-6-astra,ultra,settled,2026-09-20T23:50:32.111Z,2026-09-20T23:50:36.084Z,104515,104387,125,160,0,113979500
openstack-astra-standard,405,1,gpt-6-astra,ultra,settled,2026-09-20T23:50:37.294Z,2026-09-20T23:51:00.659Z,104909,104512,394,537,516,136317000
openstack-astra-standard,406,3,gpt-6-astra,ultra,settled,2026-09-20T23:50:51.875Z,2026-09-20T23:51:26.977Z,84329,80421,3905,1927,516,225613500
openstack-astra-standard,407,1,gpt-6-astra,ultra,settled,2026-09-20T23:51:17.152Z,2026-09-20T23:51:22.052Z,105472,104906,563,184,0,121173500
openstack-astra-standard,408,1,gpt-6-astra,ultra,settled,2026-09-20T23:51:23.391Z,2026-09-20T23:51:33.455Z,105968,105469,496,262,241,124799000
openstack-astra-standard,409,3,gpt-6-astra,ultra,settled,2026-09-20T23:51:28.983Z,2026-09-20T23:51:43.460Z,86313,84326,1984,651,89,141706000
openstack-astra-standard,410,0,gpt-6-astra,ultra,settled,2026-09-20T23:51:40.585Z,2026-09-20T23:51:44.932Z,110713,107748,2962,75,35,148553000
openstack-astra-standard,411,0,gpt-6-astra,ultra,settled,2026-09-20T23:51:45.897Z,2026-09-20T23:52:19.455Z,110905,110710,192,1113,1034,168790000
openstack-astra-standard,412,3,gpt-6-astra,ultra,settled,2026-09-20T23:51:46.021Z,2026-09-20T23:51:59.151Z,87165,86310,852,730,25,133490000
openstack-astra-standard,413,1,gpt-6-astra,ultra,settled,2026-09-20T23:51:49.884Z,2026-09-20T23:51:53.912Z,106254,105965,286,160,0,117570000
openstack-astra-standard,414,1,gpt-6-astra,ultra,settled,2026-09-20T23:51:57.515Z,2026-09-20T23:52:07.614Z,106647,106251,393,297,276,126043500
openstack-astra-standard,415,3,gpt-6-astra,ultra,settled,2026-09-20T23:52:00.104Z,2026-09-20T23:52:25.439Z,88133,87162,968,706,516,134592000
openstack-astra-standard,416,1,gpt-6-astra,ultra,settled,2026-09-20T23:52:23.580Z,2026-09-20T23:52:28.238Z,106968,106644,321,170,0,119186500
openstack-astra-standard,417,3,gpt-6-astra,ultra,settled,2026-09-20T23:52:26.386Z,2026-09-20T23:53:06.095Z,88857,88130,0,1745,516,182650000
openstack-astra-standard,418,0,gpt-6-astra,ultra,settled,2026-09-20T23:52:26.571Z,2026-09-20T23:52:34.899Z,112253,110902,1148,283,162,141432000
openstack-astra-standard,419,1,gpt-6-astra,ultra,settled,2026-09-20T23:52:29.275Z,2026-09-20T23:52:38.371Z,107189,106965,221,177,156,118607500
openstack-astra-standard,420,0,gpt-6-astra,ultra,settled,2026-09-20T23:52:36.520Z,2026-09-20T23:52:58.195Z,112549,112050,0,757,678,154890000
openstack-astra-standard,421,1,gpt-6-astra,ultra,settled,2026-09-20T23:52:39.407Z,2026-09-20T23:52:52.305Z,107478,107186,0,124,36,116306000
openstack-astra-standard,422,1,gpt-6-astra,ultra,settled,2026-09-20T23:52:53.851Z,2026-09-20T23:52:56.560Z,107659,107186,470,19,0,114041000
openstack-astra-standard,423,0,gpt-6-astra,ultra,settled,2026-09-20T23:52:59.376Z,2026-09-20T23:53:05.056Z,113421,112050,1368,131,89,135730000
openstack-astra-standard,424,0,gpt-6-astra,ultra,settled,2026-09-20T23:53:06.125Z,2026-09-20T23:53:15.368Z,114127,113418,706,281,260,136323000
openstack-astra-standard,425,3,gpt-6-astra,ultra,settled,2026-09-20T23:53:06.984Z,2026-09-20T23:53:13.856Z,90661,88130,2528,158,16,127660000
openstack-astra-standard,426,1,gpt-6-astra,ultra,settled,2026-09-20T23:53:12.826Z,2026-09-20T23:53:17.988Z,107701,107656,42,183,0,117361000
openstack-astra-standard,427,0,gpt-6-astra,ultra,settled,2026-09-20T23:53:16.575Z,2026-09-20T23:53:27.516Z,114565,114124,0,505,40,143784000
openstack-astra-standard,428,1,gpt-6-astra,ultra,settled,2026-09-20T23:53:19.212Z,2026-09-20T23:53:22.685Z,107936,107698,235,49,28,113115500
openstack-astra-standard,429,0,gpt-6-astra,ultra,settled,2026-09-20T23:53:28.628Z,2026-09-20T23:53:32.574Z,115127,114124,1000,106,14,131954000
openstack-astra-standard,430,1,gpt-6-astra,ultra,settled,2026-09-20T23:53:38.578Z,2026-09-20T23:53:44.921Z,108008,107933,72,207,0,119213000
openstack-astra-standard,431,1,gpt-6-astra,ultra,settled,2026-09-20T23:53:46.002Z,2026-09-20T23:53:55.714Z,108346,108005,338,158,137,120160000
openstack-astra-standard,432,1,gpt-6-astra,ultra,settled,2026-09-20T23:54:11.651Z,2026-09-20T23:54:16.070Z,108527,108343,181,183,0,119785500
openstack-astra-standard,433,1,gpt-6-astra,ultra,settled,2026-09-20T23:54:17.203Z,2026-09-20T23:54:25.252Z,108761,108524,234,170,149,119979000
openstack-astra-standard,434,0,gpt-6-astra,ultra,settled,2026-09-20T23:54:24.060Z,2026-09-20T23:54:26.925Z,115256,115124,129,89,0,121216500
openstack-astra-standard,435,0,gpt-6-astra,ultra,settled,2026-09-20T23:54:28.063Z,2026-09-20T23:54:40.686Z,115458,115253,202,389,280,137258000
openstack-astra-standard,436,1,gpt-6-astra,ultra,settled,2026-09-20T23:54:41.343Z,2026-09-20T23:54:46.793Z,108956,108758,195,183,0,120375500
openstack-astra-standard,437,0,gpt-6-astra,ultra,settled,2026-09-20T23:54:41.895Z,2026-09-20T23:55:09.198Z,120837,115455,5379,683,584,216872500
openstack-astra-standard,438,1,gpt-6-astra,ultra,settled,2026-09-20T23:54:47.961Z,2026-09-20T23:55:00.706Z,109189,108953,233,277,256,125745500
openstack-astra-standard,439,1,gpt-6-astra,ultra,settled,2026-09-20T23:55:17.179Z,2026-09-20T23:55:21.850Z,109492,109186,303,207,0,123353500
openstack-astra-standard,440,1,gpt-6-astra,ultra,settled,2026-09-20T23:55:23.124Z,2026-09-20T23:55:33.774Z,109828,109489,336,171,150,122269000
openstack-astra-standard,441,1,gpt-6-astra,ultra,settled,2026-09-20T23:55:49.855Z,2026-09-20T23:55:54.254Z,110022,109825,194,183,0,121430000
openstack-astra-standard,442,1,gpt-6-astra,ultra,settled,2026-09-20T23:55:55.510Z,2026-09-20T23:56:08.306Z,110255,110019,233,342,321,130061500
openstack-astra-standard,443,0,gpt-6-astra,ultra,settled,2026-09-20T23:56:00.199Z,2026-09-20T23:56:02.614Z,121544,120834,707,38,0,131601500
openstack-astra-standard,444,0,gpt-6-astra,ultra,settled,2026-09-20T23:56:03.631Z,2026-09-20T23:56:21.139Z,121696,121541,152,610,516,153971000
openstack-astra-standard,445,1,gpt-6-astra,ultra,settled,2026-09-20T23:56:22.104Z,2026-09-20T23:56:31.046Z,110728,110252,370,333,123,132587000
openstack-astra-standard,446,0,gpt-6-astra,ultra,settled,2026-09-20T23:56:22.998Z,2026-09-20T23:57:14.716Z,122319,121693,0,1745,1422,215203000
openstack-astra-standard,447,1,gpt-6-astra,ultra,settled,2026-09-20T23:56:32.849Z,2026-09-20T23:56:47.398Z,111120,110622,495,352,203,134439500
openstack-astra-standard,448,1,gpt-6-astra,ultra,settled,2026-09-20T23:56:48.433Z,2026-09-20T23:56:52.793Z,111530,111117,410,186,0,125572000
openstack-astra-standard,449,1,gpt-6-astra,ultra,settled,2026-09-20T23:56:53.811Z,2026-09-20T23:57:01.020Z,111769,111527,239,97,76,119394500
openstack-astra-standard,450,0,gpt-6-astra,ultra,settled,2026-09-20T23:57:15.909Z,2026-09-20T23:57:19.600Z,124139,121693,2443,19,0,153210500
openstack-astra-standard,451,1,gpt-6-astra,ultra,settled,2026-09-20T23:57:16.987Z,2026-09-20T23:57:25.488Z,111889,111766,120,186,0,122596000
openstack-astra-standard,452,1,gpt-6-astra,ultra,settled,2026-09-20T23:57:26.528Z,2026-09-20T23:57:30.490Z,112127,111886,238,19,0,115841000
openstack-astra-standard,453,1,gpt-6-astra,ultra,settled,2026-09-20T23:57:46.623Z,2026-09-20T23:57:50.953Z,112169,112124,42,186,0,121979000
openstack-astra-standard,454,1,gpt-6-astra,ultra,settled,2026-09-20T23:57:52.022Z,2026-09-20T23:58:11.293Z,112410,112166,241,537,516,142058500
openstack-astra-standard,455,0,gpt-6-astra,ultra,settled,2026-09-20T23:58:10.633Z,2026-09-20T23:58:14.626Z,124181,124136,42,104,15,129891000
openstack-astra-standard,456,0,gpt-6-astra,ultra,settled,2026-09-20T23:58:15.686Z,2026-09-20T23:58:47.086Z,124445,124178,264,1142,1092,184608000
openstack-astra-standard,457,1,gpt-6-astra,ultra,settled,2026-09-20T23:58:27.576Z,2026-09-20T23:58:32.399Z,112973,112407,563,202,0,129574500
openstack-astra-standard,458,1,gpt-6-astra,ultra,settled,2026-09-20T23:58:33.689Z,2026-09-20T23:58:36.328Z,113224,112970,251,32,11,117737500
openstack-astra-standard,459,1,gpt-6-astra,ultra,settled,2026-09-20T23:58:52.410Z,2026-09-20T23:58:59.459Z,113279,113221,55,202,0,124038500
openstack-astra-standard,460,1,gpt-6-astra,ultra,settled,2026-09-20T23:59:00.647Z,2026-09-20T23:59:06.326Z,113534,113276,255,87,66,120843500
openstack-astra-standard,461,1,gpt-6-astra,ultra,settled,2026-09-20T23:59:22.288Z,2026-09-20T23:59:27.611Z,113646,113531,112,202,0,125061000
openstack-astra-standard,462,1,gpt-6-astra,ultra,settled,2026-09-20T23:59:29.445Z,2026-09-20T23:59:48.265Z,113898,113643,252,451,430,139373000
openstack-astra-standard,463,0,gpt-6-astra,ultra,settled,2026-09-20T23:59:38.135Z,2026-09-20T23:59:40.429Z,125624,124442,1179,38,0,141109500
openstack-astra-standard,464,0,gpt-6-astra,ultra,settled,2026-09-20T23:59:41.656Z,2026-09-21T00:00:23.419Z,125777,125621,153,1285,1227,191813500
openstack-astra-standard,465,1,gpt-6-astra,ultra,settled,2026-09-21T00:00:04.942Z,2026-09-21T00:00:10.548Z,114376,113895,478,202,0,130000000
openstack-astra-standard,466,1,gpt-6-astra,ultra,settled,2026-09-21T00:00:11.860Z,2026-09-21T00:00:17.867Z,114725,114373,349,109,30,124215500
openstack-astra-standard,467,1,gpt-6-astra,ultra,settled,2026-09-21T00:00:19.449Z,2026-09-21T00:00:24.461Z,115232,114722,507,167,0,129439500
openstack-astra-standard,468,0,gpt-6-astra,ultra,settled,2026-09-21T00:00:25.462Z,2026-09-21T00:01:12.105Z,127274,125774,1320,1641,1510,226124000
openstack-astra-standard,469,1,gpt-6-astra,ultra,settled,2026-09-21T00:00:25.526Z,2026-09-21T00:00:41.819Z,115411,115229,0,441,420,139099000
openstack-astra-standard,470,1,gpt-6-astra,ultra,settled,2026-09-21T00:00:58.161Z,2026-09-21T00:01:05.699Z,115881,115229,649,202,0,133471500
openstack-astra-standard,471,1,gpt-6-astra,ultra,settled,2026-09-21T00:01:08.032Z,2026-09-21T00:01:15.484Z,116135,115878,254,167,146,127433000
openstack-astra-standard,472,0,gpt-6-astra,ultra,settled,2026-09-21T00:01:13.587Z,2026-09-21T00:02:20.489Z,128990,127094,1893,2003,1982,250936500
openstack-astra-standard,473,1,gpt-6-astra,ultra,settled,2026-09-21T00:01:31.651Z,2026-09-21T00:01:36.478Z,116326,116132,191,202,0,128649500
openstack-astra-standard,474,1,gpt-6-astra,ultra,settled,2026-09-21T00:01:38.449Z,2026-09-21T00:02:09.995Z,116581,116323,255,787,766,158890500
openstack-astra-standard,475,1,gpt-6-astra,ultra,settled,2026-09-21T00:02:26.248Z,2026-09-21T00:02:32.065Z,117394,116578,813,202,0,136870500
openstack-astra-standard,476,0,gpt-6-astra,ultra,settled,2026-09-21T00:03:11.873Z,2026-09-21T00:03:16.721Z,131032,128987,2042,98,24,159442000
openstack-astra-standard,477,0,gpt-6-astra,ultra,settled,2026-09-21T00:04:08.273Z,2026-09-21T00:05:31.973Z,131153,131029,121,2570,2510,261071500
openstack-astra-standard,478,1,gpt-6-astra,ultra,settled,2026-09-21T00:04:47.256Z,2026-09-21T00:04:54.473Z,117650,117391,256,90,69,125121000
openstack-astra-standard,479,1,gpt-6-astra,ultra,settled,2026-09-21T00:05:10.562Z,2026-09-21T00:05:16.843Z,117763,117647,113,202,0,129189500
openstack-astra-standard,480,1,gpt-6-astra,ultra,settled,2026-09-21T00:05:18.190Z,2026-09-21T00:05:21.079Z,118019,117760,256,19,0,121940000
openstack-astra-standard,481,1,gpt-6-astra,ultra,settled,2026-09-21T00:05:37.275Z,2026-09-21T00:05:42.064Z,118061,118016,42,202,0,128671000
openstack-astra-standard,482,1,gpt-6-astra,ultra,settled,2026-09-21T00:05:43.982Z,2026-09-21T00:05:49.790Z,118315,118058,254,19,0,122213000
openstack-astra-standard,483,1,gpt-6-astra,ultra,settled,2026-09-21T00:06:05.911Z,2026-09-21T00:06:11.722Z,118357,118312,42,202,0,128967000
openstack-astra-standard,484,1,gpt-6-astra,ultra,settled,2026-09-21T00:06:13.589Z,2026-09-21T00:06:20.567Z,118613,118354,256,19,0,122534000
openstack-astra-standard,485,0,gpt-6-astra,ultra,settled,2026-09-21T00:06:24.065Z,2026-09-21T00:06:32.164Z,133758,131150,2605,213,155,174392500
openstack-astra-standard,486,1,gpt-6-astra,ultra,settled,2026-09-21T00:06:36.772Z,2026-09-21T00:06:44.117Z,118655,118610,42,202,0,129265000
openstack-astra-standard,487,1,gpt-6-astra,ultra,settled,2026-09-21T00:06:45.241Z,2026-09-21T00:06:48.874Z,118911,118652,256,19,0,122832000
openstack-astra-standard,488,1,gpt-6-astra,ultra,settled,2026-09-21T00:07:05.109Z,2026-09-21T00:07:09.919Z,118953,118908,42,202,0,129563000
openstack-astra-standard,489,1,gpt-6-astra,ultra,settled,2026-09-21T00:07:11.244Z,2026-09-21T00:07:21.840Z,119210,118950,257,221,200,133242500
openstack-astra-standard,490,0,gpt-6-astra,ultra,settled,2026-09-21T00:07:23.172Z,2026-09-21T00:08:32.689Z,133994,133755,236,2293,2242,251385000
openstack-astra-standard,491,1,gpt-6-astra,ultra,settled,2026-09-21T00:07:37.865Z,2026-09-21T00:07:45.229Z,119456,119207,246,202,0,132412000
openstack-astra-standard,492,1,gpt-6-astra,ultra,settled,2026-09-21T00:07:46.598Z,2026-09-21T00:07:49.631Z,119713,119453,257,19,0,123645500
openstack-astra-standard,493,1,gpt-6-astra,ultra,settled,2026-09-21T00:08:05.737Z,2026-09-21T00:08:12.125Z,119755,119710,42,202,0,130365000
openstack-astra-standard,494,1,gpt-6-astra,ultra,settled,2026-09-21T00:08:13.415Z,2026-09-21T00:08:17.825Z,120007,119752,252,19,0,123882000
openstack-astra-standard,495,1,gpt-6-astra,ultra,settled,2026-09-21T00:08:34.133Z,2026-09-21T00:08:40.220Z,120049,120004,42,202,0,130659000
openstack-astra-standard,496,1,gpt-6-astra,ultra,settled,2026-09-21T00:08:41.329Z,2026-09-21T00:08:44.132Z,120303,120046,254,19,0,124201000
openstack-astra-standard,497,1,gpt-6-astra,ultra,settled,2026-09-21T00:09:00.204Z,2026-09-21T00:09:05.689Z,120345,120300,42,202,0,130955000
openstack-astra-standard,498,1,gpt-6-astra,ultra,settled,2026-09-21T00:09:07.165Z,2026-09-21T00:09:11.662Z,120600,120342,255,19,0,124509500
openstack-astra-standard,499,0,gpt-6-astra,ultra,settled,2026-09-21T00:09:23.729Z,2026-09-21T00:09:27.038Z,136333,133991,2339,94,0,167958500
openstack-astra-standard,500,1,gpt-6-astra,ultra,settled,2026-09-21T00:09:27.985Z,2026-09-21T00:09:33.912Z,120642,120597,42,202,0,131252000
openstack-astra-standard,501,0,gpt-6-astra,ultra,settled,2026-09-21T00:09:28.450Z,2026-09-21T00:09:48.888Z,136663,136330,330,612,516,171085000
openstack-astra-standard,502,1,gpt-6-astra,ultra,settled,2026-09-21T00:09:35.665Z,2026-09-21T00:09:45.864Z,120896,120639,254,225,204,135094000
openstack-astra-standard,503,1,gpt-6-astra,ultra,settled,2026-09-21T00:09:50.063Z,2026-09-21T00:09:56.229Z,121254,120893,253,140,119,132135500
openstack-astra-standard,504,0,gpt-6-astra,ultra,settled,2026-09-21T00:09:50.289Z,2026-09-21T00:09:58.427Z,137293,136660,0,265,199,156240000
openstack-astra-standard,505,1,gpt-6-astra,ultra,settled,2026-09-21T00:10:42.768Z,2026-09-21T00:10:47.371Z,121417,121146,268,202,0,134626000
openstack-astra-standard,506,1,gpt-6-astra,ultra,settled,2026-09-21T00:10:48.824Z,2026-09-21T00:10:56.182Z,121673,121414,256,163,55,132794000
openstack-astra-standard,507,0,gpt-6-astra,ultra,settled,2026-09-21T00:10:49.868Z,2026-09-21T00:11:12.327Z,137584,136660,921,731,671,184752500
openstack-astra-standard,508,1,gpt-6-astra,ultra,settled,2026-09-21T00:10:57.521Z,2026-09-21T00:11:03.641Z,121892,121670,219,19,0,125387500
openstack-astra-standard,509,1,gpt-6-astra,ultra,settled,2026-09-21T00:11:49.804Z,2026-09-21T00:11:57.901Z,121934,121889,42,202,0,132544000
openstack-astra-standard,510,1,gpt-6-astra,ultra,settled,2026-09-21T00:11:59.247Z,2026-09-21T00:12:12.136Z,122190,121931,256,19,0,126111000
openstack-astra-standard,511,0,gpt-6-astra,ultra,settled,2026-09-21T00:12:09.219Z,2026-09-21T00:12:12.265Z,138345,137581,761,60,8,150123500
openstack-astra-standard,512,1,gpt-6-astra,ultra,settled,2026-09-21T00:12:58.524Z,2026-09-21T00:13:08.171Z,122232,122187,42,202,0,132842000
openstack-astra-standard,513,0,gpt-6-astra,ultra,settled,2026-09-21T00:13:08.562Z,2026-09-21T00:13:13.322Z,138430,138342,85,146,48,146734500
openstack-astra-standard,514,1,gpt-6-astra,ultra,settled,2026-09-21T00:13:10.520Z,2026-09-21T00:13:15.681Z,122487,122229,255,19,0,126396500
openstack-astra-standard,515,0,gpt-6-astra,ultra,settled,2026-09-21T00:13:14.543Z,2026-09-21T00:14:13.948Z,138814,138427,384,1717,1661,229107000
openstack-astra-standard,516,1,gpt-6-astra,ultra,settled,2026-09-21T00:14:01.810Z,2026-09-21T00:14:08.958Z,122529,122484,42,202,0,133139000
openstack-astra-standard,517,1,gpt-6-astra,ultra,settled,2026-09-21T00:14:11.321Z,2026-09-21T00:14:33.541Z,122784,122526,255,579,558,154693500
openstack-astra-standard,518,0,gpt-6-astra,ultra,settled,2026-09-21T00:15:19.110Z,2026-09-21T00:16:24.344Z,140576,138811,1762,1985,1925,260116000
openstack-astra-standard,519,1,gpt-6-astra,ultra,settled,2026-09-21T00:15:19.853Z,2026-09-21T00:15:28.716Z,123386,122781,602,202,0,140436000
openstack-astra-standard,520,1,gpt-6-astra,ultra,settled,2026-09-21T00:15:30.660Z,2026-09-21T00:15:34.966Z,123640,123383,254,19,0,127538000
openstack-astra-standard,521,1,gpt-6-astra,ultra,settled,2026-09-21T00:16:21.303Z,2026-09-21T00:16:28.984Z,123682,123637,42,202,0,134292000
openstack-astra-standard,522,1,gpt-6-astra,ultra,settled,2026-09-21T00:16:30.177Z,2026-09-21T00:16:35.509Z,123934,123679,252,19,0,127809000
openstack-astra-standard,523,0,gpt-6-astra,ultra,settled,2026-09-21T00:17:20.747Z,2026-09-21T00:17:24.492Z,142598,140573,2022,71,23,169428000
openstack-astra-standard,524,1,gpt-6-astra,ultra,settled,2026-09-21T00:17:21.740Z,2026-09-21T00:17:27.222Z,123976,123931,42,202,0,134586000
openstack-astra-standard,525,1,gpt-6-astra,ultra,settled,2026-09-21T00:17:28.698Z,2026-09-21T00:17:31.285Z,124228,123973,252,19,0,128103000
openstack-astra-standard,526,1,gpt-6-astra,ultra,settled,2026-09-21T00:18:17.588Z,2026-09-21T00:18:24.947Z,124270,124225,42,202,0,134880000
openstack-astra-standard,527,0,gpt-6-astra,ultra,settled,2026-09-21T00:18:20.679Z,2026-09-21T00:18:27.620Z,142694,142595,96,115,55,149575000
openstack-astra-standard,528,1,gpt-6-astra,ultra,settled,2026-09-21T00:18:26.278Z,2026-09-21T00:18:40.621Z,124523,124267,253,294,273,142159500
openstack-astra-standard,529,0,gpt-6-astra,ultra,settled,2026-09-21T00:19:24.628Z,2026-09-21T00:19:28.384Z,142834,142691,140,83,0,148621000
openstack-astra-standard,530,1,gpt-6-astra,ultra,settled,2026-09-21T00:19:27.104Z,2026-09-21T00:19:32.309Z,124841,124520,318,202,0,138625000
openstack-astra-standard,531,0,gpt-6-astra,ultra,settled,2026-09-21T00:19:29.743Z,2026-09-21T00:20:43.105Z,143049,142831,215,2287,2232,259898500
openstack-astra-standard,532,1,gpt-6-astra,ultra,settled,2026-09-21T00:19:33.861Z,2026-09-21T00:19:38.444Z,125094,124838,253,19,0,128980500
openstack-astra-standard,533,1,gpt-6-astra,ultra,settled,2026-09-21T00:20:24.875Z,2026-09-21T00:20:30.421Z,125136,125091,42,202,0,135746000
openstack-astra-standard,534,1,gpt-6-astra,ultra,settled,2026-09-21T00:20:32.230Z,2026-09-21T00:20:34.702Z,125390,125133,254,19,0,129288000
openstack-astra-standard,535,1,gpt-6-astra,ultra,settled,2026-09-21T00:21:20.801Z,2026-09-21T00:21:26.077Z,125432,125387,42,202,0,136042000
openstack-astra-standard,536,1,gpt-6-astra,ultra,settled,2026-09-21T00:21:27.555Z,2026-09-21T00:21:32.892Z,125684,125429,252,19,0,129559000
openstack-astra-standard,537,0,gpt-6-astra,ultra,settled,2026-09-21T00:21:39.397Z,2026-09-21T00:21:59.706Z,145374,143046,2325,91,45,176688500
openstack-astra-standard,538,1,gpt-6-astra,ultra,settled,2026-09-21T00:22:19.948Z,2026-09-21T00:22:24.852Z,125726,125681,42,202,0,136336000
openstack-astra-standard,539,1,gpt-6-astra,ultra,settled,2026-09-21T00:22:26.302Z,2026-09-21T00:22:28.958Z,125979,125723,253,19,0,129865500
openstack-astra-standard,540,0,gpt-6-astra,ultra,settled,2026-09-21T00:22:56.597Z,2026-09-21T00:23:03.800Z,145490,145371,116,178,121,155751000
openstack-astra-standard,541,1,gpt-6-astra,ultra,settled,2026-09-21T00:23:15.341Z,2026-09-21T00:23:21.461Z,126021,125976,42,202,0,136631000
openstack-astra-standard,542,1,gpt-6-astra,ultra,settled,2026-09-21T00:23:22.676Z,2026-09-21T00:23:38.391Z,126277,126018,256,317,296,145098000
openstack-astra-standard,543,0,gpt-6-astra,ultra,settled,2026-09-21T00:23:59.895Z,2026-09-21T00:24:03.259Z,145695,145487,205,53,13,150729500
openstack-astra-standard,544,0,gpt-6-astra,ultra,settled,2026-09-21T00:24:06.684Z,2026-09-21T00:24:12.566Z,145872,145692,177,212,80,158534500
openstack-astra-standard,545,0,gpt-6-astra,ultra,settled,2026-09-21T00:24:13.970Z,2026-09-21T00:25:42.378Z,146561,145869,689,2794,2524,294211500
openstack-astra-standard,546,1,gpt-6-astra,ultra,settled,2026-09-21T00:24:24.617Z,2026-09-21T00:24:30.148Z,126618,126274,341,202,0,140666500
openstack-astra-standard,547,1,gpt-6-astra,ultra,settled,2026-09-21T00:24:31.763Z,2026-09-21T00:24:35.013Z,126976,126615,358,73,0,134770000
openstack-astra-standard,548,1,gpt-6-astra,ultra,settled,2026-09-21T00:24:37.513Z,2026-09-21T00:24:44.684Z,127447,126973,471,167,0,141240500
openstack-astra-standard,549,1,gpt-6-astra,ultra,settled,2026-09-21T00:24:45.963Z,2026-09-21T00:25:04.034Z,127626,127444,0,496,475,154064000
openstack-astra-standard,550,0,gpt-6-astra,ultra,settled,2026-09-21T00:25:44.280Z,2026-09-21T00:27:06.530Z,147257,146558,0,2808,2578,293948000
openstack-astra-standard,551,1,gpt-6-astra,ultra,settled,2026-09-21T00:25:50.658Z,2026-09-21T00:25:56.821Z,128147,127444,700,202,0,146324000
openstack-astra-standard,552,1,gpt-6-astra,ultra,settled,2026-09-21T00:25:58.204Z,2026-09-21T00:26:03.999Z,128404,128144,257,19,0,132336500
openstack-astra-standard,553,1,gpt-6-astra,ultra,settled,2026-09-21T00:26:50.631Z,2026-09-21T00:26:55.413Z,128446,128401,42,202,0,139056000
openstack-astra-standard,554,1,gpt-6-astra,ultra,settled,2026-09-21T00:26:56.739Z,2026-09-21T00:27:05.063Z,128701,128443,255,19,0,132610500
openstack-astra-standard,555,0,gpt-6-astra,ultra,settled,2026-09-21T00:27:08.585Z,2026-09-21T00:27:22.686Z,153956,146558,7395,621,22,270075500
openstack-astra-standard,556,0,gpt-6-astra,ultra,settled,2026-09-21T00:27:25.076Z,2026-09-21T00:27:58.293Z,154635,153953,679,1238,919,224370500
openstack-astra-standard,557,1,gpt-6-astra,ultra,settled,2026-09-21T00:27:52.134Z,2026-09-21T00:27:57.073Z,128743,128698,42,202,0,139353000
openstack-astra-standard,558,1,gpt-6-astra,ultra,settled,2026-09-21T00:27:58.340Z,2026-09-21T00:28:03.429Z,128997,128740,254,19,0,132895000
openstack-astra-standard,559,0,gpt-6-astra,ultra,settled,2026-09-21T00:28:01.056Z,2026-09-21T00:28:07.904Z,156380,154632,1745,218,65,187374500
openstack-astra-standard,560,0,gpt-6-astra,ultra,settled,2026-09-21T00:28:08.998Z,2026-09-21T00:28:32.582Z,156613,156377,0,1002,370,208837000
openstack-astra-standard,561,1,gpt-6-astra,ultra,settled,2026-09-21T00:28:09.239Z,2026-09-21T00:28:16.836Z,129204,128994,45,215,106,141956500
openstack-astra-standard,562,1,gpt-6-astra,ultra,settled,2026-09-21T00:28:18.403Z,2026-09-21T00:28:22.280Z,129475,129039,433,19,0,135431500
openstack-astra-standard,563,0,gpt-6-astra,ultra,settled,2026-09-21T00:28:33.812Z,2026-09-21T00:30:55.993Z,157675,156377,1295,4739,4004,409544500
openstack-astra-standard,564,1,gpt-6-astra,ultra,settled,2026-09-21T00:29:04.236Z,2026-09-21T00:29:09.157Z,129517,129472,42,202,0,140127000
openstack-astra-standard,565,1,gpt-6-astra,ultra,settled,2026-09-21T00:29:11.037Z,2026-09-21T00:29:30.250Z,129772,129514,255,537,516,159581500
openstack-astra-standard,566,1,gpt-6-astra,ultra,settled,2026-09-21T00:30:16.379Z,2026-09-21T00:30:22.815Z,130334,129769,562,202,0,146924000
openstack-astra-standard,567,1,gpt-6-astra,ultra,settled,2026-09-21T00:30:24.157Z,2026-09-21T00:30:26.878Z,130588,130331,254,19,0,134486000
openstack-astra-standard,568,0,gpt-6-astra,ultra,settled,2026-09-21T00:30:59.165Z,2026-09-21T00:31:06.517Z,162559,157672,4884,266,125,232052000
openstack-astra-standard,569,0,gpt-6-astra,ultra,settled,2026-09-21T00:31:08.333Z,2026-09-21T00:31:38.372Z,163612,162556,1053,1069,590,229198500
openstack-astra-standard,570,1,gpt-6-astra,ultra,settled,2026-09-21T00:31:13.054Z,2026-09-21T00:31:19.539Z,130630,130585,42,202,0,141240000
openstack-astra-standard,571,1,gpt-6-astra,ultra,settled,2026-09-21T00:31:20.865Z,2026-09-21T00:31:23.926Z,130883,130627,253,19,0,134769500
openstack-astra-standard,572,0,gpt-6-astra,ultra,settled,2026-09-21T00:31:39.847Z,2026-09-21T00:33:05.414Z,164742,163609,1130,2549,2489,305214000
openstack-astra-standard,573,1,gpt-6-astra,ultra,settled,2026-09-21T00:32:11.443Z,2026-09-21T00:32:17.596Z,130925,130880,42,202,0,141535000
openstack-astra-standard,574,1,gpt-6-astra,ultra,settled,2026-09-21T00:32:19.232Z,2026-09-21T00:32:23.308Z,131179,130922,254,19,0,135077000
openstack-astra-standard,575,1,gpt-6-astra,ultra,settled,2026-09-21T00:33:09.860Z,2026-09-21T00:33:14.679Z,131221,131176,42,202,0,141831000
openstack-astra-standard,576,1,gpt-6-astra,ultra,settled,2026-09-21T00:33:16.746Z,2026-09-21T00:33:19.977Z,131477,131218,256,19,0,135398000
openstack-astra-standard,577,0,gpt-6-astra,ultra,settled,2026-09-21T00:34:02.017Z,2026-09-21T00:36:20.759Z,167329,164739,2587,4296,4234,411906500
openstack-astra-standard,578,1,gpt-6-astra,ultra,settled,2026-09-21T00:34:06.443Z,2026-09-21T00:34:13.351Z,131519,131474,42,202,0,142129000
openstack-glm-standard,1,0,GLM-5.3-Flash,max,completed,2026-09-19T20:42:21.416Z,2026-09-19T20:42:30.824Z,14940,0,0,93,,
openstack-glm-standard,2,0,GLM-5.3-Flash,max,completed,2026-09-19T20:42:30.928Z,2026-09-19T20:42:36.654Z,16765,14912,0,63,,
openstack-glm-standard,3,0,GLM-5.3-Flash,max,completed,2026-09-19T20:42:36.711Z,2026-09-19T20:42:44.626Z,19525,16704,0,163,,
openstack-glm-standard,4,0,GLM-5.3-Flash,max,completed,2026-09-19T20:42:44.717Z,2026-09-19T20:42:51.769Z,20295,19520,0,146,,
openstack-glm-standard,5,0,GLM-5.3-Flash,max,completed,2026-09-19T20:42:51.871Z,2026-09-19T20:43:00.378Z,20845,20288,0,167,,
openstack-glm-standard,6,0,GLM-5.3-Flash,max,completed,2026-09-19T20:43:00.442Z,2026-09-19T20:43:09.614Z,22655,20800,0,180,,
openstack-glm-standard,7,0,GLM-5.3-Flash,max,completed,2026-09-19T20:43:09.692Z,2026-09-19T20:43:20.246Z,24620,22592,0,178,,
openstack-glm-standard,8,0,GLM-5.3-Flash,max,completed,2026-09-19T20:43:20.319Z,2026-09-19T20:43:28.409Z,25383,24576,0,111,,
openstack-glm-standard,9,0,GLM-5.3-Flash,max,completed,2026-09-19T20:43:28.468Z,2026-09-19T20:43:52.441Z,27097,25344,0,358,,
openstack-glm-standard,10,0,GLM-5.3-Flash,max,completed,2026-09-19T20:43:52.575Z,2026-09-19T20:46:40.967Z,33274,27072,0,4867,,
openstack-glm-standard,11,0,GLM-5.3-Flash,max,completed,2026-09-19T20:46:46.163Z,2026-09-19T20:47:25.598Z,38348,33216,0,170,,
openstack-glm-standard,12,0,GLM-5.3-Flash,max,completed,2026-09-19T20:47:25.648Z,2026-09-19T20:47:32.988Z,38670,38336,0,33,,
openstack-glm-standard,13,0,GLM-5.3-Flash,max,completed,2026-09-19T20:47:33.019Z,2026-09-19T20:47:47.823Z,40017,38656,0,330,,
openstack-glm-standard,14,0,GLM-5.3-Flash,max,completed,2026-09-19T20:47:47.899Z,2026-09-19T20:47:54.062Z,40394,40000,0,87,,
openstack-glm-standard,15,0,GLM-5.3-Flash,max,completed,2026-09-19T20:47:54.132Z,2026-09-19T20:48:05.329Z,40752,40384,0,62,,
openstack-glm-standard,16,0,GLM-5.3-Flash,max,completed,2026-09-19T20:48:05.386Z,2026-09-19T20:48:12.084Z,40860,40704,0,49,,
openstack-glm-standard,17,0,GLM-5.3-Flash,max,completed,2026-09-19T20:48:12.149Z,2026-09-19T20:48:18.023Z,42670,40832,0,53,,
openstack-glm-standard,18,0,GLM-5.3-Flash,max,completed,2026-09-19T20:48:18.084Z,2026-09-19T20:48:57.782Z,44577,42624,0,1100,,
openstack-glm-standard,19,0,GLM-5.3-Flash,max,completed,2026-09-19T20:48:57.928Z,2026-09-19T20:49:11.493Z,46299,44544,0,348,,
openstack-glm-standard,20,0,GLM-5.3-Flash,max,completed,2026-09-19T20:50:44.776Z,2026-09-19T20:51:01.473Z,46726,46272,0,564,,
openstack-glm-standard,21,0,GLM-5.3-Flash,max,completed,2026-09-19T20:51:01.591Z,2026-09-19T20:51:07.703Z,47494,46720,0,95,,
openstack-glm-standard,22,0,GLM-5.3-Flash,max,completed,2026-09-19T20:51:10.031Z,2026-09-19T20:54:02.311Z,48555,47488,0,4571,,
openstack-glm-standard,23,0,GLM-5.3-Flash,max,completed,2026-09-19T20:54:02.365Z,2026-09-19T20:54:48.799Z,53399,48512,0,1795,,
openstack-glm-standard,24,0,GLM-5.3-Flash,max,completed,2026-09-19T20:54:48.961Z,2026-09-19T20:54:54.736Z,55246,53376,0,41,,
openstack-glm-standard,25,0,GLM-5.3-Flash,max,completed,2026-09-19T20:55:21.104Z,2026-09-19T20:57:19.741Z,55837,55232,0,3786,,
openstack-glm-standard,26,0,GLM-5.3-Flash,max,completed,2026-09-19T20:57:20.210Z,2026-09-19T20:57:39.710Z,59677,55808,0,668,,
openstack-glm-standard,27,0,GLM-5.3-Flash,max,completed,2026-09-19T21:01:24.375Z,2026-09-19T21:03:40.536Z,60916,60864,0,3654,,
openstack-glm-standard,28,0,GLM-5.3-Flash,max,completed,2026-09-19T21:03:40.606Z,2026-09-19T21:04:30.245Z,64864,60864,0,2396,,
openstack-glm-standard,29,0,GLM-5.3-Flash,max,completed,2026-09-19T21:04:30.443Z,2026-09-19T21:04:36.252Z,67314,64832,0,39,,
openstack-glm-standard,30,0,GLM-5.3-Flash,max,completed,2026-09-19T21:04:36.333Z,2026-09-19T21:04:43.347Z,67405,67264,0,61,,
openstack-glm-standard,31,0,GLM-5.3-Flash,max,completed,2026-09-19T21:04:43.865Z,2026-09-19T21:04:54.332Z,67606,67392,0,280,,
openstack-glm-standard,32,0,GLM-5.3-Flash,max,completed,2026-09-19T21:04:54.898Z,2026-09-19T21:05:28.822Z,68027,67584,0,216,,
openstack-glm-standard,33,0,GLM-5.3-Flash,max,completed,2026-09-19T21:05:40.006Z,2026-09-19T21:08:14.896Z,68921,67968,0,3753,,
openstack-glm-standard,34,0,GLM-5.3-Flash,max,completed,2026-09-19T21:09:05.125Z,2026-09-19T21:09:56.683Z,73317,68864,0,1826,,
openstack-glm-standard,35,0,GLM-5.3-Flash,max,completed,2026-09-19T21:09:59.049Z,2026-09-19T21:10:07.527Z,75322,0,0,115,,
openstack-glm-standard,36,0,GLM-5.3-Flash,max,completed,2026-09-19T21:10:25.479Z,2026-09-19T21:15:05.534Z,75572,75264,0,7761,,
openstack-glm-standard,37,0,GLM-5.3-Flash,max,completed,2026-09-19T21:15:06.028Z,2026-09-19T21:15:12.693Z,83394,75520,0,87,,
openstack-glm-standard,38,0,GLM-5.3-Flash,max,completed,2026-09-19T21:15:12.782Z,2026-09-19T21:20:29.119Z,83814,83392,0,8780,,
openstack-glm-standard,39,0,GLM-5.3-Flash,max,completed,2026-09-19T21:20:29.676Z,2026-09-19T21:20:51.464Z,92599,83776,0,677,,
openstack-glm-standard,40,0,GLM-5.3-Flash,max,completed,2026-09-19T21:20:51.567Z,2026-09-19T21:24:33.248Z,93329,92544,0,6929,,
openstack-glm-standard,41,0,GLM-5.3-Flash,max,completed,2026-09-19T21:24:33.715Z,2026-09-19T21:26:28.353Z,100314,93312,0,3327,,
openstack-glm-standard,42,0,GLM-5.3-Flash,max,completed,2026-09-19T21:26:28.613Z,2026-09-19T21:27:55.922Z,103652,100288,0,4438,,
openstack-glm-standard,43,0,GLM-5.3-Flash,max,completed,2026-09-19T21:27:56.229Z,2026-09-19T21:28:04.194Z,108145,103616,0,167,,
openstack-glm-standard,44,0,GLM-5.3-Flash,max,completed,2026-09-19T21:28:04.272Z,2026-09-19T21:29:35.174Z,108323,108096,0,5728,,
openstack-glm-standard,45,0,GLM-5.3-Flash,max,completed,2026-09-19T21:29:35.566Z,2026-09-19T21:30:31.248Z,114106,108288,0,1385,,
openstack-glm-standard,46,0,GLM-5.3-Flash,max,completed,2026-09-19T21:30:31.404Z,2026-09-19T21:31:49.712Z,115502,114048,0,5397,,
openstack-glm-standard,47,0,GLM-5.3-Flash,max,completed,2026-09-19T21:31:50.086Z,2026-09-19T21:33:24.504Z,120955,115456,0,2587,,
openstack-glm-standard,48,0,GLM-5.3-Flash,max,completed,2026-09-19T21:33:24.744Z,2026-09-19T21:33:31.667Z,123751,120896,0,200,,
openstack-glm-standard,49,0,GLM-5.3-Flash,max,completed,2026-09-19T21:33:31.733Z,2026-09-19T21:34:59.161Z,124270,123712,0,6207,,
openstack-glm-standard,50,0,GLM-5.3-Flash,max,completed,2026-09-19T21:34:59.568Z,2026-09-19T21:35:11.405Z,130531,124224,0,236,,
openstack-glm-standard,51,0,GLM-5.3-Flash,max,completed,2026-09-19T21:35:11.500Z,2026-09-19T21:35:49.816Z,130823,130496,0,1783,,
openstack-glm-standard,52,0,GLM-5.3-Flash,max,completed,2026-09-19T21:35:49.994Z,2026-09-19T21:35:59.368Z,132662,130816,0,117,,
openstack-glm-standard,53,0,GLM-5.3-Flash,max,completed,2026-09-19T21:35:59.455Z,2026-09-19T21:37:09.022Z,132790,132608,0,3798,,
openstack-glm-standard,54,0,GLM-5.3-Flash,max,completed,2026-09-19T21:37:09.307Z,2026-09-19T21:37:44.008Z,136642,132736,0,880,,
openstack-glm-standard,55,0,GLM-5.3-Flash,max,completed,2026-09-19T21:37:44.685Z,2026-09-19T21:37:52.183Z,137699,136640,0,108,,
openstack-glm-standard,56,0,GLM-5.3-Flash,max,completed,2026-09-19T21:37:52.343Z,2026-09-19T21:38:00.579Z,137862,137664,0,188,,
openstack-glm-standard,57,0,GLM-5.3-Flash,max,completed,2026-09-19T21:38:03.378Z,2026-09-19T21:38:09.017Z,138566,137856,0,126,,
openstack-glm-standard,58,0,GLM-5.3-Flash,max,completed,2026-09-19T21:38:09.149Z,2026-09-19T21:38:14.912Z,138748,138560,0,142,,
openstack-glm-standard,59,0,GLM-5.3-Flash,max,completed,2026-09-19T21:38:15.020Z,2026-09-19T21:38:20.651Z,139146,138688,0,202,,
openstack-glm-standard,60,0,GLM-5.3-Flash,max,completed,2026-09-19T21:38:23.698Z,2026-09-19T21:38:44.207Z,139508,139136,0,925,,
openstack-glm-standard,61,0,GLM-5.3-Flash,max,completed,2026-09-19T21:38:45.361Z,2026-09-19T21:38:52.403Z,140486,139456,0,108,,
openstack-glm-standard,62,0,GLM-5.3-Flash,max,completed,2026-09-19T21:38:52.537Z,2026-09-19T21:39:00.988Z,140605,140480,0,134,,
openstack-glm-standard,63,0,GLM-5.3-Flash,max,completed,2026-09-19T21:39:01.097Z,2026-09-19T21:39:11.747Z,140811,140544,0,401,,
openstack-glm-standard,64,0,GLM-5.3-Flash,max,completed,2026-09-19T21:39:11.938Z,2026-09-19T21:39:19.217Z,141260,140800,0,137,,
openstack-glm-standard,65,0,GLM-5.3-Flash,max,completed,2026-09-19T21:39:20.496Z,2026-09-19T21:39:52.199Z,141409,141248,0,960,,
openstack-glm-standard,66,0,GLM-5.3-Flash,max,completed,2026-09-19T21:39:52.340Z,2026-09-19T21:39:59.664Z,142425,141376,0,166,,
openstack-glm-standard,67,0,GLM-5.3-Flash,max,completed,2026-09-19T21:40:02.834Z,2026-09-19T21:40:10.217Z,142604,142400,0,90,,
openstack-glm-standard,68,0,GLM-5.3-Flash,max,completed,2026-09-19T21:40:10.339Z,2026-09-19T21:40:18.209Z,142780,142592,0,64,,
openstack-glm-standard,69,0,GLM-5.3-Flash,max,completed,2026-09-19T21:40:18.299Z,2026-09-19T21:40:26.723Z,143448,142720,0,261,,
openstack-glm-standard,70,0,GLM-5.3-Flash,max,completed,2026-09-19T21:40:30.884Z,2026-09-19T21:40:43.893Z,143769,143424,0,442,,
openstack-glm-standard,71,0,GLM-5.3-Flash,max,completed,2026-09-19T21:40:44.056Z,2026-09-19T21:40:51.696Z,144262,143744,0,176,,
openstack-glm-standard,72,0,GLM-5.3-Flash,max,completed,2026-09-19T21:40:53.792Z,2026-09-19T21:41:17.685Z,144492,144256,0,978,,
openstack-glm-standard,73,0,GLM-5.3-Flash,max,completed,2026-09-19T21:41:17.825Z,2026-09-19T21:41:23.941Z,145526,144448,0,197,,
openstack-glm-standard,74,0,GLM-5.3-Flash,max,completed,2026-09-19T21:41:26.431Z,2026-09-19T21:41:41.789Z,145736,145472,0,549,,
openstack-glm-standard,75,0,GLM-5.3-Flash,max,completed,2026-09-19T21:41:43.934Z,2026-09-19T21:41:56.505Z,146382,145728,0,625,,
openstack-glm-standard,76,0,GLM-5.3-Flash,max,completed,2026-09-19T21:41:57.140Z,2026-09-19T21:42:02.237Z,147108,146368,0,176,,
openstack-glm-standard,77,0,GLM-5.3-Flash,max,completed,2026-09-19T21:42:03.714Z,2026-09-19T21:42:21.082Z,147359,147072,0,486,,
openstack-glm-standard,78,0,GLM-5.3-Flash,max,completed,2026-09-19T21:42:21.187Z,2026-09-19T21:42:29.888Z,147901,147328,0,182,,
openstack-glm-standard,79,0,GLM-5.3-Flash,max,completed,2026-09-19T21:42:33.338Z,2026-09-19T21:42:49.577Z,148303,147840,0,564,,
openstack-glm-standard,80,0,GLM-5.3-Flash,max,completed,2026-09-19T21:42:49.699Z,2026-09-19T21:42:56.721Z,148879,148288,0,95,,
openstack-glm-standard,81,0,GLM-5.3-Flash,max,completed,2026-09-19T21:42:56.932Z,2026-09-19T21:43:09.409Z,149070,148864,0,381,,
openstack-glm-standard,82,0,GLM-5.3-Flash,max,completed,2026-09-19T21:43:09.509Z,2026-09-19T21:43:27.636Z,149644,149056,0,408,,
openstack-glm-standard,83,0,GLM-5.3-Flash,max,completed,2026-09-19T21:43:27.930Z,2026-09-19T21:43:35.718Z,150217,149632,0,142,,
openstack-glm-standard,84,0,GLM-5.3-Flash,max,completed,2026-09-19T21:43:35.978Z,2026-09-19T21:43:54.051Z,150438,150208,0,623,,
openstack-glm-standard,85,0,GLM-5.3-Flash,max,completed,2026-09-19T21:43:55.294Z,2026-09-19T21:44:19.045Z,151259,150400,0,311,,
openstack-glm-standard,86,0,GLM-5.3-Flash,max,completed,2026-09-19T21:44:19.190Z,2026-09-19T21:44:26.421Z,151582,151232,0,103,,
openstack-glm-standard,87,0,GLM-5.3-Flash,max,completed,2026-09-19T21:44:26.662Z,2026-09-19T21:44:38.091Z,151949,151552,0,510,,
openstack-glm-standard,88,0,GLM-5.3-Flash,max,completed,2026-09-19T21:44:38.591Z,2026-09-19T21:44:57.747Z,152470,151936,0,647,,
openstack-glm-standard,89,0,GLM-5.3-Flash,max,completed,2026-09-19T21:44:58.667Z,2026-09-19T21:45:47.524Z,153334,152448,0,424,,
openstack-glm-standard,90,0,GLM-5.3-Flash,max,completed,2026-09-19T21:45:47.608Z,2026-09-19T21:45:55.086Z,153974,153280,0,188,,
openstack-glm-standard,91,0,GLM-5.3-Flash,max,completed,2026-09-19T21:45:55.153Z,2026-09-19T21:46:28.265Z,154282,153920,0,957,,
openstack-glm-standard,92,0,GLM-5.3-Flash,max,completed,2026-09-19T21:46:28.788Z,2026-09-19T21:46:33.604Z,155270,154240,0,79,,
openstack-glm-standard,93,0,GLM-5.3-Flash,max,completed,2026-09-19T21:46:33.667Z,2026-09-19T21:47:24.823Z,155394,155264,0,1475,,
openstack-glm-standard,94,0,GLM-5.3-Flash,max,completed,2026-09-19T21:47:24.964Z,2026-09-19T21:47:30.112Z,156925,155392,0,168,,
openstack-glm-standard,95,0,GLM-5.3-Flash,max,completed,2026-09-19T21:47:30.192Z,2026-09-19T21:47:37.078Z,157149,156864,0,97,,
openstack-glm-standard,96,0,GLM-5.3-Flash,max,completed,2026-09-19T21:47:37.146Z,2026-09-19T21:47:46.291Z,157302,157120,0,376,,
openstack-glm-standard,97,0,GLM-5.3-Flash,max,completed,2026-09-19T21:47:46.373Z,2026-09-19T21:47:53.059Z,157734,157248,0,218,,
openstack-glm-standard,98,0,GLM-5.3-Flash,max,completed,2026-09-19T21:47:53.133Z,2026-09-19T21:48:04.313Z,158008,157696,0,356,,
openstack-glm-standard,99,0,GLM-5.3-Flash,max,completed,2026-09-19T21:48:04.402Z,2026-09-19T21:48:12.310Z,158620,157952,0,160,,
openstack-glm-standard,100,0,GLM-5.3-Flash,max,completed,2026-09-19T21:48:12.541Z,2026-09-19T21:48:20.492Z,158836,158592,0,256,,
openstack-glm-standard,101,0,GLM-5.3-Flash,max,completed,2026-09-19T21:48:24.743Z,2026-09-19T21:48:33.395Z,159104,158784,0,131,,
openstack-glm-standard,102,0,GLM-5.3-Flash,max,completed,2026-09-19T21:48:33.528Z,2026-09-19T21:48:47.117Z,159283,159104,0,462,,
openstack-glm-standard,103,0,GLM-5.3-Flash,max,completed,2026-09-19T21:48:48.041Z,2026-09-19T21:48:54.487Z,159771,159232,0,51,,
openstack-glm-standard,104,0,GLM-5.3-Flash,max,completed,2026-09-19T21:48:54.556Z,2026-09-19T21:49:18.664Z,160131,159744,0,776,,
openstack-glm-standard,105,0,GLM-5.3-Flash,max,completed,2026-09-19T21:49:19.597Z,2026-09-19T21:50:00.648Z,160953,160128,0,1498,,
openstack-glm-standard,106,0,GLM-5.3-Flash,max,completed,2026-09-19T21:50:02.960Z,2026-09-19T21:50:15.204Z,162467,160896,0,342,,
openstack-glm-standard,107,0,GLM-5.3-Flash,max,completed,2026-09-19T21:50:15.345Z,2026-09-19T21:50:42.423Z,162871,162432,0,705,,
openstack-glm-standard,108,0,GLM-5.3-Flash,max,completed,2026-09-19T21:50:42.529Z,2026-09-19T21:51:01.671Z,163611,162816,0,645,,
openstack-glm-standard,109,0,GLM-5.3-Flash,max,completed,2026-09-19T21:51:01.779Z,2026-09-19T21:51:16.017Z,164512,163584,0,877,,
openstack-glm-standard,110,0,GLM-5.3-Flash,max,completed,2026-09-19T21:51:16.912Z,2026-09-19T21:51:24.611Z,165479,164480,0,170,,
openstack-glm-standard,111,0,GLM-5.3-Flash,max,completed,2026-09-19T21:51:24.687Z,2026-09-19T21:52:00.656Z,165968,165440,0,945,,
openstack-glm-standard,112,0,GLM-5.3-Flash,max,completed,2026-09-19T21:52:00.778Z,2026-09-19T21:53:09.788Z,167304,165952,0,1907,,
openstack-glm-standard,113,0,GLM-5.3-Flash,max,completed,2026-09-19T21:53:14.315Z,2026-09-19T21:53:43.480Z,169267,167296,0,893,,
openstack-glm-standard,114,0,GLM-5.3-Flash,max,completed,2026-09-19T21:53:43.590Z,2026-09-19T21:53:49.203Z,170216,169216,0,170,,
openstack-glm-standard,115,0,GLM-5.3-Flash,max,completed,2026-09-19T21:53:52.538Z,2026-09-19T21:54:00.885Z,170398,170176,0,159,,
openstack-glm-standard,116,0,GLM-5.3-Flash,max,completed,2026-09-19T21:54:01.081Z,2026-09-19T21:54:26.077Z,170885,170368,0,957,,
openstack-glm-standard,117,0,GLM-5.3-Flash,max,completed,2026-09-19T21:54:27.035Z,2026-09-19T21:54:34.501Z,171857,170880,0,122,,
openstack-glm-standard,118,0,GLM-5.3-Flash,max,completed,2026-09-19T21:54:34.859Z,2026-09-19T21:54:40.661Z,172171,171840,0,144,,
openstack-glm-standard,119,0,GLM-5.3-Flash,max,completed,2026-09-19T21:54:40.851Z,2026-09-19T21:54:49.002Z,172526,172160,0,123,,
openstack-glm-standard,120,0,GLM-5.3-Flash,max,completed,2026-09-19T21:54:49.262Z,2026-09-19T21:55:06.007Z,172777,172480,0,425,,
openstack-glm-standard,121,0,GLM-5.3-Flash,max,completed,2026-09-19T21:55:06.288Z,2026-09-19T21:55:31.400Z,173394,172736,0,820,,
openstack-glm-standard,122,0,GLM-5.3-Flash,max,completed,2026-09-19T21:55:32.461Z,2026-09-19T21:55:46.145Z,174232,173376,0,484,,
openstack-glm-standard,123,0,GLM-5.3-Flash,max,completed,2026-09-19T21:55:47.027Z,2026-09-19T21:55:57.406Z,175567,174208,0,416,,
openstack-glm-standard,124,0,GLM-5.3-Flash,max,completed,2026-09-19T21:55:58.470Z,2026-09-19T21:56:18.361Z,176048,175552,0,604,,
openstack-glm-standard,125,0,GLM-5.3-Flash,max,completed,2026-09-19T21:56:18.466Z,2026-09-19T21:56:35.093Z,176750,176000,0,496,,
openstack-glm-standard,126,0,GLM-5.3-Flash,max,completed,2026-09-19T21:56:35.513Z,2026-09-19T21:56:51.281Z,177416,176704,0,445,,
openstack-glm-standard,127,0,GLM-5.3-Flash,max,completed,2026-09-19T21:56:51.439Z,2026-09-19T21:56:57.411Z,177873,177408,0,131,,
openstack-glm-standard,128,0,GLM-5.3-Flash,max,completed,2026-09-19T21:56:57.543Z,2026-09-19T21:57:13.699Z,178154,177856,0,394,,
openstack-glm-standard,129,0,GLM-5.3-Flash,max,completed,2026-09-19T21:57:13.832Z,2026-09-19T21:57:32.238Z,178833,178112,0,488,,
openstack-glm-standard,130,0,GLM-5.3-Flash,max,completed,2026-09-19T21:57:32.389Z,2026-09-19T21:57:52.713Z,179581,178816,0,541,,
openstack-glm-standard,131,0,GLM-5.3-Flash,max,completed,2026-09-19T21:57:52.871Z,2026-09-19T21:58:10.533Z,180415,179520,0,413,,
openstack-glm-standard,132,0,GLM-5.3-Flash,max,completed,2026-09-19T21:58:10.677Z,2026-09-19T21:58:16.468Z,180835,180352,0,151,,
openstack-glm-standard,133,0,GLM-5.3-Flash,max,completed,2026-09-19T21:58:16.603Z,2026-09-19T21:58:42.496Z,181035,180800,0,859,,
openstack-glm-standard,134,0,GLM-5.3-Flash,max,completed,2026-09-19T21:58:42.602Z,2026-09-19T21:58:49.440Z,181947,180992,0,78,,
openstack-glm-standard,135,0,GLM-5.3-Flash,max,completed,2026-09-19T21:58:49.532Z,2026-09-19T21:58:57.435Z,182400,181888,0,141,,
openstack-glm-standard,136,0,GLM-5.3-Flash,max,completed,2026-09-19T21:58:57.589Z,2026-09-19T21:59:18.112Z,182736,182400,0,620,,
openstack-glm-standard,137,0,GLM-5.3-Flash,max,completed,2026-09-19T21:59:18.256Z,2026-09-19T21:59:29.999Z,183602,182720,0,499,,
openstack-glm-standard,138,0,GLM-5.3-Flash,max,completed,2026-09-19T21:59:30.079Z,2026-09-19T21:59:34.028Z,184140,183552,0,38,,
openstack-glm-standard,139,0,GLM-5.3-Flash,max,completed,2026-09-19T21:59:34.562Z,2026-09-19T21:59:42.699Z,185165,184128,0,357,,
openstack-glm-standard,140,0,GLM-5.3-Flash,max,completed,2026-09-19T21:59:42.781Z,2026-09-19T21:59:48.424Z,185577,185152,0,80,,
openstack-glm-standard,141,0,GLM-5.3-Flash,max,completed,2026-09-19T21:59:49.534Z,2026-09-19T22:00:21.413Z,185913,185536,0,949,,
openstack-glm-standard,142,0,GLM-5.3-Flash,max,completed,2026-09-19T22:00:28.899Z,2026-09-19T22:01:27.147Z,187380,185856,0,1784,,
openstack-glm-standard,143,0,GLM-5.3-Flash,max,completed,2026-09-19T22:01:27.300Z,2026-09-19T22:01:31.460Z,189203,187328,0,51,,
openstack-glm-standard,144,0,GLM-5.3-Flash,max,completed,2026-09-19T22:01:31.494Z,2026-09-19T22:01:40.241Z,190740,189184,0,284,,
openstack-glm-standard,145,0,GLM-5.3-Flash,max,completed,2026-09-19T22:01:40.428Z,2026-09-19T22:02:05.039Z,191080,190720,0,793,,
openstack-glm-standard,146,0,GLM-5.3-Flash,max,completed,2026-09-19T22:02:05.156Z,2026-09-19T22:02:25.723Z,191929,191040,0,554,,
openstack-glm-standard,147,0,GLM-5.3-Flash,max,completed,2026-09-19T22:02:29.033Z,2026-09-19T22:03:04.223Z,192897,191872,0,932,,
openstack-glm-standard,148,0,GLM-5.3-Flash,max,completed,2026-09-19T22:03:04.342Z,2026-09-19T22:03:42.312Z,193885,192896,0,1062,,
openstack-glm-standard,149,0,GLM-5.3-Flash,max,completed,2026-09-19T22:03:43.247Z,2026-09-19T22:03:50.112Z,195162,193856,0,208,,
openstack-glm-standard,150,0,GLM-5.3-Flash,max,completed,2026-09-19T22:03:50.322Z,2026-09-19T22:04:36.800Z,195699,195136,0,1420,,
openstack-glm-standard,151,0,GLM-5.3-Flash,max,completed,2026-09-19T22:04:36.961Z,2026-09-19T22:04:52.530Z,197175,195648,0,531,,
openstack-glm-standard,152,0,GLM-5.3-Flash,max,completed,2026-09-19T22:04:52.673Z,2026-09-19T22:05:03.731Z,197782,197120,0,133,,
openstack-glm-standard,153,0,GLM-5.3-Flash,max,completed,2026-09-19T22:05:03.902Z,2026-09-19T22:05:07.296Z,197980,197760,0,40,,
openstack-glm-standard,154,0,GLM-5.3-Flash,max,completed,2026-09-19T22:05:07.348Z,2026-09-19T22:05:11.801Z,198085,197952,0,23,,
openstack-glm-standard,155,0,GLM-5.3-Flash,max,completed,2026-09-19T22:05:56.870Z,2026-09-19T22:06:00.549Z,198119,198080,0,40,,
openstack-glm-standard,156,0,GLM-5.3-Flash,max,completed,2026-09-19T22:06:00.613Z,2026-09-19T22:06:47.875Z,198725,198080,0,1342,,
openstack-glm-standard,157,0,GLM-5.3-Flash,max,completed,2026-09-19T22:06:48.029Z,2026-09-19T22:06:54.407Z,200133,198720,0,24,,
openstack-glm-standard,158,0,GLM-5.3-Flash,max,completed,2026-09-19T22:07:54.482Z,2026-09-19T22:08:02.613Z,200168,200128,0,41,,
openstack-glm-standard,159,0,GLM-5.3-Flash,max,completed,2026-09-19T22:08:02.714Z,2026-09-19T22:08:37.642Z,200793,200128,0,1025,,
openstack-glm-standard,160,0,GLM-5.3-Flash,max,completed,2026-09-19T22:08:42.023Z,2026-09-19T22:09:01.193Z,202068,200768,0,480,,
openstack-glm-standard,161,0,GLM-5.3-Flash,max,completed,2026-09-19T22:09:01.296Z,2026-09-19T22:09:06.915Z,202612,202048,0,38,,
openstack-glm-standard,162,0,GLM-5.3-Flash,max,completed,2026-09-19T22:13:06.987Z,2026-09-19T22:13:14.533Z,202661,202560,0,40,,
openstack-glm-standard,163,0,GLM-5.3-Flash,max,completed,2026-09-19T22:13:14.607Z,2026-09-19T22:13:23.692Z,203300,202624,0,257,,
openstack-glm-standard,164,0,GLM-5.3-Flash,max,completed,2026-09-19T22:13:23.790Z,2026-09-19T22:13:28.258Z,203623,203264,0,31,,
openstack-glm-standard,165,0,GLM-5.3-Flash,max,completed,2026-09-19T22:18:28.363Z,2026-09-19T22:18:35.861Z,203665,203584,0,42,,
openstack-glm-standard,166,0,GLM-5.3-Flash,max,completed,2026-09-19T22:18:35.927Z,2026-09-19T22:18:42.643Z,204315,203648,0,187,,
openstack-glm-standard,167,0,GLM-5.3-Flash,max,completed,2026-09-19T22:18:42.938Z,2026-09-19T22:18:49.184Z,204993,204288,0,30,,
openstack-glm-standard,168,0,GLM-5.3-Flash,max,completed,2026-09-19T22:20:19.247Z,2026-09-19T22:20:24.605Z,205034,204992,0,41,,
openstack-glm-standard,169,0,GLM-5.3-Flash,max,completed,2026-09-19T22:20:24.663Z,2026-09-19T22:22:03.532Z,216663,204992,0,3327,,
openstack-glm-standard,170,0,GLM-5.3-Flash,max,completed,2026-09-19T22:22:03.792Z,2026-09-19T22:22:19.836Z,220253,216640,0,682,,
openstack-glm-standard,171,0,GLM-5.3-Flash,max,completed,2026-09-19T22:22:19.932Z,2026-09-19T22:22:49.608Z,220991,220224,0,837,,
openstack-glm-standard,172,0,GLM-5.3-Flash,max,completed,2026-09-19T22:22:49.714Z,2026-09-19T22:22:54.928Z,221884,220928,0,145,,
openstack-glm-standard,173,0,GLM-5.3-Flash,max,completed,2026-09-19T22:22:58.538Z,2026-09-19T22:24:04.167Z,222285,221824,0,1861,,
openstack-glm-standard,174,0,GLM-5.3-Flash,max,completed,2026-09-19T22:24:04.332Z,2026-09-19T22:24:27.097Z,224202,222272,0,553,,
openstack-glm-standard,175,0,GLM-5.3-Flash,max,completed,2026-09-19T22:24:33.050Z,2026-09-19T22:24:40.825Z,225013,224192,0,165,,
openstack-glm-standard,176,0,GLM-5.3-Flash,max,completed,2026-09-19T22:24:40.905Z,2026-09-19T22:24:45.110Z,225247,224960,0,31,,
openstack-glm-standard,177,0,GLM-5.3-Flash,max,completed,2026-09-19T22:29:15.198Z,2026-09-19T22:29:31.871Z,225289,225216,0,44,,
openstack-glm-standard,178,0,GLM-5.3-Flash,max,completed,2026-09-19T22:29:32.057Z,2026-09-19T22:30:14.059Z,225939,225280,0,1082,,
openstack-glm-standard,179,0,GLM-5.3-Flash,max,completed,2026-09-19T22:30:14.516Z,2026-09-19T22:30:24.888Z,227505,225920,0,31,,
openstack-glm-standard,180,0,GLM-5.3-Flash,max,completed,2026-09-19T22:30:24.980Z,2026-09-19T22:30:33.804Z,227805,227456,0,127,,
openstack-glm-standard,181,0,GLM-5.3-Flash,max,completed,2026-09-19T22:30:33.888Z,2026-09-19T22:30:43.675Z,228206,227776,0,33,,
openstack-glm-standard,182,0,GLM-5.3-Flash,max,completed,2026-09-19T22:35:43.746Z,2026-09-19T22:35:48.493Z,228250,228160,0,42,,
openstack-glm-standard,183,0,GLM-5.3-Flash,max,completed,2026-09-19T22:35:48.557Z,2026-09-19T22:36:04.668Z,240012,228224,0,529,,
openstack-glm-standard,184,0,GLM-5.3-Flash,max,completed,2026-09-19T22:36:04.759Z,2026-09-19T22:36:11.836Z,241134,240000,0,196,,
openstack-glm-standard,185,0,GLM-5.3-Flash,max,completed,2026-09-19T22:36:12.237Z,2026-09-19T22:36:24.932Z,241817,241088,0,31,,
openstack-glm-standard,186,0,GLM-5.3-Flash,max,completed,2026-09-19T22:38:25.005Z,2026-09-19T22:38:29.247Z,241859,241792,0,41,,
openstack-glm-standard,187,0,GLM-5.3-Flash,max,completed,2026-09-19T22:38:29.307Z,2026-09-19T22:38:55.063Z,253474,241856,0,898,,
openstack-glm-standard,188,0,GLM-5.3-Flash,max,completed,2026-09-19T22:38:55.290Z,2026-09-19T22:38:59.878Z,254554,253440,0,65,,
openstack-glm-standard,189,0,GLM-5.3-Flash,max,completed,2026-09-19T22:39:00.053Z,2026-09-19T22:39:42.769Z,254812,254528,0,1598,,
openstack-glm-standard,190,0,GLM-5.3-Flash,max,completed,2026-09-19T22:39:42.923Z,2026-09-19T22:40:25.226Z,256463,254784,0,1651,,
openstack-glm-standard,191,0,GLM-5.3-Flash,max,completed,2026-09-19T22:40:25.395Z,2026-09-19T22:41:12.476Z,258326,256448,0,1353,,
openstack-glm-standard,192,0,GLM-5.3-Flash,max,completed,2026-09-19T22:41:17.568Z,2026-09-19T22:41:26.206Z,259790,258304,0,121,,
openstack-glm-standard,193,0,GLM-5.3-Flash,max,completed,2026-09-19T22:41:26.266Z,2026-09-19T22:41:51.002Z,260116,259776,0,792,,
openstack-glm-decode-first,1,0,GLM-5.3-Flash,max,completed,2026-09-20T12:42:04.487Z,2026-09-20T12:42:14.056Z,14923,1792,0,152,,
openstack-glm-decode-first,2,0,GLM-5.3-Flash,max,completed,2026-09-20T12:42:14.153Z,2026-09-20T12:42:17.188Z,16182,8448,0,121,,
openstack-glm-decode-first,3,0,GLM-5.3-Flash,max,completed,2026-09-20T12:42:17.249Z,2026-09-20T12:42:25.108Z,17104,16128,0,190,,
openstack-glm-decode-first,4,0,GLM-5.3-Flash,max,completed,2026-09-20T12:42:25.198Z,2026-09-20T12:42:33.515Z,20541,17088,0,234,,
openstack-glm-decode-first,5,0,GLM-5.3-Flash,max,completed,2026-09-20T12:42:33.584Z,2026-09-20T12:42:39.268Z,22955,20480,0,86,,
openstack-glm-decode-first,6,0,GLM-5.3-Flash,max,completed,2026-09-20T12:42:39.310Z,2026-09-20T12:42:47.050Z,23125,22912,0,115,,
openstack-glm-decode-first,7,0,GLM-5.3-Flash,max,completed,2026-09-20T12:42:47.114Z,2026-09-20T12:42:48.854Z,24397,23104,0,12,,
openstack-glm-decode-first,8,0,GLM-5.3-Flash,max,completed,2026-09-20T12:42:48.909Z,2026-09-20T12:43:04.226Z,26723,24384,0,389,,
openstack-glm-decode-first,9,0,GLM-5.3-Flash,max,completed,2026-09-20T12:43:04.340Z,2026-09-20T12:43:14.257Z,29687,26688,0,194,,
openstack-glm-decode-first,10,0,GLM-5.3-Flash,max,completed,2026-09-20T12:43:14.342Z,2026-09-20T12:43:19.990Z,29993,29632,0,56,,
openstack-glm-decode-first,11,0,GLM-5.3-Flash,max,completed,2026-09-20T12:43:20.064Z,2026-09-20T12:43:33.720Z,32507,29952,0,337,,
openstack-glm-decode-first,12,0,GLM-5.3-Flash,max,completed,2026-09-20T12:43:33.828Z,2026-09-20T12:43:42.536Z,33259,32448,0,152,,
openstack-glm-decode-first,13,0,GLM-5.3-Flash,max,completed,2026-09-20T12:43:42.603Z,2026-09-20T12:44:44.323Z,36034,33216,0,1923,,
openstack-glm-decode-first,14,0,GLM-5.3-Flash,max,completed,2026-09-20T12:44:44.590Z,2026-09-20T12:48:21.268Z,41045,36032,0,6849,,
openstack-glm-decode-first,15,0,GLM-5.3-Flash,max,completed,2026-09-20T12:48:23.624Z,2026-09-20T12:48:45.239Z,48066,41024,0,665,,
openstack-glm-decode-first,16,0,GLM-5.3-Flash,max,completed,2026-09-20T12:48:45.341Z,2026-09-20T12:48:57.944Z,48759,48064,0,477,,
openstack-glm-decode-first,17,0,GLM-5.3-Flash,max,completed,2026-09-20T12:49:05.408Z,2026-09-20T12:49:44.434Z,49288,48704,0,637,,
openstack-glm-decode-first,18,0,GLM-5.3-Flash,max,completed,2026-09-20T12:49:51.253Z,2026-09-20T12:51:03.869Z,50534,49280,0,2660,,
openstack-glm-decode-first,19,0,GLM-5.3-Flash,max,completed,2026-09-20T12:51:15.804Z,2026-09-20T12:53:01.430Z,53288,50496,0,3734,,
openstack-glm-decode-first,20,0,GLM-5.3-Flash,max,completed,2026-09-20T12:53:01.717Z,2026-09-20T12:53:38.081Z,57089,53248,0,1411,,
openstack-glm-decode-first,21,0,GLM-5.3-Flash,max,completed,2026-09-20T12:53:38.236Z,2026-09-20T12:54:13.315Z,58819,57088,0,1753,,
openstack-glm-decode-first,22,0,GLM-5.3-Flash,max,completed,2026-09-20T12:54:27.100Z,2026-09-20T12:59:25.844Z,61059,58816,0,9167,,
openstack-glm-decode-first,23,0,GLM-5.3-Flash,max,completed,2026-09-20T12:59:26.442Z,2026-09-20T12:59:35.877Z,70624,61056,0,166,,
openstack-glm-decode-first,24,0,GLM-5.3-Flash,max,completed,2026-09-20T12:59:35.966Z,2026-09-20T12:59:42.422Z,70828,70592,0,57,,
openstack-glm-decode-first,25,0,GLM-5.3-Flash,max,completed,2026-09-20T12:59:42.491Z,2026-09-20T13:00:16.837Z,70921,70784,0,1671,,
openstack-glm-decode-first,26,0,GLM-5.3-Flash,max,completed,2026-09-20T13:00:17.969Z,2026-09-20T13:01:01.510Z,72640,70912,0,1604,,
openstack-glm-decode-first,27,0,GLM-5.3-Flash,max,completed,2026-09-20T13:01:02.607Z,2026-09-20T13:01:36.104Z,74287,72640,0,1547,,
openstack-glm-decode-first,28,0,GLM-5.3-Flash,max,completed,2026-09-20T13:01:37.236Z,2026-09-20T13:02:06.204Z,75872,74240,0,1020,,
openstack-glm-decode-first,29,0,GLM-5.3-Flash,max,completed,2026-09-20T13:02:06.327Z,2026-09-20T13:02:28.324Z,76939,75840,0,1297,,
openstack-glm-decode-first,30,0,GLM-5.3-Flash,max,completed,2026-09-20T13:02:39.097Z,2026-09-20T13:03:03.545Z,78470,76928,0,606,,
openstack-glm-decode-first,31,0,GLM-5.3-Flash,max,completed,2026-09-20T13:03:05.718Z,2026-09-20T13:05:59.270Z,79153,78464,0,4991,,
openstack-glm-decode-first,32,0,GLM-5.3-Flash,max,completed,2026-09-20T13:05:59.600Z,2026-09-20T13:11:08.115Z,84470,79104,0,8982,,
openstack-glm-decode-first,33,0,GLM-5.3-Flash,max,completed,2026-09-20T13:11:08.685Z,2026-09-20T13:11:21.829Z,93722,84416,0,400,,
openstack-glm-decode-first,34,0,GLM-5.3-Flash,max,completed,2026-09-20T13:11:21.932Z,2026-09-20T13:13:54.405Z,94183,93696,0,8082,,
openstack-glm-decode-first,35,0,GLM-5.3-Flash,max,completed,2026-09-20T13:13:54.917Z,2026-09-20T13:17:16.565Z,102325,94144,0,10611,,
openstack-glm-decode-first,36,0,GLM-5.3-Flash,max,completed,2026-09-20T13:17:17.223Z,2026-09-20T13:19:32.577Z,112997,102272,0,8578,,
openstack-glm-decode-first,37,0,GLM-5.3-Flash,max,completed,2026-09-20T13:19:33.116Z,2026-09-20T13:21:52.435Z,121637,112960,0,6976,,
openstack-glm-decode-first,38,0,GLM-5.3-Flash,max,completed,2026-09-20T13:21:52.882Z,2026-09-20T13:22:21.923Z,128674,121600,0,1710,,
openstack-glm-decode-first,39,0,GLM-5.3-Flash,max,completed,2026-09-20T13:22:22.100Z,2026-09-20T13:23:38.529Z,130446,128640,0,3302,,
openstack-glm-decode-first,40,0,GLM-5.3-Flash,max,completed,2026-09-20T13:23:38.802Z,2026-09-20T13:23:54.086Z,133807,130432,0,102,,
openstack-glm-decode-first,41,0,GLM-5.3-Flash,max,completed,2026-09-20T13:23:54.218Z,2026-09-20T13:24:01.291Z,133952,133760,0,134,,
openstack-glm-decode-first,42,0,GLM-5.3-Flash,max,completed,2026-09-20T13:24:03.171Z,2026-09-20T13:24:25.623Z,135666,133952,0,876,,
openstack-glm-decode-first,43,0,GLM-5.3-Flash,max,completed,2026-09-20T13:24:28.044Z,2026-09-20T13:24:39.349Z,136860,135616,0,368,,
openstack-glm-decode-first,44,0,GLM-5.3-Flash,max,completed,2026-09-20T13:24:39.451Z,2026-09-20T13:24:47.528Z,137289,136832,0,164,,
openstack-glm-decode-first,45,0,GLM-5.3-Flash,max,completed,2026-09-20T13:24:50.010Z,2026-09-20T13:24:58.185Z,137566,137280,0,179,,
openstack-glm-decode-first,46,0,GLM-5.3-Flash,max,completed,2026-09-20T13:25:01.236Z,2026-09-20T13:25:10.055Z,137792,137536,0,134,,
openstack-glm-decode-first,47,0,GLM-5.3-Flash,max,completed,2026-09-20T13:25:11.680Z,2026-09-20T13:25:18.252Z,138143,137792,0,32,,
openstack-glm-decode-first,48,0,GLM-5.3-Flash,max,completed,2026-09-20T13:25:18.440Z,2026-09-20T13:25:36.075Z,138471,138112,0,649,,
openstack-glm-decode-first,49,0,GLM-5.3-Flash,max,completed,2026-09-20T13:25:36.535Z,2026-09-20T13:25:40.164Z,139131,138432,0,56,,
openstack-glm-decode-first,50,0,GLM-5.3-Flash,max,completed,2026-09-20T13:25:40.307Z,2026-09-20T13:25:47.226Z,139250,139072,0,120,,
openstack-glm-decode-first,51,0,GLM-5.3-Flash,max,completed,2026-09-20T13:25:47.915Z,2026-09-20T13:25:57.392Z,139578,139200,0,103,,
openstack-glm-decode-first,52,0,GLM-5.3-Flash,max,completed,2026-09-20T13:25:57.580Z,2026-09-20T13:26:51.842Z,139821,139520,0,2326,,
openstack-glm-decode-first,53,0,GLM-5.3-Flash,max,completed,2026-09-20T13:26:52.060Z,2026-09-20T13:27:17.447Z,142364,139776,0,1500,,
openstack-glm-decode-first,54,0,GLM-5.3-Flash,max,completed,2026-09-20T13:27:19.420Z,2026-09-20T13:27:26.061Z,144018,142336,0,63,,
openstack-glm-decode-first,55,0,GLM-5.3-Flash,max,completed,2026-09-20T13:27:27.677Z,2026-09-20T13:27:43.867Z,144374,144000,0,338,,
openstack-glm-decode-first,56,0,GLM-5.3-Flash,max,completed,2026-09-20T13:27:44.829Z,2026-09-20T13:27:51.441Z,144734,144320,0,32,,
openstack-glm-decode-first,57,0,GLM-5.3-Flash,max,completed,2026-09-20T13:27:51.638Z,2026-09-20T13:28:01.503Z,144878,144704,0,137,,
openstack-glm-decode-first,58,0,GLM-5.3-Flash,max,completed,2026-09-20T13:28:01.787Z,2026-09-20T13:28:08.442Z,145259,144832,0,70,,
openstack-glm-decode-first,59,0,GLM-5.3-Flash,max,completed,2026-09-20T13:28:08.730Z,2026-09-20T13:28:17.879Z,145704,145216,0,97,,
openstack-glm-decode-first,60,0,GLM-5.3-Flash,max,completed,2026-09-20T13:28:18.189Z,2026-09-20T13:29:50.844Z,146492,145664,0,3594,,
openstack-glm-decode-first,61,0,GLM-5.3-Flash,max,completed,2026-09-20T13:29:52.788Z,2026-09-20T13:29:58.738Z,150374,146432,0,82,,
openstack-glm-decode-first,62,0,GLM-5.3-Flash,max,completed,2026-09-20T13:29:59.329Z,2026-09-20T13:30:07.637Z,150907,150336,0,207,,
openstack-glm-decode-first,63,0,GLM-5.3-Flash,max,completed,2026-09-20T13:30:08.801Z,2026-09-20T13:30:18.792Z,151573,150848,0,192,,
openstack-glm-decode-first,64,0,GLM-5.3-Flash,max,completed,2026-09-20T13:30:19.104Z,2026-09-20T13:30:34.666Z,152132,151552,0,349,,
openstack-glm-decode-first,65,0,GLM-5.3-Flash,max,completed,2026-09-20T13:30:34.748Z,2026-09-20T13:30:40.472Z,152520,152128,0,33,,
openstack-glm-decode-first,66,0,GLM-5.3-Flash,max,completed,2026-09-20T13:30:40.625Z,2026-09-20T13:30:48.387Z,152641,152512,0,106,,
openstack-glm-decode-first,67,0,GLM-5.3-Flash,max,completed,2026-09-20T13:30:49.564Z,2026-09-20T13:30:56.879Z,153015,152640,0,120,,
openstack-glm-decode-first,68,0,GLM-5.3-Flash,max,completed,2026-09-20T13:30:57.725Z,2026-09-20T13:31:03.737Z,153395,152960,0,34,,
openstack-glm-decode-first,69,0,GLM-5.3-Flash,max,completed,2026-09-20T13:31:03.880Z,2026-09-20T13:31:39.180Z,153571,153344,0,1108,,
openstack-glm-decode-first,70,0,GLM-5.3-Flash,max,completed,2026-09-20T13:31:42.406Z,2026-09-20T13:32:49.223Z,154910,153536,0,2056,,
openstack-glm-decode-first,71,0,GLM-5.3-Flash,max,completed,2026-09-20T13:32:51.373Z,2026-09-20T13:34:07.857Z,157051,154880,0,2234,,
openstack-glm-decode-first,72,0,GLM-5.3-Flash,max,completed,2026-09-20T13:34:14.623Z,2026-09-20T13:35:05.418Z,159667,156992,0,1646,,
openstack-glm-decode-first,73,0,GLM-5.3-Flash,max,completed,2026-09-20T13:35:07.167Z,2026-09-20T13:35:15.648Z,161671,159616,0,309,,
openstack-glm-decode-first,74,0,GLM-5.3-Flash,max,completed,2026-09-20T13:35:15.793Z,2026-09-20T13:35:37.968Z,162529,161664,0,808,,
openstack-glm-decode-first,75,0,GLM-5.3-Flash,max,completed,2026-09-20T13:35:38.087Z,2026-09-20T13:35:45.342Z,163391,162496,0,142,,
openstack-glm-decode-first,76,0,GLM-5.3-Flash,max,completed,2026-09-20T13:35:45.424Z,2026-09-20T13:35:52.807Z,163585,163328,0,142,,
openstack-glm-decode-first,77,0,GLM-5.3-Flash,max,completed,2026-09-20T13:35:55.111Z,2026-09-20T13:36:46.338Z,163868,163584,0,1524,,
openstack-glm-decode-first,78,0,GLM-5.3-Flash,max,completed,2026-09-20T13:36:48.393Z,2026-09-20T13:37:50.277Z,165442,163840,0,2198,,
openstack-glm-decode-first,79,0,GLM-5.3-Flash,max,completed,2026-09-20T13:37:55.154Z,2026-09-20T13:39:07.079Z,167724,165440,0,3007,,
openstack-glm-decode-first,80,0,GLM-5.3-Flash,max,completed,2026-09-20T13:39:09.536Z,2026-09-20T13:39:19.974Z,171042,167680,0,261,,
openstack-glm-decode-first,81,0,GLM-5.3-Flash,max,completed,2026-09-20T13:39:22.133Z,2026-09-20T13:39:46.002Z,171322,171008,0,601,,
openstack-glm-decode-first,82,0,GLM-5.3-Flash,max,completed,2026-09-20T13:39:47.626Z,2026-09-20T13:39:55.418Z,172120,171264,0,99,,
openstack-glm-decode-first,83,0,GLM-5.3-Flash,max,completed,2026-09-20T13:39:55.486Z,2026-09-20T13:40:15.933Z,173391,172096,0,673,,
openstack-glm-decode-first,84,0,GLM-5.3-Flash,max,completed,2026-09-20T13:40:16.877Z,2026-09-20T13:40:21.006Z,174387,173376,0,76,,
openstack-glm-decode-first,85,0,GLM-5.3-Flash,max,completed,2026-09-20T13:40:21.480Z,2026-09-20T13:40:26.536Z,174534,174336,0,89,,
openstack-glm-decode-first,86,0,GLM-5.3-Flash,max,completed,2026-09-20T13:40:26.862Z,2026-09-20T13:40:52.343Z,175045,174528,0,1139,,
openstack-glm-decode-first,87,0,GLM-5.3-Flash,max,completed,2026-09-20T13:40:58.400Z,2026-09-20T13:41:16.303Z,176643,175040,0,497,,
openstack-glm-decode-first,88,0,GLM-5.3-Flash,max,completed,2026-09-20T13:41:19.747Z,2026-09-20T13:41:28.378Z,177227,176640,0,138,,
openstack-glm-decode-first,89,0,GLM-5.3-Flash,max,completed,2026-09-20T13:41:28.905Z,2026-09-20T13:41:36.162Z,177552,177216,0,34,,
openstack-glm-decode-first,90,0,GLM-5.3-Flash,max,completed,2026-09-20T13:41:36.228Z,2026-09-20T13:41:57.477Z,177749,177536,0,452,,
openstack-glm-decode-first,91,0,GLM-5.3-Flash,max,completed,2026-09-20T13:41:57.772Z,2026-09-20T13:42:14.056Z,178882,177728,0,422,,
openstack-glm-decode-first,92,0,GLM-5.3-Flash,max,completed,2026-09-20T13:42:15.061Z,2026-09-20T13:42:56.039Z,179500,178880,0,1395,,
openstack-glm-decode-first,93,0,GLM-5.3-Flash,max,completed,2026-09-20T13:43:00.971Z,2026-09-20T13:43:31.504Z,181142,179456,0,822,,
openstack-glm-decode-first,94,0,GLM-5.3-Flash,max,completed,2026-09-20T13:43:33.822Z,2026-09-20T13:44:13.046Z,182334,181120,0,1416,,
openstack-glm-decode-first,95,0,GLM-5.3-Flash,max,completed,2026-09-20T13:44:18.986Z,2026-09-20T13:44:27.988Z,183844,182272,0,119,,
openstack-glm-decode-first,96,0,GLM-5.3-Flash,max,completed,2026-09-20T13:44:31.757Z,2026-09-20T13:44:52.987Z,183972,183808,0,925,,
openstack-glm-decode-first,97,0,GLM-5.3-Flash,max,completed,2026-09-20T13:44:59.745Z,2026-09-20T13:46:06.102Z,185007,183936,0,2170,,
openstack-glm-decode-first,98,0,GLM-5.3-Flash,max,completed,2026-09-20T13:46:10.987Z,2026-09-20T13:47:00.372Z,187252,184960,0,1448,,
openstack-glm-decode-first,99,0,GLM-5.3-Flash,max,completed,2026-09-20T13:47:03.965Z,2026-09-20T13:48:42.367Z,188757,187200,0,3014,,
openstack-glm-decode-first,100,0,GLM-5.3-Flash,max,completed,2026-09-20T13:48:44.743Z,2026-09-20T13:49:59.985Z,191823,188736,0,2258,,
openstack-glm-decode-first,101,0,GLM-5.3-Flash,max,completed,2026-09-20T13:50:04.118Z,2026-09-20T13:50:55.084Z,194136,191808,0,1806,,
openstack-glm-decode-first,102,0,GLM-5.3-Flash,max,completed,2026-09-20T13:50:56.476Z,2026-09-20T13:51:17.398Z,195981,194112,0,746,,
openstack-glm-decode-first,103,0,GLM-5.3-Flash,max,completed,2026-09-20T13:51:18.749Z,2026-09-20T13:51:36.031Z,196766,195968,0,55,,
openstack-glm-decode-first,104,0,GLM-5.3-Flash,max,completed,2026-09-20T13:51:36.546Z,2026-09-20T13:51:49.554Z,197133,196736,0,160,,
openstack-glm-decode-first,105,0,GLM-5.3-Flash,max,completed,2026-09-20T13:51:49.680Z,2026-09-20T13:52:22.114Z,197643,197120,0,1178,,
openstack-glm-decode-first,106,0,GLM-5.3-Flash,max,completed,2026-09-20T13:52:23.076Z,2026-09-20T13:52:42.393Z,198926,197632,0,436,,
openstack-glm-decode-first,107,0,GLM-5.3-Flash,max,completed,2026-09-20T13:52:43.818Z,2026-09-20T13:53:03.891Z,199483,198912,0,584,,
openstack-glm-decode-first,108,0,GLM-5.3-Flash,max,completed,2026-09-20T13:53:05.008Z,2026-09-20T13:53:08.424Z,200078,199424,0,37,,
openstack-glm-decode-first,109,0,GLM-5.3-Flash,max,completed,2026-09-20T13:53:08.691Z,2026-09-20T13:53:24.576Z,200154,200064,0,382,,
openstack-glm-decode-first,110,0,GLM-5.3-Flash,max,completed,2026-09-20T13:53:26.129Z,2026-09-20T13:53:32.161Z,200543,200128,0,35,,
openstack-glm-decode-first,111,0,GLM-5.3-Flash,max,completed,2026-09-20T13:53:32.362Z,2026-09-20T13:53:45.477Z,200617,200512,0,345,,
openstack-glm-decode-first,112,0,GLM-5.3-Flash,max,completed,2026-09-20T13:53:46.798Z,2026-09-20T13:54:15.783Z,201095,200576,0,971,,
openstack-glm-decode-first,113,0,GLM-5.3-Flash,max,completed,2026-09-20T13:54:16.907Z,2026-09-20T13:54:20.119Z,202097,201088,0,43,,
openstack-glm-decode-first,114,0,GLM-5.3-Flash,max,completed,2026-09-20T13:54:20.212Z,2026-09-20T13:54:45.474Z,202396,202048,0,616,,
openstack-glm-decode-first,115,0,GLM-5.3-Flash,max,completed,2026-09-20T13:54:45.597Z,2026-09-20T13:54:52.638Z,203051,202368,0,119,,
openstack-glm-decode-first,116,0,GLM-5.3-Flash,max,completed,2026-09-20T13:54:52.806Z,2026-09-20T13:55:00.729Z,203668,203008,0,128,,
openstack-glm-decode-first,117,0,GLM-5.3-Flash,max,completed,2026-09-20T13:55:04.930Z,2026-09-20T13:55:14.185Z,204855,203648,0,108,,
openstack-glm-decode-first,118,0,GLM-5.3-Flash,max,completed,2026-09-20T13:55:14.260Z,2026-09-20T13:55:20.696Z,204974,204800,0,53,,
openstack-glm-decode-first,119,0,GLM-5.3-Flash,max,completed,2026-09-20T13:55:21.009Z,2026-09-20T13:55:37.089Z,205559,204928,0,417,,
openstack-glm-decode-first,120,0,GLM-5.3-Flash,max,completed,2026-09-20T13:55:42.603Z,2026-09-20T13:55:53.298Z,206019,205504,0,273,,
openstack-glm-decode-first,121,0,GLM-5.3-Flash,max,completed,2026-09-20T13:55:54.367Z,2026-09-20T13:56:01.450Z,206303,206016,0,261,,
openstack-glm-decode-first,122,0,GLM-5.3-Flash,max,completed,2026-09-20T13:56:06.724Z,2026-09-20T13:56:15.990Z,206874,206272,0,128,,
openstack-glm-decode-first,123,0,GLM-5.3-Flash,max,completed,2026-09-20T13:56:16.226Z,2026-09-20T13:56:24.999Z,207018,206848,0,125,,
openstack-glm-decode-first,124,0,GLM-5.3-Flash,max,completed,2026-09-20T13:56:25.242Z,2026-09-20T13:56:28.792Z,207387,206976,0,48,,
openstack-glm-decode-first,125,0,GLM-5.3-Flash,max,completed,2026-09-20T13:56:28.885Z,2026-09-20T13:56:39.177Z,207589,207360,0,200,,
openstack-glm-decode-first,126,0,GLM-5.3-Flash,max,completed,2026-09-20T13:56:39.271Z,2026-09-20T13:57:12.838Z,208442,207552,0,1021,,
openstack-glm-decode-first,127,0,GLM-5.3-Flash,max,completed,2026-09-20T13:57:12.975Z,2026-09-20T13:57:24.405Z,209554,208384,0,260,,
openstack-glm-decode-first,128,0,GLM-5.3-Flash,max,completed,2026-09-20T13:57:24.500Z,2026-09-20T13:57:31.561Z,209829,209536,0,135,,
openstack-glm-decode-first,129,0,GLM-5.3-Flash,max,completed,2026-09-20T13:57:37.606Z,2026-09-20T13:57:45.491Z,210157,209792,0,242,,
openstack-glm-decode-first,130,0,GLM-5.3-Flash,max,completed,2026-09-20T13:57:50.052Z,2026-09-20T13:59:24.831Z,210473,210112,0,3251,,
openstack-glm-decode-first,131,0,GLM-5.3-Flash,max,completed,2026-09-20T13:59:28.786Z,2026-09-20T14:00:45.522Z,213798,210432,0,2135,,
openstack-glm-decode-first,132,0,GLM-5.3-Flash,max,completed,2026-09-20T14:00:45.704Z,2026-09-20T14:00:50.245Z,215967,213760,0,57,,
openstack-glm-decode-first,133,0,GLM-5.3-Flash,max,completed,2026-09-20T14:00:50.283Z,2026-09-20T14:01:57.231Z,217647,215936,0,1784,,
openstack-glm-decode-first,134,0,GLM-5.3-Flash,max,completed,2026-09-20T14:01:57.367Z,2026-09-20T14:03:14.615Z,221641,217600,0,3532,,
openstack-glm-decode-first,135,0,GLM-5.3-Flash,max,completed,2026-09-20T14:03:16.034Z,2026-09-20T14:03:54.866Z,225178,221632,0,1336,,
openstack-glm-decode-first,136,0,GLM-5.3-Flash,max,completed,2026-09-20T14:04:03.070Z,2026-09-20T14:04:44.527Z,226704,225152,0,1533,,
openstack-glm-decode-first,137,0,GLM-5.3-Flash,max,completed,2026-09-20T14:04:52.875Z,2026-09-20T14:07:06.655Z,228516,226688,0,4401,,
openstack-glm-decode-first,138,0,GLM-5.3-Flash,max,completed,2026-09-20T14:07:06.960Z,2026-09-20T14:07:51.921Z,232924,228480,0,2236,,
openstack-glm-decode-first,139,0,GLM-5.3-Flash,max,completed,2026-09-20T14:07:59.925Z,2026-09-20T14:08:06.764Z,235426,232896,0,34,,
openstack-glm-decode-first,140,0,GLM-5.3-Flash,max,completed,2026-09-20T14:08:06.837Z,2026-09-20T14:08:13.215Z,235574,235392,0,289,,
openstack-glm-decode-first,141,0,GLM-5.3-Flash,max,completed,2026-09-20T14:08:20.254Z,2026-09-20T14:08:44.143Z,236054,235520,0,523,,
openstack-glm-decode-first,142,0,GLM-5.3-Flash,max,completed,2026-09-20T14:08:45.922Z,2026-09-20T14:08:53.765Z,236642,236032,0,76,,
openstack-glm-decode-first,143,0,GLM-5.3-Flash,max,completed,2026-09-20T14:08:54.322Z,2026-09-20T14:08:58.063Z,236844,236608,0,34,,
openstack-glm-decode-first,144,0,GLM-5.3-Flash,max,completed,2026-09-20T14:08:58.203Z,2026-09-20T14:09:20.805Z,237291,236800,0,671,,
openstack-glm-decode-first,145,0,GLM-5.3-Flash,max,completed,2026-09-20T14:09:21.502Z,2026-09-20T14:09:26.842Z,238026,237248,0,121,,
openstack-glm-decode-first,146,0,GLM-5.3-Flash,max,completed,2026-09-20T14:09:27.527Z,2026-09-20T14:09:57.055Z,238211,238016,0,1018,,
openstack-glm-decode-first,147,0,GLM-5.3-Flash,max,completed,2026-09-20T14:09:58.674Z,2026-09-20T14:10:09.602Z,239253,238208,0,188,,
openstack-glm-decode-first,148,0,GLM-5.3-Flash,max,completed,2026-09-20T14:10:10.072Z,2026-09-20T14:10:17.322Z,239531,239232,0,78,,
openstack-glm-decode-first,149,0,GLM-5.3-Flash,max,completed,2026-09-20T14:10:18.077Z,2026-09-20T14:10:34.937Z,239692,239488,0,367,,
openstack-glm-decode-first,150,0,GLM-5.3-Flash,max,completed,2026-09-20T14:10:35.025Z,2026-09-20T14:10:43.174Z,240118,239680,0,35,,
openstack-glm-decode-first,151,0,GLM-5.3-Flash,max,completed,2026-09-20T14:10:43.242Z,2026-09-20T14:11:01.776Z,240751,240064,0,838,,
openstack-glm-decode-first,152,0,GLM-5.3-Flash,max,completed,2026-09-20T14:11:12.345Z,2026-09-20T14:13:28.412Z,241691,240704,0,4451,,
openstack-glm-decode-first,153,0,GLM-5.3-Flash,max,completed,2026-09-20T14:13:30.115Z,2026-09-20T14:13:41.718Z,246216,241664,0,570,,
openstack-glm-decode-first,154,0,GLM-5.3-Flash,max,completed,2026-09-20T14:13:50.496Z,2026-09-20T14:15:11.227Z,247229,246208,0,4230,,
openstack-glm-decode-first,155,0,GLM-5.3-Flash,max,completed,2026-09-20T14:15:15.524Z,2026-09-20T14:15:35.419Z,251467,247168,0,228,,
openstack-glm-decode-first,156,0,GLM-5.3-Flash,max,completed,2026-09-20T14:15:37.592Z,2026-09-20T14:16:37.446Z,251800,251456,0,1942,,
openstack-glm-decode-first,157,0,GLM-5.3-Flash,max,completed,2026-09-20T14:16:37.616Z,2026-09-20T14:16:44.610Z,253803,251776,0,301,,
openstack-glm-decode-first,158,0,GLM-5.3-Flash,max,completed,2026-09-20T14:16:44.690Z,2026-09-20T14:16:52.805Z,254164,253760,0,292,,
openstack-glm-decode-first,159,0,GLM-5.3-Flash,max,completed,2026-09-20T14:16:52.949Z,2026-09-20T14:17:03.650Z,254934,254144,0,40,,
openstack-glm-decode-first,160,0,GLM-5.3-Flash,max,completed,2026-09-20T14:17:03.712Z,2026-09-20T14:17:31.890Z,255038,254912,0,793,,
openstack-glm-decode-first,161,0,GLM-5.3-Flash,max,completed,2026-09-20T14:17:31.999Z,2026-09-20T14:17:35.190Z,255890,254976,0,40,,
openstack-glm-decode-first,162,0,GLM-5.3-Flash,max,completed,2026-09-20T14:17:35.257Z,2026-09-20T14:20:27.852Z,256487,255872,0,5252,,
openstack-glm-decode-first,163,0,GLM-5.3-Flash,max,completed,2026-09-20T14:20:28.189Z,2026-09-20T14:21:03.279Z,261758,256448,0,1618,,
openstack-glm-decode-first,164,0,GLM-5.3-Flash,max,completed,2026-09-20T14:21:03.443Z,2026-09-20T14:21:19.873Z,263385,261696,0,900,,
openstack-glm-decode-first,165,0,GLM-5.3-Flash,max,completed,2026-09-20T14:21:20.000Z,2026-09-20T14:21:48.659Z,264294,263360,0,1348,,
openstack-glm-decode-first,166,0,GLM-5.3-Flash,max,completed,2026-09-20T14:21:48.808Z,2026-09-20T14:22:03.286Z,265651,264256,0,270,,
openstack-glm-decode-first,167,0,GLM-5.3-Flash,max,completed,2026-09-20T14:22:03.371Z,2026-09-20T14:23:08.206Z,266265,265600,0,614,,
openstack-glm-decode-first,168,0,GLM-5.3-Flash,max,completed,2026-09-20T14:23:08.405Z,2026-09-20T14:23:31.574Z,268397,266240,0,1241,,
openstack-glm-decode-first,169,0,GLM-5.3-Flash,max,completed,2026-09-20T14:23:32.140Z,2026-09-20T14:23:39.943Z,270256,268352,0,248,,
openstack-glm-decode-first,170,0,GLM-5.3-Flash,max,completed,2026-09-20T14:23:45.605Z,2026-09-20T14:23:53.066Z,270610,270208,0,67,,
openstack-glm-decode-first,171,0,GLM-5.3-Flash,max,completed,2026-09-20T14:23:56.026Z,2026-09-20T14:24:08.409Z,270829,270592,0,370,,
openstack-glm-decode-first,172,0,GLM-5.3-Flash,max,completed,2026-09-20T14:24:09.823Z,2026-09-20T14:24:15.992Z,271241,270784,0,89,,
openstack-glm-decode-first,173,0,GLM-5.3-Flash,max,completed,2026-09-20T14:24:16.324Z,2026-09-20T14:24:29.533Z,271499,271232,0,334,,
openstack-glm-decode-first,174,0,GLM-5.3-Flash,max,completed,2026-09-20T14:24:29.616Z,2026-09-20T14:24:35.859Z,272051,271488,0,85,,
openstack-glm-decode-first,175,0,GLM-5.3-Flash,max,completed,2026-09-20T14:24:36.194Z,2026-09-20T14:24:44.250Z,272147,272000,0,89,,
openstack-glm-decode-first,176,0,GLM-5.3-Flash,max,completed,2026-09-20T14:24:44.588Z,2026-09-20T14:25:08.729Z,272327,272128,0,880,,
openstack-glm-decode-first,177,0,GLM-5.3-Flash,max,completed,2026-09-20T14:25:09.917Z,2026-09-20T14:25:14.660Z,273227,272320,0,72,,
openstack-glm-decode-first,178,0,GLM-5.3-Flash,max,completed,2026-09-20T14:25:14.742Z,2026-09-20T14:25:47.953Z,273346,273216,0,1502,,
openstack-glm-decode-first,179,0,GLM-5.3-Flash,max,completed,2026-09-20T14:25:48.115Z,2026-09-20T14:26:13.964Z,275096,273344,0,1184,,
openstack-glm-decode-first,180,0,GLM-5.3-Flash,max,completed,2026-09-20T14:26:22.045Z,2026-09-20T14:26:28.906Z,276415,275072,0,184,,
openstack-glm-decode-first,181,0,GLM-5.3-Flash,max,completed,2026-09-20T14:26:30.602Z,2026-09-20T14:26:35.282Z,276609,276352,0,77,,
openstack-glm-decode-first,182,0,GLM-5.3-Flash,max,completed,2026-09-20T14:26:35.611Z,2026-09-20T14:26:53.323Z,276771,276608,0,327,,
openstack-glm-decode-first,183,0,GLM-5.3-Flash,max,completed,2026-09-20T14:26:53.408Z,2026-09-20T14:27:09.056Z,277224,276736,0,739,,
openstack-glm-decode-first,184,0,GLM-5.3-Flash,max,completed,2026-09-20T14:27:12.871Z,2026-09-20T14:28:21.668Z,278060,277184,0,1849,,
openstack-glm-decode-first,185,0,GLM-5.3-Flash,max,completed,2026-09-20T14:28:25.269Z,2026-09-20T14:29:31.601Z,280375,278016,0,1628,,
openstack-glm-decode-first,186,0,GLM-5.3-Flash,max,completed,2026-09-20T14:29:37.205Z,2026-09-20T14:30:02.110Z,282446,280320,0,723,,
openstack-glm-decode-first,187,0,GLM-5.3-Flash,max,completed,2026-09-20T14:30:02.211Z,2026-09-20T14:30:50.038Z,283415,282432,0,1704,,
openstack-glm-decode-first,188,0,GLM-5.3-Flash,max,completed,2026-09-20T14:30:59.459Z,2026-09-20T14:31:11.762Z,285378,283392,0,318,,
openstack-glm-decode-first,189,0,GLM-5.3-Flash,max,completed,2026-09-20T14:31:11.863Z,2026-09-20T14:31:39.381Z,286003,285376,0,1028,,
openstack-glm-decode-first,190,0,GLM-5.3-Flash,max,completed,2026-09-20T14:31:39.563Z,2026-09-20T14:31:44.097Z,287459,285952,0,41,,
openstack-glm-decode-first,191,0,GLM-5.3-Flash,max,completed,2026-09-20T14:31:44.155Z,2026-09-20T14:34:44.760Z,288086,287424,0,5681,,
openstack-glm-decode-first,192,0,GLM-5.3-Flash,max,completed,2026-09-20T14:34:55.032Z,2026-09-20T14:36:13.833Z,294018,288064,0,3426,,
openstack-glm-decode-first,193,0,GLM-5.3-Flash,max,completed,2026-09-20T14:36:23.855Z,2026-09-20T14:36:44.341Z,297521,294016,0,452,,
openstack-glm-decode-first,194,0,GLM-5.3-Flash,max,completed,2026-09-20T14:36:45.710Z,2026-09-20T14:36:52.322Z,298183,297472,0,35,,
openstack-glm-decode-first,195,0,GLM-5.3-Flash,max,completed,2026-09-20T14:36:52.397Z,2026-09-20T14:37:36.371Z,298382,298176,0,1338,,
openstack-glm-decode-first,196,0,GLM-5.3-Flash,max,completed,2026-09-20T14:37:38.585Z,2026-09-20T14:38:21.213Z,299749,298368,0,1283,,
openstack-glm-decode-first,197,0,GLM-5.3-Flash,max,completed,2026-09-20T14:38:22.284Z,2026-09-20T14:38:47.018Z,301094,299712,0,852,,
openstack-glm-decode-first,198,0,GLM-5.3-Flash,max,completed,2026-09-20T14:38:57.903Z,2026-09-20T14:39:30.851Z,302286,301056,0,1441,,
openstack-glm-decode-first,199,0,GLM-5.3-Flash,max,completed,2026-09-20T14:39:35.962Z,2026-09-20T14:40:09.147Z,303735,302272,0,988,,
openstack-glm-decode-first,200,0,GLM-5.3-Flash,max,completed,2026-09-20T14:40:26.167Z,2026-09-20T14:40:34.534Z,305061,303680,0,78,,
openstack-glm-decode-first,201,0,GLM-5.3-Flash,max,completed,2026-09-20T14:40:36.550Z,2026-09-20T14:40:40.671Z,305343,305024,0,37,,
openstack-glm-decode-first,202,0,GLM-5.3-Flash,max,completed,2026-09-20T14:40:40.736Z,2026-09-20T14:41:21.227Z,305516,305280,0,1113,,
openstack-glm-decode-first,203,0,GLM-5.3-Flash,max,completed,2026-09-20T14:41:22.648Z,2026-09-20T14:41:36.596Z,306898,305472,0,418,,
openstack-glm-decode-first,204,0,GLM-5.3-Flash,max,completed,2026-09-20T14:41:57.843Z,2026-09-20T14:42:08.383Z,307400,306880,0,98,,
openstack-glm-decode-first,205,0,GLM-5.3-Flash,max,completed,2026-09-20T14:42:08.473Z,2026-09-20T14:42:15.288Z,307563,307392,0,41,,
openstack-glm-decode-first,206,0,GLM-5.3-Flash,max,completed,2026-09-20T14:42:15.353Z,2026-09-20T14:42:22.787Z,307669,307520,0,26,,
openstack-glm-decode-first,207,0,GLM-5.3-Flash,max,completed,2026-09-20T14:43:07.858Z,2026-09-20T14:43:15.299Z,307701,307648,0,41,,
openstack-glm-decode-first,208,0,GLM-5.3-Flash,max,completed,2026-09-20T14:43:15.360Z,2026-09-20T14:43:19.825Z,307984,307648,0,60,,
openstack-glm-decode-first,209,0,GLM-5.3-Flash,max,completed,2026-09-20T14:43:19.924Z,2026-09-20T14:43:24.529Z,308107,307968,0,27,,
openstack-glm-decode-first,210,0,GLM-5.3-Flash,max,completed,2026-09-20T14:44:24.614Z,2026-09-20T14:44:31.688Z,308381,308096,0,38,,
openstack-glm-decode-first,211,0,GLM-5.3-Flash,max,completed,2026-09-20T14:44:31.753Z,2026-09-20T14:44:52.994Z,308660,308352,0,846,,
openstack-glm-decode-first,212,0,GLM-5.3-Flash,max,completed,2026-09-20T14:44:53.123Z,2026-09-20T14:45:29.448Z,309533,308608,0,165,,
openstack-glm-decode-first,213,0,GLM-5.3-Flash,max,completed,2026-09-20T14:45:29.528Z,2026-09-20T14:45:40.104Z,309731,309504,0,192,,
openstack-glm-decode-first,214,0,GLM-5.3-Flash,max,completed,2026-09-20T14:45:40.193Z,2026-09-20T14:46:06.111Z,310356,309696,0,1022,,
openstack-glm-decode-first,215,0,GLM-5.3-Flash,max,completed,2026-09-20T14:46:13.718Z,2026-09-20T14:46:21.871Z,311693,310336,0,273,,
openstack-glm-decode-first,216,0,GLM-5.3-Flash,max,completed,2026-09-20T14:46:30.107Z,2026-09-20T14:46:38.093Z,312242,311680,0,72,,
openstack-glm-decode-first,217,0,GLM-5.3-Flash,max,completed,2026-09-20T14:46:38.184Z,2026-09-20T14:46:44.806Z,312375,312192,0,25,,
openstack-glm-decode-first,218,0,GLM-5.3-Flash,max,completed,2026-09-20T14:48:14.874Z,2026-09-20T14:48:22.911Z,312406,312320,0,36,,
openstack-glm-decode-first,219,0,GLM-5.3-Flash,max,completed,2026-09-20T14:48:22.975Z,2026-09-20T14:49:04.080Z,312681,312384,0,1316,,
openstack-glm-decode-first,220,0,GLM-5.3-Flash,max,completed,2026-09-20T14:49:11.168Z,2026-09-20T14:49:18.245Z,314279,312640,0,226,,
openstack-glm-decode-first,221,0,GLM-5.3-Flash,max,completed,2026-09-20T14:49:34.096Z,2026-09-20T14:49:45.444Z,314748,314240,0,356,,
openstack-glm-decode-first,222,0,GLM-5.3-Flash,max,completed,2026-09-20T14:49:57.068Z,2026-09-20T14:50:32.717Z,315172,314688,0,1706,,
openstack-glm-decode-first,223,0,GLM-5.3-Flash,max,completed,2026-09-20T14:50:32.882Z,2026-09-20T14:50:47.928Z,316885,315136,0,569,,
openstack-glm-decode-first,224,0,GLM-5.3-Flash,max,completed,2026-09-20T14:50:48.033Z,2026-09-20T14:51:07.782Z,317522,316864,0,980,,
openstack-glm-decode-first,225,0,GLM-5.3-Flash,max,completed,2026-09-20T14:51:15.481Z,2026-09-20T14:51:24.404Z,318903,317504,0,192,,
openstack-glm-decode-first,226,0,GLM-5.3-Flash,max,completed,2026-09-20T14:51:24.486Z,2026-09-20T14:51:36.241Z,319229,318848,0,370,,
openstack-glm-decode-first,227,0,GLM-5.3-Flash,max,completed,2026-09-20T14:51:46.151Z,2026-09-20T14:51:54.929Z,319848,319168,0,127,,
openstack-glm-decode-first,228,0,GLM-5.3-Flash,max,completed,2026-09-20T14:51:55.016Z,2026-09-20T14:51:59.381Z,320039,319808,0,25,,
openstack-glm-decode-first,229,0,GLM-5.3-Flash,max,completed,2026-09-20T14:53:59.469Z,2026-09-20T14:54:05.368Z,320090,320000,0,39,,
openstack-glm-decode-first,230,0,GLM-5.3-Flash,max,completed,2026-09-20T14:54:05.438Z,2026-09-20T14:54:37.706Z,320613,320064,0,1296,,
openstack-glm-decode-first,231,0,GLM-5.3-Flash,max,completed,2026-09-20T14:56:07.926Z,2026-09-20T14:56:12.949Z,322314,320576,0,30,,
openstack-glm-decode-first,232,0,GLM-5.3-Flash,max,completed,2026-09-20T14:56:13.030Z,2026-09-20T14:56:16.841Z,322408,322304,0,25,,
openstack-glm-decode-first,233,0,GLM-5.3-Flash,max,completed,2026-09-20T14:57:56.910Z,2026-09-20T14:58:01.275Z,322439,322368,0,39,,
openstack-glm-decode-first,234,0,GLM-5.3-Flash,max,completed,2026-09-20T14:58:01.388Z,2026-09-20T14:58:08.438Z,322723,322432,0,26,,
openstack-glm-decode-first,235,0,GLM-5.3-Flash,max,completed,2026-09-20T15:00:08.529Z,2026-09-20T15:00:16.029Z,322772,322688,0,26,,
openstack-glm-decode-first,236,0,GLM-5.3-Flash,max,completed,2026-09-20T15:02:06.096Z,2026-09-20T15:02:11.370Z,322803,322752,0,30,,
openstack-glm-decode-first,237,0,GLM-5.3-Flash,max,completed,2026-09-20T15:02:11.499Z,2026-09-20T15:02:18.294Z,322896,322752,0,26,,
openstack-glm-decode-first,238,0,GLM-5.3-Flash,max,completed,2026-09-20T15:04:13.375Z,2026-09-20T15:04:20.564Z,322927,322880,0,38,,
openstack-glm-decode-first,239,0,GLM-5.3-Flash,max,completed,2026-09-20T15:04:20.631Z,2026-09-20T15:05:06.253Z,323209,322880,0,1372,,
openstack-glm-decode-first,240,0,GLM-5.3-Flash,max,completed,2026-09-20T15:06:46.428Z,2026-09-20T15:06:54.401Z,324588,323200,0,30,,
openstack-glm-decode-first,241,0,GLM-5.3-Flash,max,completed,2026-09-20T15:06:54.491Z,2026-09-20T15:06:58.651Z,324904,324544,0,25,,
openstack-glm-decode-first,242,0,GLM-5.3-Flash,max,completed,2026-09-20T15:08:53.728Z,2026-09-20T15:09:19.202Z,324934,324864,0,41,,
openstack-glm-decode-first,243,0,GLM-5.3-Flash,max,completed,2026-09-20T15:09:19.270Z,2026-09-20T15:09:57.062Z,325539,324928,0,1090,,
openstack-glm-decode-first,244,0,GLM-5.3-Flash,max,completed,2026-09-20T15:10:01.587Z,2026-09-20T15:10:06.475Z,326713,325504,0,35,,
openstack-glm-decode-first,245,0,GLM-5.3-Flash,max,completed,2026-09-20T15:10:06.544Z,2026-09-20T15:10:24.091Z,326986,326656,0,593,,
openstack-glm-decode-first,246,0,GLM-5.3-Flash,max,completed,2026-09-20T15:10:32.777Z,2026-09-20T15:10:45.594Z,327653,326976,0,239,,
openstack-glm-decode-first,247,0,GLM-5.3-Flash,max,completed,2026-09-20T15:10:56.944Z,2026-09-20T15:11:05.941Z,328078,327616,0,73,,
openstack-glm-decode-first,248,0,GLM-5.3-Flash,max,completed,2026-09-20T15:11:06.016Z,2026-09-20T15:11:09.960Z,328218,328064,0,25,,
openstack-glm-decode-first,249,0,GLM-5.3-Flash,max,completed,2026-09-20T15:13:05.039Z,2026-09-20T15:13:12.644Z,328248,328192,0,42,,
openstack-glm-decode-first,250,0,GLM-5.3-Flash,max,completed,2026-09-20T15:13:12.708Z,2026-09-20T15:13:22.787Z,328886,328192,0,417,,
openstack-glm-decode-first,251,0,GLM-5.3-Flash,max,completed,2026-09-20T15:13:22.890Z,2026-09-20T15:14:28.640Z,333217,328832,0,1831,,
openstack-glm-decode-first,252,0,GLM-5.3-Flash,max,completed,2026-09-20T15:14:29.100Z,2026-09-20T15:14:45.621Z,335536,333184,0,26,,
openstack-glm-decode-first,253,0,GLM-5.3-Flash,max,completed,2026-09-20T15:16:40.691Z,2026-09-20T15:16:47.710Z,335567,335488,0,39,,
openstack-glm-decode-first,254,0,GLM-5.3-Flash,max,completed,2026-09-20T15:16:47.767Z,2026-09-20T15:17:20.052Z,336147,335552,0,1419,,
openstack-glm-decode-first,255,0,GLM-5.3-Flash,max,completed,2026-09-20T15:17:20.203Z,2026-09-20T15:17:28.847Z,337573,336128,0,39,,
openstack-glm-decode-first,256,0,GLM-5.3-Flash,max,completed,2026-09-20T15:17:28.912Z,2026-09-20T15:18:12.917Z,338153,337536,0,1373,,
openstack-glm-decode-first,257,0,GLM-5.3-Flash,max,completed,2026-09-20T15:19:13.070Z,2026-09-20T15:19:23.789Z,339533,338112,0,39,,
openstack-glm-decode-first,258,0,GLM-5.3-Flash,max,completed,2026-09-20T15:19:23.888Z,2026-09-20T15:19:50.632Z,340113,339520,0,26,,
openstack-glm-decode-first,259,0,GLM-5.3-Flash,max,completed,2026-09-20T15:21:45.912Z,2026-09-20T15:21:50.813Z,340144,340096,0,39,,
openstack-glm-decode-first,260,0,GLM-5.3-Flash,max,completed,2026-09-20T15:21:50.876Z,2026-09-20T15:21:57.594Z,340724,340096,0,119,,
openstack-glm-decode-first,261,0,GLM-5.3-Flash,max,completed,2026-09-20T15:21:57.778Z,2026-09-20T15:22:05.743Z,341263,340672,0,254,,
openstack-glm-decode-first,262,0,GLM-5.3-Flash,max,completed,2026-09-20T15:24:01.051Z,2026-09-20T15:24:05.142Z,341891,341248,0,39,,
openstack-glm-decode-first,263,0,GLM-5.3-Flash,max,completed,2026-09-20T15:24:05.200Z,2026-09-20T15:24:12.716Z,342471,341888,0,26,,
openstack-glm-decode-first,264,0,GLM-5.3-Flash,max,completed,2026-09-20T15:26:10.792Z,2026-09-20T15:26:15.810Z,342502,342464,0,39,,
openstack-glm-decode-first,265,0,GLM-5.3-Flash,max,completed,2026-09-20T15:26:15.872Z,2026-09-20T15:27:45.317Z,354242,342464,0,3962,,
openstack-glm-decode-first,266,0,GLM-5.3-Flash,max,completed,2026-09-20T15:27:45.604Z,2026-09-20T15:28:03.135Z,358211,354240,0,670,,
openstack-glm-decode-first,267,0,GLM-5.3-Flash,max,completed,2026-09-20T15:28:03.246Z,2026-09-20T15:28:33.118Z,359250,358208,0,1167,,
openstack-glm-lz4-frontier,1,0,GLM-5.3-Flash,max,completed,2026-09-21T22:58:55.123Z,2026-09-21T22:59:04.692Z,17123,0,0,165,,
openstack-glm-lz4-frontier,2,0,GLM-5.3-Flash,max,completed,2026-09-21T22:59:04.799Z,2026-09-21T22:59:07.935Z,18084,14016,0,175,,
openstack-glm-lz4-frontier,3,0,GLM-5.3-Flash,max,completed,2026-09-21T22:59:08.021Z,2026-09-21T22:59:12.432Z,20512,18048,0,126,,
openstack-glm-lz4-frontier,4,0,GLM-5.3-Flash,max,completed,2026-09-21T22:59:12.486Z,2026-09-21T22:59:15.537Z,21372,20480,0,79,,
openstack-glm-lz4-frontier,5,0,GLM-5.3-Flash,max,completed,2026-09-21T22:59:15.627Z,2026-09-21T23:01:27.187Z,24968,21312,0,5371,,
openstack-glm-lz4-frontier,6,0,GLM-5.3-Flash,max,completed,2026-09-21T23:01:27.559Z,2026-09-21T23:01:32.593Z,34088,24960,0,222,,
openstack-glm-lz4-frontier,7,0,GLM-5.3-Flash,max,completed,2026-09-21T23:01:32.709Z,2026-09-21T23:03:50.633Z,37596,34048,0,5515,,
openstack-glm-lz4-frontier,8,0,GLM-5.3-Flash,max,completed,2026-09-21T23:03:50.996Z,2026-09-21T23:03:57.091Z,43121,37568,0,139,,
openstack-glm-lz4-frontier,9,0,GLM-5.3-Flash,max,completed,2026-09-21T23:03:57.172Z,2026-09-21T23:04:04.069Z,45137,43072,0,306,,
openstack-glm-lz4-frontier,10,0,GLM-5.3-Flash,max,completed,2026-09-21T23:04:04.177Z,2026-09-21T23:04:12.643Z,46636,45120,0,385,,
openstack-glm-lz4-frontier,11,0,GLM-5.3-Flash,max,completed,2026-09-21T23:04:12.695Z,2026-09-21T23:04:18.669Z,47177,46592,0,78,,
openstack-glm-lz4-frontier,12,0,GLM-5.3-Flash,max,completed,2026-09-21T23:04:18.742Z,2026-09-21T23:06:05.109Z,48068,47168,0,3812,,
openstack-glm-lz4-frontier,13,0,GLM-5.3-Flash,max,completed,2026-09-21T23:06:05.397Z,2026-09-21T23:06:17.398Z,52161,48064,0,512,,
openstack-glm-lz4-frontier,14,0,GLM-5.3-Flash,max,completed,2026-09-21T23:06:20.289Z,2026-09-21T23:07:43.208Z,52826,52160,0,3367,,
openstack-glm-lz4-frontier,15,0,GLM-5.3-Flash,max,completed,2026-09-21T23:07:43.502Z,2026-09-21T23:09:07.607Z,56431,52800,0,3258,,
openstack-glm-lz4-frontier,16,0,GLM-5.3-Flash,max,completed,2026-09-21T23:09:08.019Z,2026-09-21T23:10:09.856Z,59839,56384,0,2443,,
openstack-glm-lz4-frontier,17,0,GLM-5.3-Flash,max,completed,2026-09-21T23:10:10.140Z,2026-09-21T23:12:52.258Z,62840,59776,0,6585,,
openstack-glm-lz4-frontier,18,1,GLM-5.3-Flash,max,completed,2026-09-21T23:10:10.201Z,2026-09-21T23:10:17.856Z,9711,4928,0,192,,
openstack-glm-lz4-frontier,19,2,GLM-5.3-Flash,max,completed,2026-09-21T23:10:10.232Z,2026-09-21T23:10:18.226Z,9712,0,0,247,,
openstack-glm-lz4-frontier,20,1,GLM-5.3-Flash,max,completed,2026-09-21T23:10:17.909Z,2026-09-21T23:10:23.415Z,11085,9664,0,97,,
openstack-glm-lz4-frontier,21,2,GLM-5.3-Flash,max,completed,2026-09-21T23:10:18.322Z,2026-09-21T23:10:24.778Z,10341,4928,0,125,,
openstack-glm-lz4-frontier,22,1,GLM-5.3-Flash,max,completed,2026-09-21T23:10:23.461Z,2026-09-21T23:10:39.263Z,13255,11072,0,681,,
openstack-glm-lz4-frontier,23,2,GLM-5.3-Flash,max,completed,2026-09-21T23:10:24.864Z,2026-09-21T23:10:34.871Z,10611,10304,0,346,,
openstack-glm-lz4-frontier,24,2,GLM-5.3-Flash,max,completed,2026-09-21T23:10:34.949Z,2026-09-21T23:12:05.347Z,11820,10560,0,4091,,
openstack-glm-lz4-frontier,25,1,GLM-5.3-Flash,max,completed,2026-09-21T23:10:39.394Z,2026-09-21T23:10:46.093Z,14946,13248,0,197,,
openstack-glm-lz4-frontier,26,1,GLM-5.3-Flash,max,completed,2026-09-21T23:10:46.195Z,2026-09-21T23:10:58.394Z,17805,14912,0,631,,
openstack-glm-lz4-frontier,27,1,GLM-5.3-Flash,max,completed,2026-09-21T23:10:58.558Z,2026-09-21T23:11:06.995Z,19193,17792,0,210,,
openstack-glm-lz4-frontier,28,1,GLM-5.3-Flash,max,completed,2026-09-21T23:11:07.113Z,2026-09-21T23:11:15.377Z,22920,19136,0,307,,
openstack-glm-lz4-frontier,29,1,GLM-5.3-Flash,max,completed,2026-09-21T23:11:15.466Z,2026-09-21T23:11:46.913Z,23327,22912,0,1535,,
openstack-glm-lz4-frontier,30,1,GLM-5.3-Flash,max,completed,2026-09-21T23:11:47.079Z,2026-09-21T23:11:53.270Z,24967,23296,0,156,,
openstack-glm-lz4-frontier,31,1,GLM-5.3-Flash,max,completed,2026-09-21T23:11:53.369Z,2026-09-21T23:14:41.035Z,31600,24960,0,7818,,
openstack-glm-lz4-frontier,32,2,GLM-5.3-Flash,max,completed,2026-09-21T23:12:05.397Z,2026-09-21T23:12:09.634Z,16103,11776,0,173,,
openstack-glm-lz4-frontier,33,2,GLM-5.3-Flash,max,completed,2026-09-21T23:12:09.715Z,2026-09-21T23:13:47.134Z,17364,16064,0,5366,,
openstack-glm-lz4-frontier,34,0,GLM-5.3-Flash,max,completed,2026-09-21T23:12:52.720Z,2026-09-21T23:13:59.470Z,69492,62784,0,4051,,
openstack-glm-lz4-frontier,35,2,GLM-5.3-Flash,max,completed,2026-09-21T23:13:47.567Z,2026-09-21T23:13:52.804Z,22861,17344,0,66,,
openstack-glm-lz4-frontier,36,2,GLM-5.3-Flash,max,completed,2026-09-21T23:13:53.446Z,2026-09-21T23:13:56.986Z,22952,22848,0,153,,
openstack-glm-lz4-frontier,37,2,GLM-5.3-Flash,max,completed,2026-09-21T23:13:59.358Z,2026-09-21T23:14:36.289Z,24248,22912,0,1952,,
openstack-glm-lz4-frontier,38,0,GLM-5.3-Flash,max,completed,2026-09-21T23:13:59.813Z,2026-09-21T23:15:48.598Z,73610,69440,0,5347,,
openstack-glm-lz4-frontier,39,2,GLM-5.3-Flash,max,completed,2026-09-21T23:14:36.529Z,2026-09-21T23:14:43.246Z,26336,24192,0,168,,
openstack-glm-lz4-frontier,40,1,GLM-5.3-Flash,max,completed,2026-09-21T23:14:41.743Z,2026-09-21T23:14:52.508Z,40608,31552,0,521,,
openstack-glm-lz4-frontier,41,2,GLM-5.3-Flash,max,completed,2026-09-21T23:14:45.886Z,2026-09-21T23:15:03.942Z,26864,26304,0,698,,
openstack-glm-lz4-frontier,42,1,GLM-5.3-Flash,max,completed,2026-09-21T23:14:52.573Z,2026-09-21T23:15:51.891Z,41280,40576,0,4183,,
openstack-glm-lz4-frontier,43,2,GLM-5.3-Flash,max,completed,2026-09-21T23:15:03.999Z,2026-09-21T23:15:42.767Z,27911,26816,0,2622,,
openstack-glm-lz4-frontier,44,2,GLM-5.3-Flash,max,completed,2026-09-21T23:15:42.984Z,2026-09-21T23:16:19.519Z,30598,27904,0,2607,,
openstack-glm-lz4-frontier,45,0,GLM-5.3-Flash,max,completed,2026-09-21T23:15:48.971Z,2026-09-21T23:18:15.444Z,79026,73600,0,8414,,
openstack-glm-lz4-frontier,46,1,GLM-5.3-Flash,max,completed,2026-09-21T23:15:52.173Z,2026-09-21T23:16:05.992Z,45527,41280,0,860,,
openstack-glm-lz4-frontier,47,1,GLM-5.3-Flash,max,completed,2026-09-21T23:16:06.123Z,2026-09-21T23:16:15.422Z,46452,45504,0,413,,
openstack-glm-lz4-frontier,48,1,GLM-5.3-Flash,max,completed,2026-09-21T23:16:15.488Z,2026-09-21T23:16:27.914Z,46899,46400,0,759,,
openstack-glm-lz4-frontier,49,2,GLM-5.3-Flash,max,completed,2026-09-21T23:16:19.788Z,2026-09-21T23:16:24.012Z,33335,30592,0,179,,
openstack-glm-lz4-frontier,50,2,GLM-5.3-Flash,max,completed,2026-09-21T23:16:24.547Z,2026-09-21T23:16:59.035Z,33844,33280,0,1703,,
openstack-glm-lz4-frontier,51,1,GLM-5.3-Flash,max,completed,2026-09-21T23:16:28.061Z,2026-09-21T23:16:44.502Z,47723,46848,0,1010,,
openstack-glm-lz4-frontier,52,1,GLM-5.3-Flash,max,completed,2026-09-21T23:16:44.683Z,2026-09-21T23:16:50.644Z,48857,47680,0,138,,
openstack-glm-lz4-frontier,53,1,GLM-5.3-Flash,max,completed,2026-09-21T23:16:51.137Z,2026-09-21T23:16:56.900Z,49928,48832,0,124,,
openstack-glm-lz4-frontier,54,1,GLM-5.3-Flash,max,completed,2026-09-21T23:16:56.977Z,2026-09-21T23:17:07.965Z,50117,49920,0,353,,
openstack-glm-lz4-frontier,55,2,GLM-5.3-Flash,max,completed,2026-09-21T23:16:59.357Z,2026-09-21T23:17:16.031Z,35817,33792,0,1144,,
openstack-glm-lz4-frontier,56,1,GLM-5.3-Flash,max,completed,2026-09-21T23:17:08.061Z,2026-09-21T23:17:14.215Z,50535,50112,0,104,,
openstack-glm-lz4-frontier,57,2,GLM-5.3-Flash,max,completed,2026-09-21T23:17:16.483Z,2026-09-21T23:17:25.258Z,37223,35776,0,282,,
openstack-glm-lz4-frontier,58,1,GLM-5.3-Flash,max,completed,2026-09-21T23:17:16.917Z,2026-09-21T23:17:35.512Z,51963,50496,0,709,,
openstack-glm-lz4-frontier,59,2,GLM-5.3-Flash,max,completed,2026-09-21T23:17:30.053Z,2026-09-21T23:18:15.979Z,38202,37184,0,2039,,
openstack-glm-lz4-frontier,60,1,GLM-5.3-Flash,max,completed,2026-09-21T23:17:35.835Z,2026-09-21T23:17:46.358Z,53268,51904,0,378,,
openstack-glm-lz4-frontier,61,1,GLM-5.3-Flash,max,completed,2026-09-21T23:17:46.435Z,2026-09-21T23:17:49.833Z,53917,53248,0,112,,
openstack-glm-lz4-frontier,62,1,GLM-5.3-Flash,max,completed,2026-09-21T23:17:51.434Z,2026-09-21T23:18:04.162Z,54990,53888,0,238,,
openstack-glm-lz4-frontier,63,1,GLM-5.3-Flash,max,completed,2026-09-21T23:18:12.211Z,2026-09-21T23:18:28.841Z,56195,54976,0,652,,
openstack-glm-lz4-frontier,64,2,GLM-5.3-Flash,max,completed,2026-09-21T23:18:16.046Z,2026-09-21T23:18:32.636Z,40590,38144,0,1104,,
openstack-glm-lz4-frontier,65,0,GLM-5.3-Flash,max,completed,2026-09-21T23:18:16.237Z,2026-09-21T23:18:26.666Z,87695,78976,0,527,,
openstack-glm-lz4-frontier,66,0,GLM-5.3-Flash,max,completed,2026-09-21T23:18:26.843Z,2026-09-21T23:18:32.010Z,88358,87680,0,360,,
openstack-glm-lz4-frontier,67,0,GLM-5.3-Flash,max,completed,2026-09-21T23:18:32.170Z,2026-09-21T23:18:43.285Z,88854,88320,0,677,,
openstack-glm-lz4-frontier,68,2,GLM-5.3-Flash,max,completed,2026-09-21T23:18:32.785Z,2026-09-21T23:18:42.462Z,41758,40576,0,535,,
openstack-glm-lz4-frontier,69,2,GLM-5.3-Flash,max,completed,2026-09-21T23:18:42.624Z,2026-09-21T23:18:49.829Z,42423,41728,0,213,,
openstack-glm-lz4-frontier,70,0,GLM-5.3-Flash,max,completed,2026-09-21T23:18:43.398Z,2026-09-21T23:18:47.408Z,89598,88832,0,179,,
openstack-glm-lz4-frontier,71,0,GLM-5.3-Flash,max,completed,2026-09-21T23:18:47.773Z,2026-09-21T23:19:06.030Z,89900,89536,0,937,,
openstack-glm-lz4-frontier,72,2,GLM-5.3-Flash,max,completed,2026-09-21T23:18:50.841Z,2026-09-21T23:19:32.460Z,43180,42368,0,2097,,
openstack-glm-lz4-frontier,73,1,GLM-5.3-Flash,max,completed,2026-09-21T23:18:54.978Z,2026-09-21T23:19:15.643Z,57830,56192,0,912,,
openstack-glm-lz4-frontier,74,0,GLM-5.3-Flash,max,completed,2026-09-21T23:19:07.023Z,2026-09-21T23:19:27.735Z,90952,89856,0,673,,
openstack-glm-lz4-frontier,75,1,GLM-5.3-Flash,max,completed,2026-09-21T23:19:24.035Z,2026-09-21T23:20:23.028Z,59097,57792,0,3825,,
openstack-glm-lz4-frontier,76,0,GLM-5.3-Flash,max,completed,2026-09-21T23:19:27.865Z,2026-09-21T23:19:34.088Z,91706,90944,0,118,,
openstack-glm-lz4-frontier,77,2,GLM-5.3-Flash,max,completed,2026-09-21T23:19:32.723Z,2026-09-21T23:19:53.541Z,45341,43136,0,1457,,
openstack-glm-lz4-frontier,78,0,GLM-5.3-Flash,max,completed,2026-09-21T23:19:34.575Z,2026-09-21T23:20:15.247Z,92355,91648,0,338,,
openstack-glm-lz4-frontier,79,2,GLM-5.3-Flash,max,completed,2026-09-21T23:19:53.751Z,2026-09-21T23:19:59.867Z,46864,45312,0,146,,
openstack-glm-lz4-frontier,80,2,GLM-5.3-Flash,max,completed,2026-09-21T23:20:01.435Z,2026-09-21T23:20:30.195Z,47263,46848,0,1225,,
openstack-glm-lz4-frontier,81,0,GLM-5.3-Flash,max,completed,2026-09-21T23:20:16.282Z,2026-09-21T23:20:19.347Z,92886,92352,0,76,,
openstack-glm-lz4-frontier,82,0,GLM-5.3-Flash,max,completed,2026-09-21T23:20:20.066Z,2026-09-21T23:20:26.305Z,92975,92864,0,371,,
openstack-glm-lz4-frontier,83,1,GLM-5.3-Flash,max,completed,2026-09-21T23:20:23.413Z,2026-09-21T23:20:31.839Z,62986,59072,0,228,,
openstack-glm-lz4-frontier,84,0,GLM-5.3-Flash,max,completed,2026-09-21T23:20:26.530Z,2026-09-21T23:21:38.189Z,93756,92928,0,3049,,
openstack-glm-lz4-frontier,85,2,GLM-5.3-Flash,max,completed,2026-09-21T23:20:30.394Z,2026-09-21T23:20:38.815Z,48696,47232,0,79,,
openstack-glm-lz4-frontier,86,1,GLM-5.3-Flash,max,completed,2026-09-21T23:20:32.298Z,2026-09-21T23:20:38.168Z,63715,62976,0,162,,
openstack-glm-lz4-frontier,87,1,GLM-5.3-Flash,max,completed,2026-09-21T23:20:38.238Z,2026-09-21T23:20:55.696Z,64147,63680,0,1035,,
openstack-glm-lz4-frontier,88,2,GLM-5.3-Flash,max,completed,2026-09-21T23:20:38.853Z,2026-09-21T23:20:46.372Z,49329,48640,0,282,,
openstack-glm-lz4-frontier,89,2,GLM-5.3-Flash,max,completed,2026-09-21T23:20:46.478Z,2026-09-21T23:20:52.290Z,49677,49280,0,117,,
openstack-glm-lz4-frontier,90,2,GLM-5.3-Flash,max,completed,2026-09-21T23:20:52.686Z,2026-09-21T23:21:56.422Z,50263,49664,0,3303,,
openstack-glm-lz4-frontier,91,0,GLM-5.3-Flash,max,completed,2026-09-21T23:21:38.440Z,2026-09-21T23:21:46.188Z,98174,93696,0,356,,
openstack-glm-lz4-frontier,92,0,GLM-5.3-Flash,max,completed,2026-09-21T23:21:47.257Z,2026-09-21T23:21:58.774Z,98543,98112,0,366,,
openstack-glm-lz4-frontier,93,2,GLM-5.3-Flash,max,completed,2026-09-21T23:21:56.503Z,2026-09-21T23:23:10.004Z,53915,50240,0,4575,,
openstack-glm-lz4-frontier,94,0,GLM-5.3-Flash,max,completed,2026-09-21T23:21:59.002Z,2026-09-21T23:22:13.815Z,98965,98496,0,685,,
openstack-glm-lz4-frontier,95,0,GLM-5.3-Flash,max,completed,2026-09-21T23:22:13.978Z,2026-09-21T23:22:20.980Z,99829,98944,0,118,,
openstack-glm-lz4-frontier,96,0,GLM-5.3-Flash,max,completed,2026-09-21T23:22:21.158Z,2026-09-21T23:22:46.796Z,99962,99776,0,1117,,
openstack-glm-lz4-frontier,97,0,GLM-5.3-Flash,max,completed,2026-09-21T23:22:47.025Z,2026-09-21T23:22:58.481Z,101099,99904,0,407,,
openstack-glm-lz4-frontier,98,0,GLM-5.3-Flash,max,completed,2026-09-21T23:22:58.713Z,2026-09-21T23:23:13.009Z,101533,101056,0,490,,
openstack-glm-lz4-frontier,99,2,GLM-5.3-Flash,max,completed,2026-09-21T23:23:10.501Z,2026-09-21T23:23:43.121Z,58555,53888,0,2076,,
openstack-glm-lz4-frontier,100,0,GLM-5.3-Flash,max,completed,2026-09-21T23:23:13.240Z,2026-09-21T23:23:34.304Z,102090,101504,0,897,,
openstack-glm-lz4-frontier,101,0,GLM-5.3-Flash,max,completed,2026-09-21T23:23:34.528Z,2026-09-21T23:24:42.106Z,103176,102080,0,2381,,
openstack-glm-lz4-frontier,102,2,GLM-5.3-Flash,max,completed,2026-09-21T23:23:43.455Z,2026-09-21T23:23:51.713Z,61809,58496,0,296,,
openstack-glm-lz4-frontier,103,2,GLM-5.3-Flash,max,completed,2026-09-21T23:23:51.783Z,2026-09-21T23:24:10.352Z,62453,61760,0,1141,,
openstack-glm-lz4-frontier,104,0,GLM-5.3-Flash,max,completed,2026-09-21T23:24:42.389Z,2026-09-21T23:24:59.979Z,107341,103168,0,724,,
openstack-glm-lz4-frontier,105,0,GLM-5.3-Flash,max,completed,2026-09-21T23:25:00.094Z,2026-09-21T23:25:05.649Z,108152,107328,0,201,,
openstack-glm-lz4-frontier,106,0,GLM-5.3-Flash,max,completed,2026-09-21T23:25:05.792Z,2026-09-21T23:25:56.295Z,108433,108096,0,1871,,
openstack-glm-lz4-frontier,107,0,GLM-5.3-Flash,max,completed,2026-09-21T23:25:56.512Z,2026-09-21T23:26:24.902Z,110403,108416,0,1283,,
openstack-glm-lz4-frontier,108,0,GLM-5.3-Flash,max,completed,2026-09-21T23:26:25.030Z,2026-09-21T23:26:37.603Z,111755,110400,0,424,,
openstack-glm-lz4-frontier,109,0,GLM-5.3-Flash,max,completed,2026-09-21T23:27:27.205Z,2026-09-21T23:27:33.740Z,112185,111744,0,91,,
openstack-glm-lz4-frontier,110,0,GLM-5.3-Flash,max,completed,2026-09-21T23:27:44.144Z,2026-09-21T23:28:55.234Z,112553,112128,0,3088,,
openstack-glm-lz4-frontier,111,0,GLM-5.3-Flash,max,completed,2026-09-21T23:28:55.510Z,2026-09-21T23:29:11.617Z,115777,112512,0,1213,,
openstack-glm-lz4-frontier,112,0,GLM-5.3-Flash,max,completed,2026-09-21T23:29:11.743Z,2026-09-21T23:29:49.508Z,117059,115776,0,2375,,
openstack-glm-lz4-frontier,113,0,GLM-5.3-Flash,max,completed,2026-09-21T23:29:49.695Z,2026-09-21T23:29:56.671Z,120224,117056,0,92,,
openstack-glm-lz4-frontier,114,0,GLM-5.3-Flash,max,completed,2026-09-21T23:29:56.717Z,2026-09-21T23:30:11.812Z,121947,120192,0,1248,,
openstack-glm-lz4-frontier,115,0,GLM-5.3-Flash,max,completed,2026-09-21T23:30:12.046Z,2026-09-21T23:30:33.943Z,123398,121920,0,846,,
openstack-glm-lz4-frontier,116,0,GLM-5.3-Flash,max,completed,2026-09-21T23:30:34.055Z,2026-09-21T23:30:38.644Z,124313,123392,0,188,,
openstack-glm-lz4-frontier,117,0,GLM-5.3-Flash,max,completed,2026-09-21T23:32:38.733Z,2026-09-21T23:32:41.831Z,124647,124288,0,53,,
openstack-glm-lz4-frontier,118,0,GLM-5.3-Flash,max,completed,2026-09-21T23:32:58.889Z,2026-09-21T23:33:47.285Z,125249,124608,0,2085,,
openstack-glm-lz4-frontier,119,0,GLM-5.3-Flash,max,completed,2026-09-21T23:33:47.477Z,2026-09-21T23:33:55.270Z,127403,125248,0,201,,
openstack-glm-lz4-frontier,120,0,GLM-5.3-Flash,max,completed,2026-09-21T23:34:36.776Z,2026-09-21T23:35:16.992Z,127786,127360,0,1581,,
openstack-glm-lz4-frontier,121,0,GLM-5.3-Flash,max,completed,2026-09-21T23:35:17.468Z,2026-09-21T23:35:24.145Z,129416,127744,0,133,,
openstack-glm-lz4-frontier,122,0,GLM-5.3-Flash,max,completed,2026-09-21T23:35:42.119Z,2026-09-21T23:35:49.547Z,129730,129408,0,299,,
openstack-glm-lz4-frontier,123,0,GLM-5.3-Flash,max,completed,2026-09-21T23:35:49.830Z,2026-09-21T23:35:56.118Z,130047,129728,0,111,,
openstack-glm-lz4-frontier,124,0,GLM-5.3-Flash,max,completed,2026-09-21T23:36:28.139Z,2026-09-21T23:37:52.684Z,130525,129984,0,3257,,
openstack-glm-lz4-frontier,125,0,GLM-5.3-Flash,max,completed,2026-09-21T23:38:15.015Z,2026-09-21T23:38:35.849Z,133839,130496,0,764,,
openstack-glm-lz4-frontier,126,0,GLM-5.3-Flash,max,completed,2026-09-21T23:38:35.960Z,2026-09-21T23:39:01.452Z,134621,133824,0,1305,,
openstack-glm-lz4-frontier,127,0,GLM-5.3-Flash,max,completed,2026-09-21T23:39:01.681Z,2026-09-21T23:39:04.506Z,136057,134592,0,33,,
openstack-glm-lz4-frontier,128,0,GLM-5.3-Flash,max,completed,2026-09-21T23:39:04.588Z,2026-09-21T23:40:19.065Z,136152,136000,0,2964,,
openstack-glm-lz4-frontier,129,0,GLM-5.3-Flash,max,completed,2026-09-21T23:40:19.131Z,2026-09-21T23:40:42.627Z,139434,136128,0,1668,,
openstack-glm-lz4-frontier,130,0,GLM-5.3-Flash,max,completed,2026-09-21T23:40:43.361Z,2026-09-21T23:40:47.750Z,141164,139392,0,141,,
openstack-glm-lz4-frontier,131,0,GLM-5.3-Flash,max,completed,2026-09-21T23:40:56.840Z,2026-09-21T23:42:15.401Z,141383,141120,0,3094,,
openstack-glm-lz4-frontier,132,0,GLM-5.3-Flash,max,completed,2026-09-21T23:44:15.643Z,2026-09-21T23:44:18.922Z,144627,141376,0,52,,
openstack-glm-lz4-frontier,133,0,GLM-5.3-Flash,max,completed,2026-09-21T23:45:06.494Z,2026-09-21T23:45:10.332Z,145306,144576,0,110,,
openstack-glm-lz4-frontier,134,0,GLM-5.3-Flash,max,completed,2026-09-21T23:47:10.431Z,2026-09-21T23:47:44.740Z,145569,145280,0,1124,,
openstack-glm-lz4-frontier,135,0,GLM-5.3-Flash,max,completed,2026-09-21T23:47:44.925Z,2026-09-21T23:48:36.177Z,147271,145536,0,1837,,
openstack-glm-lz4-frontier,136,0,GLM-5.3-Flash,max,completed,2026-09-21T23:49:41.789Z,2026-09-21T23:50:51.084Z,149673,147264,0,2655,,
openstack-glm-lz4-frontier,137,0,GLM-5.3-Flash,max,completed,2026-09-21T23:50:51.314Z,2026-09-21T23:51:18.528Z,152605,149632,0,1553,,
openstack-glm-lz4-frontier,138,3,GLM-5.3-Flash,max,completed,2026-09-21T23:50:51.384Z,2026-09-21T23:51:00.494Z,9501,4928,0,393,,
openstack-glm-lz4-frontier,139,3,GLM-5.3-Flash,max,completed,2026-09-21T23:51:00.618Z,2026-09-21T23:51:08.635Z,11379,9472,0,285,,
openstack-glm-lz4-frontier,140,3,GLM-5.3-Flash,max,completed,2026-09-21T23:51:08.756Z,2026-09-21T23:51:16.461Z,12627,11328,0,251,,
openstack-glm-lz4-frontier,141,3,GLM-5.3-Flash,max,completed,2026-09-21T23:51:16.568Z,2026-09-21T23:51:43.724Z,14980,12608,0,1229,,
openstack-glm-lz4-frontier,142,0,GLM-5.3-Flash,max,completed,2026-09-21T23:51:18.700Z,2026-09-21T23:51:24.097Z,154212,152576,0,105,,
openstack-glm-lz4-frontier,143,0,GLM-5.3-Flash,max,completed,2026-09-21T23:51:24.148Z,2026-09-21T23:51:34.298Z,155269,154176,0,815,,
openstack-glm-lz4-frontier,144,0,GLM-5.3-Flash,max,completed,2026-09-21T23:51:34.412Z,2026-09-21T23:51:46.581Z,156152,155264,0,952,,
openstack-glm-lz4-frontier,145,3,GLM-5.3-Flash,max,completed,2026-09-21T23:51:43.844Z,2026-09-21T23:52:55.824Z,17408,14976,0,4365,,
openstack-glm-lz4-frontier,146,0,GLM-5.3-Flash,max,completed,2026-09-21T23:51:46.695Z,2026-09-21T23:51:55.186Z,157172,156096,0,524,,
openstack-glm-lz4-frontier,147,0,GLM-5.3-Flash,max,completed,2026-09-21T23:51:55.829Z,2026-09-21T23:52:00.862Z,157739,157120,0,146,,
openstack-glm-lz4-frontier,148,0,GLM-5.3-Flash,max,completed,2026-09-21T23:52:37.723Z,2026-09-21T23:53:13.829Z,157967,157696,0,1580,,
openstack-glm-lz4-frontier,149,3,GLM-5.3-Flash,max,completed,2026-09-21T23:52:56.104Z,2026-09-21T23:53:02.194Z,21839,17408,0,117,,
openstack-glm-lz4-frontier,150,3,GLM-5.3-Flash,max,completed,2026-09-21T23:53:02.678Z,2026-09-21T23:53:09.103Z,21962,21824,0,161,,
openstack-glm-lz4-frontier,151,3,GLM-5.3-Flash,max,completed,2026-09-21T23:53:11.237Z,2026-09-21T23:53:20.583Z,22560,21952,0,331,,
openstack-glm-lz4-frontier,152,3,GLM-5.3-Flash,max,completed,2026-09-21T23:53:21.008Z,2026-09-21T23:53:31.842Z,24495,22528,0,370,,
openstack-glm-lz4-frontier,153,3,GLM-5.3-Flash,max,completed,2026-09-21T23:53:31.920Z,2026-09-21T23:53:43.928Z,24873,24448,0,327,,
openstack-glm-lz4-frontier,154,0,GLM-5.3-Flash,max,completed,2026-09-21T23:53:45.295Z,2026-09-21T23:54:55.012Z,159781,157952,0,3440,,
openstack-glm-lz4-frontier,155,0,GLM-5.3-Flash,max,completed,2026-09-21T23:54:55.291Z,2026-09-21T23:55:51.735Z,163226,159744,0,2868,,
openstack-glm-lz4-frontier,156,3,GLM-5.3-Flash,max,completed,2026-09-21T23:55:04.470Z,2026-09-21T23:55:14.249Z,25990,24832,0,375,,
openstack-glm-lz4-frontier,157,3,GLM-5.3-Flash,max,completed,2026-09-21T23:55:14.571Z,2026-09-21T23:58:04.031Z,28195,25984,0,9105,,
openstack-glm-lz4-frontier,158,0,GLM-5.3-Flash,max,completed,2026-09-21T23:55:52.198Z,2026-09-21T23:56:07.304Z,166186,163200,0,767,,
openstack-glm-lz4-frontier,159,0,GLM-5.3-Flash,max,completed,2026-09-21T23:56:07.779Z,2026-09-21T23:56:16.587Z,167087,166144,0,268,,
openstack-glm-lz4-frontier,160,0,GLM-5.3-Flash,max,completed,2026-09-21T23:56:16.853Z,2026-09-21T23:56:51.132Z,167406,167040,0,1918,,
openstack-glm-lz4-frontier,161,0,GLM-5.3-Flash,max,completed,2026-09-21T23:56:54.258Z,2026-09-21T23:57:49.902Z,169907,167360,0,3152,,
openstack-glm-lz4-frontier,162,0,GLM-5.3-Flash,max,completed,2026-09-21T23:57:51.552Z,2026-09-22T00:00:06.313Z,173418,169856,0,5527,,
openstack-glm-lz4-frontier,163,3,GLM-5.3-Flash,max,completed,2026-09-21T23:58:04.704Z,2026-09-21T23:58:12.631Z,37434,28160,0,286,,
openstack-glm-lz4-frontier,164,3,GLM-5.3-Flash,max,completed,2026-09-21T23:58:13.689Z,2026-09-22T00:00:14.086Z,39303,37376,0,8634,,
openstack-glm-lz4-frontier,165,0,GLM-5.3-Flash,max,completed,2026-09-22T00:00:08.378Z,2026-09-22T00:00:27.015Z,179190,173376,0,879,,
openstack-glm-lz4-frontier,166,3,GLM-5.3-Flash,max,completed,2026-09-22T00:00:14.944Z,2026-09-22T00:01:20.766Z,48002,39296,0,4729,,
openstack-glm-lz4-frontier,167,0,GLM-5.3-Flash,max,completed,2026-09-22T00:00:29.861Z,2026-09-22T00:00:54.748Z,180378,179136,0,1133,,
openstack-glm-lz4-frontier,168,0,GLM-5.3-Flash,max,completed,2026-09-22T00:00:54.960Z,2026-09-22T00:01:13.473Z,181616,180352,0,212,,
openstack-glm-lz4-frontier,169,0,GLM-5.3-Flash,max,completed,2026-09-22T00:01:17.209Z,2026-09-22T00:01:23.299Z,182030,181568,0,163,,
openstack-glm-lz4-frontier,170,3,GLM-5.3-Flash,max,completed,2026-09-22T00:01:21.265Z,2026-09-22T00:01:34.980Z,52863,48000,0,562,,
openstack-glm-lz4-frontier,171,0,GLM-5.3-Flash,max,completed,2026-09-22T00:01:26.349Z,2026-09-22T00:03:06.738Z,182523,182016,0,3953,,
openstack-glm-lz4-frontier,172,3,GLM-5.3-Flash,max,completed,2026-09-22T00:01:35.076Z,2026-09-22T00:01:41.332Z,53492,52800,0,93,,
openstack-glm-lz4-frontier,173,3,GLM-5.3-Flash,max,completed,2026-09-22T00:01:41.405Z,2026-09-22T00:02:00.397Z,53951,53440,0,1056,,
openstack-glm-lz4-frontier,174,0,GLM-5.3-Flash,max,completed,2026-09-22T00:03:09.594Z,2026-09-22T00:05:51.862Z,188026,182464,0,6918,,
openstack-glm-lz4-frontier,175,0,GLM-5.3-Flash,max,completed,2026-09-22T00:05:52.492Z,2026-09-22T00:05:56.305Z,195030,187968,0,98,,
openstack-glm-lz4-frontier,176,0,GLM-5.3-Flash,max,completed,2026-09-22T00:06:15.557Z,2026-09-22T00:07:32.568Z,195527,195008,0,3948,,
openstack-glm-lz4-frontier,177,0,GLM-5.3-Flash,max,completed,2026-09-22T00:07:32.862Z,2026-09-22T00:07:45.872Z,199761,195520,0,476,,
openstack-glm-lz4-frontier,178,0,GLM-5.3-Flash,max,completed,2026-09-22T00:08:34.262Z,2026-09-22T00:09:40.647Z,200415,199744,0,2952,,
openstack-glm-lz4-frontier,179,0,GLM-5.3-Flash,max,completed,2026-09-22T00:10:12.254Z,2026-09-22T00:11:41.193Z,203482,200384,0,4432,,
openstack-glm-lz4-frontier,180,0,GLM-5.3-Flash,max,completed,2026-09-22T00:12:32.476Z,2026-09-22T00:13:08.655Z,208026,203456,0,1608,,
openstack-glm-lz4-frontier,181,0,GLM-5.3-Flash,max,completed,2026-09-22T00:13:09.299Z,2026-09-22T00:13:20.617Z,209735,208000,0,277,,
openstack-glm-lz4-frontier,182,0,GLM-5.3-Flash,max,completed,2026-09-22T00:13:22.716Z,2026-09-22T00:13:38.549Z,210042,209728,0,443,,
openstack-glm-lz4-frontier,183,0,GLM-5.3-Flash,max,completed,2026-09-22T00:13:51.625Z,2026-09-22T00:14:44.709Z,210537,209984,0,1955,,
openstack-glm-lz4-frontier,184,0,GLM-5.3-Flash,max,completed,2026-09-22T00:14:48.835Z,2026-09-22T00:14:57.398Z,212546,210496,0,373,,
openstack-glm-lz4-frontier,185,0,GLM-5.3-Flash,max,completed,2026-09-22T00:15:10.770Z,2026-09-22T00:16:06.418Z,213009,212544,0,2373,,
openstack-glm-lz4-frontier,186,0,GLM-5.3-Flash,max,completed,2026-09-22T00:16:10.235Z,2026-09-22T00:17:35.711Z,215478,212992,0,3538,,
openstack-glm-lz4-frontier,187,0,GLM-5.3-Flash,max,completed,2026-09-22T00:18:44.281Z,2026-09-22T00:21:32.472Z,219320,215424,0,7190,,
openstack-glm-lz4-frontier,188,0,GLM-5.3-Flash,max,completed,2026-09-22T00:21:54.581Z,2026-09-22T00:22:48.754Z,226986,219264,0,2053,,
openstack-glm-lz4-frontier,189,0,GLM-5.3-Flash,max,completed,2026-09-22T00:22:48.945Z,2026-09-22T00:23:33.785Z,229061,226944,0,1637,,
openstack-glm-lz4-frontier,190,0,GLM-5.3-Flash,max,completed,2026-09-22T00:23:33.907Z,2026-09-22T00:26:14.069Z,231017,229056,0,8668,,
openstack-glm-lz4-frontier,191,0,GLM-5.3-Flash,max,completed,2026-09-22T00:26:14.626Z,2026-09-22T00:27:50.838Z,239754,230976,0,6943,,
openstack-glm-lz4-frontier,192,0,GLM-5.3-Flash,max,completed,2026-09-22T00:27:51.287Z,2026-09-22T00:28:34.150Z,246766,239744,0,2826,,
openstack-glm-lz4-frontier,193,0,GLM-5.3-Flash,max,completed,2026-09-22T00:28:34.371Z,2026-09-22T00:28:38.775Z,249611,246720,0,71,,
openstack-glm-lz4-frontier,194,0,GLM-5.3-Flash,max,completed,2026-09-22T00:28:38.860Z,2026-09-22T00:29:07.147Z,249687,249600,0,2460,,
openstack-glm-lz4-frontier,195,0,GLM-5.3-Flash,max,completed,2026-09-22T00:29:07.354Z,2026-09-22T00:29:36.240Z,252214,249664,0,1696,,
openstack-glm-lz4-frontier,196,0,GLM-5.3-Flash,max,completed,2026-09-22T00:29:36.444Z,2026-09-22T00:29:42.560Z,254784,252160,0,300,,
openstack-glm-lz4-frontier,197,0,GLM-5.3-Flash,max,completed,2026-09-22T00:29:45.496Z,2026-09-22T00:30:25.982Z,255312,254784,0,1936,,
openstack-glm-lz4-frontier,198,0,GLM-5.3-Flash,max,completed,2026-09-22T00:30:26.266Z,2026-09-22T00:30:51.359Z,257487,255296,0,1162,,
openstack-glm-lz4-frontier,199,0,GLM-5.3-Flash,max,completed,2026-09-22T00:30:51.663Z,2026-09-22T00:31:04.262Z,258663,257472,0,696,,
openstack-glm-lz4-frontier,200,0,GLM-5.3-Flash,max,completed,2026-09-22T00:31:04.558Z,2026-09-22T00:31:28.850Z,259443,258624,0,101,,
openstack-glm-lz4-frontier,201,0,GLM-5.3-Flash,max,completed,2026-09-22T00:31:29.141Z,2026-09-22T00:31:33.344Z,259555,259392,0,48,,
openstack-glm-lz4-frontier,202,0,GLM-5.3-Flash,max,completed,2026-09-22T00:31:33.518Z,2026-09-22T00:31:45.651Z,259675,259520,0,346,,
openstack-glm-lz4-frontier,203,0,GLM-5.3-Flash,max,completed,2026-09-22T00:31:46.026Z,2026-09-22T00:31:58.098Z,260394,259648,0,276,,
openstack-glm-lz4-frontier,204,0,GLM-5.3-Flash,max,completed,2026-09-22T00:31:58.266Z,2026-09-22T00:32:48.330Z,260770,260352,0,2348,,
openstack-glm-lz4-frontier,205,0,GLM-5.3-Flash,max,completed,2026-09-22T00:32:51.112Z,2026-09-22T00:32:59.159Z,263165,260736,0,164,,
openstack-glm-lz4-frontier,206,0,GLM-5.3-Flash,max,completed,2026-09-22T00:33:03.089Z,2026-09-22T00:33:12.080Z,263348,263104,0,203,,
openstack-glm-lz4-frontier,207,0,GLM-5.3-Flash,max,completed,2026-09-22T00:33:15.836Z,2026-09-22T00:33:30.321Z,263780,263296,0,110,,
openstack-glm-lz4-frontier,208,0,GLM-5.3-Flash,max,completed,2026-09-22T00:33:34.339Z,2026-09-22T00:33:38.762Z,263937,263744,0,108,,
openstack-glm-lz4-frontier,209,0,GLM-5.3-Flash,max,completed,2026-09-22T00:33:44.135Z,2026-09-22T00:34:14.326Z,264638,263936,0,1083,,
openstack-glm-lz4-frontier,210,0,GLM-5.3-Flash,max,completed,2026-09-22T00:34:19.341Z,2026-09-22T00:34:23.952Z,265742,264576,0,66,,
openstack-glm-lz4-frontier,211,0,GLM-5.3-Flash,max,completed,2026-09-22T00:34:28.370Z,2026-09-22T00:34:46.351Z,266268,265728,0,639,,
openstack-glm-lz4-frontier,212,0,GLM-5.3-Flash,max,completed,2026-09-22T00:34:51.061Z,2026-09-22T00:35:15.389Z,267506,266240,0,881,,
openstack-glm-lz4-frontier,213,0,GLM-5.3-Flash,max,completed,2026-09-22T00:35:15.479Z,2026-09-22T00:35:40.963Z,268839,267456,0,1185,,
openstack-glm-lz4-frontier,214,0,GLM-5.3-Flash,max,completed,2026-09-22T00:36:49.450Z,2026-09-22T00:36:59.184Z,270102,268800,0,513,,
openstack-glm-lz4-frontier,215,0,GLM-5.3-Flash,max,completed,2026-09-22T00:36:59.551Z,2026-09-22T00:37:10.496Z,270631,270080,0,197,,
openstack-glm-lz4-frontier,216,0,GLM-5.3-Flash,max,completed,2026-09-22T00:37:10.619Z,2026-09-22T00:37:19.461Z,270846,270592,0,598,,
openstack-glm-lz4-frontier,217,0,GLM-5.3-Flash,max,completed,2026-09-22T00:37:19.697Z,2026-09-22T00:37:33.801Z,271671,270784,0,666,,
openstack-glm-lz4-frontier,218,0,GLM-5.3-Flash,max,completed,2026-09-22T00:37:34.025Z,2026-09-22T00:37:41.996Z,272346,271616,0,208,,
openstack-glm-lz4-frontier,219,0,GLM-5.3-Flash,max,completed,2026-09-22T00:37:42.077Z,2026-09-22T00:38:03.781Z,272573,272320,0,941,,
openstack-glm-lz4-frontier,220,0,GLM-5.3-Flash,max,completed,2026-09-22T00:38:04.077Z,2026-09-22T00:38:10.861Z,273551,272512,0,58,,
openstack-glm-lz4-frontier,221,0,GLM-5.3-Flash,max,completed,2026-09-22T00:38:10.934Z,2026-09-22T00:38:33.798Z,273859,273536,0,913,,
openstack-glm-lz4-frontier,222,0,GLM-5.3-Flash,max,completed,2026-09-22T00:38:34.036Z,2026-09-22T00:39:27.052Z,274783,273856,0,274,,
openstack-glm-lz4-frontier,223,0,GLM-5.3-Flash,max,completed,2026-09-22T00:39:27.262Z,2026-09-22T00:39:31.348Z,275065,274752,0,65,,
openstack-glm-lz4-frontier,224,0,GLM-5.3-Flash,max,completed,2026-09-22T00:39:31.424Z,2026-09-22T00:39:42.206Z,275143,275008,0,378,,
openstack-glm-lz4-frontier,225,0,GLM-5.3-Flash,max,completed,2026-09-22T00:39:42.435Z,2026-09-22T00:39:53.872Z,275530,275136,0,243,,
openstack-glm-lz4-frontier,226,0,GLM-5.3-Flash,max,completed,2026-09-22T00:39:53.976Z,2026-09-22T00:40:01.675Z,276081,275520,0,218,,
openstack-glm-lz4-frontier,227,0,GLM-5.3-Flash,max,completed,2026-09-22T00:40:01.773Z,2026-09-22T00:40:14.372Z,276566,276032,0,17,,
openstack-glm-lz4-frontier,228,0,GLM-5.3-Flash,max,completed,2026-09-22T00:40:14.408Z,2026-09-22T00:40:44.297Z,276886,276544,0,1371,,
openstack-glm-lz4-frontier,229,0,GLM-5.3-Flash,max,completed,2026-09-22T00:40:44.440Z,2026-09-22T00:40:52.238Z,278325,276864,0,136,,
openstack-glm-lz4-frontier,230,0,GLM-5.3-Flash,max,completed,2026-09-22T00:40:52.462Z,2026-09-22T00:41:00.022Z,278482,278272,0,236,,
openstack-glm-lz4-frontier,231,0,GLM-5.3-Flash,max,completed,2026-09-22T00:41:00.271Z,2026-09-22T00:41:42.426Z,278759,278464,0,1797,,
openstack-glm-lz4-frontier,232,0,GLM-5.3-Flash,max,completed,2026-09-22T00:43:03.817Z,2026-09-22T00:43:08.995Z,280571,278720,0,168,,
openstack-glm-lz4-frontier,233,0,GLM-5.3-Flash,max,completed,2026-09-22T00:43:26.299Z,2026-09-22T00:44:00.053Z,280889,280512,0,1662,,
openstack-glm-lz4-frontier,234,0,GLM-5.3-Flash,max,completed,2026-09-22T00:44:17.846Z,2026-09-22T00:44:29.749Z,282616,280832,0,567,,
openstack-glm-lz4-frontier,235,0,GLM-5.3-Flash,max,completed,2026-09-22T00:44:46.127Z,2026-09-22T00:44:54.317Z,283225,282560,0,157,,
openstack-glm-lz4-frontier,236,0,GLM-5.3-Flash,max,completed,2026-09-22T00:44:56.608Z,2026-09-22T00:46:32.431Z,283584,283200,0,3892,,
openstack-glm-lz4-frontier,237,0,GLM-5.3-Flash,max,completed,2026-09-22T00:46:32.729Z,2026-09-22T00:46:40.206Z,287762,283584,0,370,,
openstack-glm-lz4-frontier,238,0,GLM-5.3-Flash,max,completed,2026-09-22T00:46:40.292Z,2026-09-22T00:46:45.321Z,288199,287744,0,145,,
openstack-glm-lz4-frontier,239,0,GLM-5.3-Flash,max,completed,2026-09-22T00:46:46.378Z,2026-09-22T00:46:59.453Z,288431,288192,0,358,,
openstack-glm-lz4-frontier,240,0,GLM-5.3-Flash,max,completed,2026-09-22T00:46:59.584Z,2026-09-22T00:47:05.391Z,288849,288384,0,148,,
openstack-glm-lz4-frontier,241,0,GLM-5.3-Flash,max,completed,2026-09-22T00:47:05.470Z,2026-09-22T00:47:09.897Z,289055,288832,0,34,,
openstack-glm-lz4-frontier,242,0,GLM-5.3-Flash,max,completed,2026-09-22T00:47:09.978Z,2026-09-22T00:47:52.120Z,289152,289024,0,2140,,
openstack-glm-lz4-frontier,243,0,GLM-5.3-Flash,max,completed,2026-09-22T00:47:55.487Z,2026-09-22T00:48:04.806Z,291448,289152,0,330,,
openstack-glm-lz4-frontier,244,0,GLM-5.3-Flash,max,completed,2026-09-22T00:48:04.900Z,2026-09-22T00:48:10.516Z,291791,291392,0,134,,
openstack-glm-lz4-frontier,245,0,GLM-5.3-Flash,max,completed,2026-09-22T00:48:10.813Z,2026-09-22T00:48:15.646Z,291936,291776,0,101,,
openstack-glm-lz4-frontier,246,0,GLM-5.3-Flash,max,completed,2026-09-22T00:48:15.740Z,2026-09-22T00:48:20.147Z,292051,291904,0,59,,
openstack-glm-lz4-frontier,247,0,GLM-5.3-Flash,max,completed,2026-09-22T00:48:20.229Z,2026-09-22T00:48:24.751Z,292995,292032,0,45,,
openstack-glm-lz4-frontier,248,0,GLM-5.3-Flash,max,completed,2026-09-22T00:48:24.831Z,2026-09-22T00:50:03.168Z,295932,292992,0,4546,,
openstack-glm-lz4-frontier,249,0,GLM-5.3-Flash,max,completed,2026-09-22T00:50:05.598Z,2026-09-22T00:50:39.828Z,300557,295872,0,1524,,
openstack-glm-lz4-frontier,250,0,GLM-5.3-Flash,max,completed,2026-09-22T00:50:40.938Z,2026-09-22T00:50:52.522Z,302089,300544,0,194,,
openstack-glm-lz4-frontier,251,0,GLM-5.3-Flash,max,completed,2026-09-22T00:50:53.264Z,2026-09-22T00:50:58.265Z,302291,302080,0,79,,
openstack-glm-lz4-frontier,252,0,GLM-5.3-Flash,max,completed,2026-09-22T00:50:58.626Z,2026-09-22T00:51:39.628Z,302421,302272,0,2101,,
openstack-glm-lz4-frontier,253,0,GLM-5.3-Flash,max,completed,2026-09-22T00:51:40.620Z,2026-09-22T00:51:45.150Z,304530,302400,0,45,,
openstack-glm-lz4-frontier,254,0,GLM-5.3-Flash,max,completed,2026-09-22T00:51:45.258Z,2026-09-22T00:52:43.533Z,304622,304512,0,2238,,
openstack-glm-lz4-frontier,255,0,GLM-5.3-Flash,max,completed,2026-09-22T00:52:43.973Z,2026-09-22T00:52:48.023Z,306871,304576,0,46,,
openstack-glm-lz4-frontier,256,0,GLM-5.3-Flash,max,completed,2026-09-22T00:52:48.124Z,2026-09-22T00:53:40.689Z,306964,306816,0,2295,,
openstack-glm-lz4-frontier,257,0,GLM-5.3-Flash,max,completed,2026-09-22T00:53:41.244Z,2026-09-22T00:53:45.368Z,309488,306944,0,43,,
openstack-glm-lz4-frontier,258,0,GLM-5.3-Flash,max,completed,2026-09-22T00:53:45.584Z,2026-09-22T00:54:01.409Z,309570,309440,0,537,,
openstack-glm-lz4-frontier,259,0,GLM-5.3-Flash,max,completed,2026-09-22T00:54:01.505Z,2026-09-22T00:54:34.840Z,310170,309568,0,1370,,
openstack-glm-lz4-frontier,260,0,GLM-5.3-Flash,max,completed,2026-09-22T00:54:34.992Z,2026-09-22T00:54:57.067Z,311602,310144,0,928,,
openstack-glm-lz4-frontier,261,0,GLM-5.3-Flash,max,completed,2026-09-22T00:54:57.184Z,2026-09-22T00:55:28.683Z,312591,311552,0,1889,,
openstack-glm-lz4-frontier,262,0,GLM-5.3-Flash,max,completed,2026-09-22T00:55:28.856Z,2026-09-22T00:55:34.533Z,314549,312576,0,171,,
openstack-glm-lz4-frontier,263,0,GLM-5.3-Flash,max,completed,2026-09-22T00:57:49.474Z,2026-09-22T00:57:54.847Z,314727,314496,0,74,,
openstack-glm-lz4-frontier,264,0,GLM-5.3-Flash,max,completed,2026-09-22T00:57:55.041Z,2026-09-22T00:58:09.163Z,314820,314688,0,199,,
openstack-glm-lz4-frontier,265,0,GLM-5.3-Flash,max,completed,2026-09-22T00:58:27.081Z,2026-09-22T00:58:50.352Z,315244,314816,0,666,,
openstack-glm-lz4-frontier,266,0,GLM-5.3-Flash,max,completed,2026-09-22T00:58:50.468Z,2026-09-22T00:59:23.941Z,315973,315200,0,1170,,
openstack-glm-lz4-frontier,267,0,GLM-5.3-Flash,max,completed,2026-09-22T00:59:24.093Z,2026-09-22T00:59:32.132Z,317461,315968,0,253,,
openstack-glm-lz4-frontier,268,0,GLM-5.3-Flash,max,completed,2026-09-22T01:01:45.825Z,2026-09-22T01:02:14.727Z,318070,317440,0,980,,
openstack-glm-lz4-frontier,269,0,GLM-5.3-Flash,max,completed,2026-09-22T01:04:35.459Z,2026-09-22T01:05:30.105Z,319231,318016,0,1687,,
openstack-glm-lz4-frontier,270,0,GLM-5.3-Flash,max,completed,2026-09-22T01:05:30.619Z,2026-09-22T01:05:35.288Z,320929,319168,0,102,,
openstack-glm-lz4-frontier,271,0,GLM-5.3-Flash,max,completed,2026-09-22T01:05:51.819Z,2026-09-22T01:06:08.613Z,321110,320896,0,659,,
openstack-glm-lz4-frontier,272,0,GLM-5.3-Flash,max,completed,2026-09-22T01:07:16.876Z,2026-09-22T01:07:30.116Z,321974,321088,0,371,,
openstack-glm-lz4-frontier,273,0,GLM-5.3-Flash,max,completed,2026-09-22T01:07:30.197Z,2026-09-22T01:08:06.798Z,322909,321920,0,822,,
openstack-glm-lz4-frontier,274,0,GLM-5.3-Flash,max,completed,2026-09-22T01:08:06.946Z,2026-09-22T01:08:38.116Z,323753,322880,0,1087,,
openstack-glm-lz4-frontier,275,0,GLM-5.3-Flash,max,completed,2026-09-22T01:10:44.785Z,2026-09-22T01:10:52.489Z,324919,323712,0,181,,
openstack-glm-lz4-frontier,276,0,GLM-5.3-Flash,max,completed,2026-09-22T01:10:52.588Z,2026-09-22T01:11:14.682Z,325166,324864,0,787,,
openstack-glm-lz4-frontier,277,0,GLM-5.3-Flash,max,completed,2026-09-22T01:11:15.023Z,2026-09-22T01:12:04.554Z,326322,325120,0,1466,,
openstack-glm-lz4-frontier,278,0,GLM-5.3-Flash,max,completed,2026-09-22T01:12:04.724Z,2026-09-22T01:12:13.562Z,327857,326272,0,422,,
openstack-glm-lz4-frontier,279,0,GLM-5.3-Flash,max,completed,2026-09-22T01:12:44.763Z,2026-09-22T01:13:11.116Z,328414,327808,0,852,,
openstack-glm-lz4-frontier,280,0,GLM-5.3-Flash,max,completed,2026-09-22T01:13:11.689Z,2026-09-22T01:13:16.878Z,329272,328384,0,100,,
openstack-glm-lz4-frontier,281,0,GLM-5.3-Flash,max,completed,2026-09-22T01:13:32.399Z,2026-09-22T01:14:32.420Z,329417,329216,0,2372,,
openstack-glm-lz4-frontier,282,0,GLM-5.3-Flash,max,completed,2026-09-22T01:15:03.249Z,2026-09-22T01:15:30.585Z,331929,329408,0,901,,
openstack-glm-lz4-frontier,283,0,GLM-5.3-Flash,max,completed,2026-09-22T01:15:31.057Z,2026-09-22T01:15:40.240Z,332861,331904,0,183,,
openstack-glm-lz4-frontier,284,0,GLM-5.3-Flash,max,completed,2026-09-22T01:16:10.596Z,2026-09-22T01:16:23.009Z,333217,332800,0,258,,
openstack-glm-lz4-frontier,285,0,GLM-5.3-Flash,max,completed,2026-09-22T01:16:23.521Z,2026-09-22T01:16:47.184Z,333541,333184,0,666,,
openstack-glm-lz4-frontier,286,0,GLM-5.3-Flash,max,completed,2026-09-22T01:18:55.544Z,2026-09-22T01:19:14.234Z,334214,333504,0,555,,
openstack-glm-lz4-frontier,287,0,GLM-5.3-Flash,max,completed,2026-09-22T01:19:14.298Z,2026-09-22T01:19:20.470Z,335135,334208,0,33,,
openstack-glm-lz4-frontier,288,0,GLM-5.3-Flash,max,completed,2026-09-22T01:23:20.541Z,2026-09-22T01:23:27.198Z,335174,335104,0,41,,
openstack-glm-lz4-frontier,289,0,GLM-5.3-Flash,max,completed,2026-09-22T01:23:27.272Z,2026-09-22T01:25:21.443Z,335814,335168,0,4048,,
openstack-glm-lz4-frontier,290,0,GLM-5.3-Flash,max,completed,2026-09-22T01:25:22.091Z,2026-09-22T01:25:30.234Z,339903,335808,0,145,,
openstack-glm-lz4-frontier,291,0,GLM-5.3-Flash,max,completed,2026-09-22T01:25:30.527Z,2026-09-22T01:25:40.908Z,340114,339840,0,306,,
openstack-glm-lz4-frontier,292,0,GLM-5.3-Flash,max,completed,2026-09-22T01:26:11.389Z,2026-09-22T01:26:20.047Z,340544,340096,0,207,,
openstack-glm-lz4-frontier,293,0,GLM-5.3-Flash,max,completed,2026-09-22T01:26:20.144Z,2026-09-22T01:26:24.506Z,340817,340544,0,32,,
openstack-glm-lz4-frontier,294,0,GLM-5.3-Flash,max,completed,2026-09-22T01:31:24.788Z,2026-09-22T01:31:38.655Z,340854,340800,0,41,,
openstack-glm-lz4-frontier,295,0,GLM-5.3-Flash,max,completed,2026-09-22T01:31:38.718Z,2026-09-22T01:34:56.948Z,341461,340800,0,7001,,
openstack-glm-lz4-frontier,296,0,GLM-5.3-Flash,max,completed,2026-09-22T01:34:57.393Z,2026-09-22T01:35:04.809Z,348482,341440,0,68,,
openstack-glm-lz4-frontier,297,0,GLM-5.3-Flash,max,completed,2026-09-22T01:35:04.890Z,2026-09-22T01:36:25.239Z,349918,348480,0,684,,
openstack-glm-lz4-frontier,298,0,GLM-5.3-Flash,max,completed,2026-09-22T01:36:25.721Z,2026-09-22T01:37:06.598Z,350804,349888,0,1943,,
openstack-glm-lz4-frontier,299,0,GLM-5.3-Flash,max,completed,2026-09-22T01:37:06.772Z,2026-09-22T01:37:52.776Z,352810,350784,0,2640,,
openstack-glm-lz4-frontier,300,0,GLM-5.3-Flash,max,completed,2026-09-22T01:37:52.991Z,2026-09-22T01:38:21.941Z,356801,352768,0,1435,,
openstack-glm-lz4-frontier,301,0,GLM-5.3-Flash,max,completed,2026-09-22T01:38:22.091Z,2026-09-22T01:38:55.319Z,358300,356800,0,204,,
openstack-glm-lz4-frontier,302,0,GLM-5.3-Flash,max,completed,2026-09-22T01:38:55.402Z,2026-09-22T01:39:42.024Z,358863,358272,0,1245,,
openstack-glm-lz4-frontier,303,0,GLM-5.3-Flash,max,completed,2026-09-22T01:39:42.762Z,2026-09-22T01:39:49.629Z,360212,358848,0,191,,
openstack-glm-lz4-frontier,304,0,GLM-5.3-Flash,max,completed,2026-09-22T01:39:50.063Z,2026-09-22T01:39:54.131Z,360833,360192,0,41,,
openstack-glm-lz4-frontier,305,0,GLM-5.3-Flash,max,completed,2026-09-22T01:39:54.217Z,2026-09-22T01:41:37.352Z,362023,360832,0,3493,,
openstack-glm-lz4-frontier,306,0,GLM-5.3-Flash,max,completed,2026-09-22T01:41:37.608Z,2026-09-22T01:41:43.703Z,365995,361984,0,42,,
openstack-glm-lz4-frontier,307,0,GLM-5.3-Flash,max,completed,2026-09-22T01:41:43.780Z,2026-09-22T01:43:32.044Z,367056,365952,0,3843,,
openstack-glm-lz4-frontier,308,0,GLM-5.3-Flash,max,completed,2026-09-22T01:43:32.338Z,2026-09-22T01:45:32.851Z,372729,367040,0,4514,,
openstack-glm-lz4-frontier,309,0,GLM-5.3-Flash,max,completed,2026-09-22T01:45:33.227Z,2026-09-22T01:45:51.718Z,377253,372672,0,1081,,
openstack-glm-lz4-frontier,310,0,GLM-5.3-Flash,max,completed,2026-09-22T01:45:51.862Z,2026-09-22T01:46:13.624Z,378343,377216,0,814,,
openstack-glm-lz4-frontier,311,0,GLM-5.3-Flash,max,completed,2026-09-22T01:46:13.743Z,2026-09-22T01:46:52.316Z,379525,378304,0,2044,,
openstack-glm-lz4-frontier,312,0,GLM-5.3-Flash,max,completed,2026-09-22T01:46:52.536Z,2026-09-22T01:47:02.147Z,381814,379520,0,191,,
openstack-glm-lz4-frontier,313,0,GLM-5.3-Flash,max,completed,2026-09-22T01:47:02.241Z,2026-09-22T01:47:14.728Z,382416,381760,0,239,,
openstack-glm-lz4-frontier,314,0,GLM-5.3-Flash,max,completed,2026-09-22T01:47:14.820Z,2026-09-22T01:47:35.534Z,383369,382400,0,1396,,
openstack-glm-lz4-frontier,315,0,GLM-5.3-Flash,max,completed,2026-09-22T01:47:35.706Z,2026-09-22T01:48:04.406Z,384776,383360,0,995,,
openstack-glm-lz4-frontier,316,0,GLM-5.3-Flash,max,completed,2026-09-22T01:48:04.555Z,2026-09-22T01:48:20.681Z,385806,384768,0,847,,
openstack-glm-lz4-frontier,317,0,GLM-5.3-Flash,max,completed,2026-09-22T01:48:20.807Z,2026-09-22T01:48:26.706Z,386722,385792,0,133,,
openstack-glm-lz4-frontier,318,0,GLM-5.3-Flash,max,completed,2026-09-22T01:48:26.835Z,2026-09-22T01:48:33.102Z,386888,386688,0,146,,
openstack-glm-lz4-frontier,319,0,GLM-5.3-Flash,max,completed,2026-09-22T01:48:33.883Z,2026-09-22T01:48:53.351Z,387563,386880,0,1242,,
openstack-glm-lz4-frontier,320,0,GLM-5.3-Flash,max,completed,2026-09-22T01:48:55.869Z,2026-09-22T01:49:23.863Z,388970,387520,0,925,,
openstack-glm-lz4-frontier,321,0,GLM-5.3-Flash,max,completed,2026-09-22T01:49:26.392Z,2026-09-22T01:49:42.094Z,390645,388928,0,496,,
openstack-glm-lz4-frontier,322,0,GLM-5.3-Flash,max,completed,2026-09-22T01:49:44.555Z,2026-09-22T01:49:57.864Z,391440,390592,0,193,,
openstack-glm-lz4-frontier,323,0,GLM-5.3-Flash,max,completed,2026-09-22T01:49:59.476Z,2026-09-22T01:50:05.229Z,391693,391424,0,65,,
openstack-glm-lz4-frontier,324,0,GLM-5.3-Flash,max,completed,2026-09-22T01:50:05.419Z,2026-09-22T01:50:17.514Z,391769,391680,0,61,,
openstack-glm-lz4-frontier,325,0,GLM-5.3-Flash,max,completed,2026-09-22T01:50:17.712Z,2026-09-22T01:50:58.078Z,391885,391744,0,1454,,
openstack-glm-lz4-frontier,326,0,GLM-5.3-Flash,max,completed,2026-09-22T01:51:01.970Z,2026-09-22T01:51:07.532Z,393390,391872,0,127,,
openstack-glm-lz4-frontier,327,0,GLM-5.3-Flash,max,completed,2026-09-22T01:51:07.626Z,2026-09-22T01:51:14.248Z,393568,393344,0,176,,
openstack-glm-lz4-frontier,328,0,GLM-5.3-Flash,max,completed,2026-09-22T01:51:14.333Z,2026-09-22T01:51:30.441Z,393797,393536,0,147,,
openstack-glm-lz4-frontier,329,0,GLM-5.3-Flash,max,completed,2026-09-22T01:51:30.670Z,2026-09-22T01:51:36.572Z,393968,393792,0,118,,
openstack-glm-lz4-frontier,330,0,GLM-5.3-Flash,max,completed,2026-09-22T01:51:36.659Z,2026-09-22T01:51:45.808Z,394137,393920,0,237,,
openstack-glm-lz4-frontier,331,0,GLM-5.3-Flash,max,completed,2026-09-22T01:51:48.233Z,2026-09-22T01:52:02.696Z,394534,394112,0,348,,
openstack-glm-lz4-frontier,332,0,GLM-5.3-Flash,max,completed,2026-09-22T01:52:02.844Z,2026-09-22T01:52:25.310Z,395256,394496,0,838,,
openstack-glm-lz4-frontier,333,0,GLM-5.3-Flash,max,completed,2026-09-22T01:52:25.526Z,2026-09-22T01:52:40.772Z,396122,395200,0,597,,
openstack-glm-lz4-frontier,334,0,GLM-5.3-Flash,max,completed,2026-09-22T01:52:40.927Z,2026-09-22T01:52:51.735Z,396812,396096,0,309,,
openstack-glm-lz4-frontier,335,0,GLM-5.3-Flash,max,completed,2026-09-22T01:52:57.895Z,2026-09-22T01:53:28.399Z,397187,396800,0,1103,,
openstack-glm-lz4-frontier,336,0,GLM-5.3-Flash,max,completed,2026-09-22T01:53:30.808Z,2026-09-22T01:53:37.397Z,398358,397184,0,69,,
openstack-glm-lz4-frontier,337,0,GLM-5.3-Flash,max,completed,2026-09-22T01:53:37.525Z,2026-09-22T01:53:52.167Z,398585,398336,0,410,,
openstack-glm-lz4-frontier,338,0,GLM-5.3-Flash,max,completed,2026-09-22T01:53:52.310Z,2026-09-22T01:54:06.081Z,399151,398528,0,425,,
openstack-glm-lz4-frontier,339,0,GLM-5.3-Flash,max,completed,2026-09-22T01:54:08.289Z,2026-09-22T01:54:40.280Z,399637,399104,0,995,,
openstack-glm-lz4-frontier,340,0,GLM-5.3-Flash,max,completed,2026-09-22T01:54:42.250Z,2026-09-22T01:54:48.053Z,400656,399616,0,45,,
openstack-glm-lz4-frontier,341,0,GLM-5.3-Flash,max,completed,2026-09-22T01:54:48.127Z,2026-09-22T01:56:12.032Z,400836,400640,0,3077,,
openstack-glm-lz4-frontier,342,0,GLM-5.3-Flash,max,completed,2026-09-22T01:56:12.305Z,2026-09-22T01:56:35.575Z,404197,400832,0,148,,
openstack-glm-lz4-frontier,343,0,GLM-5.3-Flash,max,completed,2026-09-22T01:56:37.260Z,2026-09-22T01:56:44.179Z,406362,404160,0,185,,
openstack-glm-lz4-frontier,344,0,GLM-5.3-Flash,max,completed,2026-09-22T01:56:44.327Z,2026-09-22T01:56:50.111Z,406568,406336,0,45,,
openstack-glm-lz4-frontier,345,0,GLM-5.3-Flash,max,completed,2026-09-22T01:56:50.183Z,2026-09-22T01:57:15.956Z,407289,406528,0,711,,
openstack-glm-lz4-frontier,346,0,GLM-5.3-Flash,max,completed,2026-09-22T01:57:16.064Z,2026-09-22T01:58:40.820Z,408294,407232,0,3337,,
openstack-glm-lz4-frontier,347,0,GLM-5.3-Flash,max,completed,2026-09-22T01:58:41.349Z,2026-09-22T01:59:53.250Z,411672,408256,0,2653,,
openstack-glm-lz4-frontier,348,0,GLM-5.3-Flash,max,completed,2026-09-22T01:59:53.804Z,2026-09-22T02:00:06.112Z,416742,411648,0,581,,
openstack-glm-lz4-frontier,349,0,GLM-5.3-Flash,max,completed,2026-09-22T02:00:08.066Z,2026-09-22T02:00:48.531Z,417359,416704,0,1330,,
openstack-glm-lz4-frontier,350,0,GLM-5.3-Flash,max,completed,2026-09-22T02:00:48.679Z,2026-09-22T02:01:47.903Z,418983,417344,0,2233,,
openstack-glm-lz4-frontier,351,0,GLM-5.3-Flash,max,completed,2026-09-22T02:01:48.125Z,2026-09-22T02:01:56.298Z,421294,418944,0,301,,
openstack-glm-lz4-frontier,352,0,GLM-5.3-Flash,max,completed,2026-09-22T02:01:58.403Z,2026-09-22T02:02:36.042Z,424061,421248,0,1645,,
openstack-glm-lz4-frontier,353,0,GLM-5.3-Flash,max,completed,2026-09-22T02:02:38.525Z,2026-09-22T02:02:47.906Z,425761,424000,0,326,,
openstack-glm-lz4-frontier,354,0,GLM-5.3-Flash,max,completed,2026-09-22T02:02:50.009Z,2026-09-22T02:03:30.919Z,426106,425728,0,1550,,
openstack-glm-lz4-frontier,355,0,GLM-5.3-Flash,max,completed,2026-09-22T02:03:31.418Z,2026-09-22T02:03:37.670Z,427737,426048,0,79,,
openstack-glm-lz4-frontier,356,0,GLM-5.3-Flash,max,completed,2026-09-22T02:03:38.310Z,2026-09-22T02:03:45.253Z,427984,427712,0,181,,
openstack-glm-lz4-frontier,357,0,GLM-5.3-Flash,max,completed,2026-09-22T02:03:45.667Z,2026-09-22T02:03:53.030Z,428246,427968,0,82,,
openstack-glm-lz4-frontier,358,0,GLM-5.3-Flash,max,completed,2026-09-22T02:03:53.721Z,2026-09-22T02:04:03.480Z,428361,428224,0,257,,
openstack-glm-lz4-frontier,359,0,GLM-5.3-Flash,max,completed,2026-09-22T02:04:03.890Z,2026-09-22T02:04:47.531Z,428625,428352,0,1385,,
openstack-glm-lz4-frontier,360,0,GLM-5.3-Flash,max,completed,2026-09-22T02:04:49.779Z,2026-09-22T02:04:59.794Z,430105,428608,0,137,,
openstack-glm-lz4-frontier,361,0,GLM-5.3-Flash,max,completed,2026-09-22T02:05:02.242Z,2026-09-22T02:05:10.096Z,430307,430080,0,123,,
openstack-glm-lz4-frontier,362,0,GLM-5.3-Flash,max,completed,2026-09-22T02:05:12.443Z,2026-09-22T02:05:41.378Z,430680,430272,0,945,,
openstack-glm-lz4-frontier,363,0,GLM-5.3-Flash,max,completed,2026-09-22T02:05:41.832Z,2026-09-22T02:05:48.947Z,431691,430656,0,80,,
openstack-glm-lz4-frontier,364,0,GLM-5.3-Flash,max,completed,2026-09-22T02:05:49.631Z,2026-09-22T02:06:13.142Z,431891,431680,0,327,,
openstack-glm-lz4-frontier,365,0,GLM-5.3-Flash,max,completed,2026-09-22T02:06:13.613Z,2026-09-22T02:06:25.815Z,432284,431872,0,185,,
openstack-glm-lz4-frontier,366,0,GLM-5.3-Flash,max,completed,2026-09-22T02:06:25.915Z,2026-09-22T02:06:33.184Z,432500,432256,0,130,,
openstack-glm-lz4-frontier,367,0,GLM-5.3-Flash,max,completed,2026-09-22T02:06:33.273Z,2026-09-22T02:08:36.496Z,432908,432448,0,4626,,
openstack-glm-lz4-frontier,368,0,GLM-5.3-Flash,max,completed,2026-09-22T02:08:39.226Z,2026-09-22T02:08:50.611Z,437672,432896,0,302,,
openstack-glm-lz4-frontier,369,0,GLM-5.3-Flash,max,completed,2026-09-22T02:08:53.145Z,2026-09-22T02:09:02.502Z,438033,437632,0,215,,
openstack-glm-lz4-frontier,370,0,GLM-5.3-Flash,max,completed,2026-09-22T02:09:03.084Z,2026-09-22T02:09:18.778Z,438400,438016,0,442,,
openstack-glm-lz4-frontier,371,0,GLM-5.3-Flash,max,completed,2026-09-22T02:09:21.437Z,2026-09-22T02:09:33.827Z,438878,438400,0,72,,
openstack-glm-lz4-frontier,372,0,GLM-5.3-Flash,max,completed,2026-09-22T02:09:34.070Z,2026-09-22T02:09:40.608Z,439177,438848,0,105,,
openstack-glm-lz4-frontier,373,0,GLM-5.3-Flash,max,completed,2026-09-22T02:09:40.708Z,2026-09-22T02:09:51.446Z,439293,439168,0,59,,
openstack-glm-lz4-frontier,374,0,GLM-5.3-Flash,max,completed,2026-09-22T02:09:51.680Z,2026-09-22T02:10:00.797Z,439376,439232,0,152,,
openstack-glm-lz4-frontier,375,0,GLM-5.3-Flash,max,completed,2026-09-22T02:10:00.985Z,2026-09-22T02:10:09.667Z,439539,439360,0,82,,
openstack-glm-lz4-frontier,376,0,GLM-5.3-Flash,max,completed,2026-09-22T02:10:09.876Z,2026-09-22T02:10:16.618Z,439639,439488,0,22,,
openstack-glm-lz4-frontier,377,0,GLM-5.3-Flash,max,completed,2026-09-22T02:10:17.290Z,2026-09-22T02:10:28.339Z,439732,439616,0,210,,
openstack-glm-lz4-frontier,378,0,GLM-5.3-Flash,max,completed,2026-09-22T02:10:28.445Z,2026-09-22T02:10:47.962Z,440130,439680,0,684,,
openstack-glm-lz4-frontier,379,0,GLM-5.3-Flash,max,completed,2026-09-22T02:10:50.501Z,2026-09-22T02:10:56.570Z,440840,440128,0,126,,
openstack-glm-lz4-frontier,380,0,GLM-5.3-Flash,max,completed,2026-09-22T02:12:58.954Z,2026-09-22T02:13:46.176Z,441206,440832,0,1911,,
openstack-glm-lz4-frontier,381,0,GLM-5.3-Flash,max,completed,2026-09-22T02:13:46.386Z,2026-09-22T02:13:56.803Z,443155,441152,0,319,,
openstack-glm-lz4-frontier,382,0,GLM-5.3-Flash,max,completed,2026-09-22T02:14:14.748Z,2026-09-22T02:14:37.332Z,443937,443136,0,636,,
openstack-glm-lz4-frontier,383,0,GLM-5.3-Flash,max,completed,2026-09-22T02:14:37.456Z,2026-09-22T02:14:54.126Z,444582,443904,0,34,,
openstack-glm-lz4-frontier,384,0,GLM-5.3-Flash,max,completed,2026-09-22T02:14:54.210Z,2026-09-22T02:15:01.502Z,444678,444544,0,33,,
openstack-glm-lz4-frontier,385,0,GLM-5.3-Flash,max,completed,2026-09-22T02:22:01.581Z,2026-09-22T02:22:11.413Z,444717,444672,0,37,,
openstack-glm-lz4-frontier,386,0,GLM-5.3-Flash,max,completed,2026-09-22T02:22:11.571Z,2026-09-22T02:22:17.525Z,444816,444672,0,33,,
openstack-glm-lz4-frontier,387,0,GLM-5.3-Flash,max,completed,2026-09-22T02:29:17.605Z,2026-09-22T02:29:27.004Z,444855,444800,0,37,,
openstack-glm-lz4-frontier,388,0,GLM-5.3-Flash,max,completed,2026-09-22T02:29:27.091Z,2026-09-22T02:29:59.014Z,445474,444800,0,474,,
openstack-glm-lz4-frontier,389,0,GLM-5.3-Flash,max,completed,2026-09-22T02:29:59.709Z,2026-09-22T02:30:31.098Z,446428,445440,0,34,,
openstack-glm-lz4-frontier,390,0,GLM-5.3-Flash,max,completed,2026-09-22T02:38:31.206Z,2026-09-22T02:38:56.171Z,446468,446400,0,39,,
openstack-glm-lz4-frontier,391,0,GLM-5.3-Flash,max,completed,2026-09-22T02:38:56.238Z,2026-09-22T02:39:03.562Z,446592,446464,0,83,,
openstack-glm-lz4-frontier,392,0,GLM-5.3-Flash,max,completed,2026-09-22T02:39:03.635Z,2026-09-22T02:39:08.839Z,447482,446592,0,34,,
openstack-glm-lz4-frontier,393,0,GLM-5.3-Flash,max,completed,2026-09-22T02:48:08.925Z,2026-09-22T02:48:21.012Z,447522,447424,0,40,,
openstack-glm-lz4-frontier,394,0,GLM-5.3-Flash,max,completed,2026-09-22T02:48:21.172Z,2026-09-22T02:50:07.292Z,457791,447488,0,4228,,
openstack-glm-lz4-frontier,395,0,GLM-5.3-Flash,max,completed,2026-09-22T02:50:07.608Z,2026-09-22T02:50:42.307Z,462082,457728,0,1612,,
openstack-glm-lz4-frontier,396,0,GLM-5.3-Flash,max,completed,2026-09-22T02:50:42.525Z,2026-09-22T02:50:52.396Z,463819,462080,0,206,,
openstack-glm-lz4-frontier,397,0,GLM-5.3-Flash,max,completed,2026-09-22T02:50:52.465Z,2026-09-22T02:51:26.892Z,464368,463808,0,1229,,
sqlstorm-tpcds-astra-standard,1,0,gpt-6-astra,ultra,settled,2026-09-20T23:19:25.438Z,2026-09-20T23:19:29.694Z,11256,0,11253,143,0,147842500
sqlstorm-tpcds-astra-standard,2,0,gpt-6-astra,ultra,settled,2026-09-20T23:19:31.334Z,2026-09-20T23:19:33.925Z,11428,11253,172,51,0,15983000
sqlstorm-tpcds-astra-standard,3,0,gpt-6-astra,ultra,settled,2026-09-20T23:19:35.549Z,2026-09-20T23:19:40.234Z,11508,11425,80,147,30,19805000
sqlstorm-tpcds-astra-standard,4,0,gpt-6-astra,ultra,settled,2026-09-20T23:19:40.736Z,2026-09-20T23:19:42.946Z,11676,11505,168,14,0,14335000
sqlstorm-tpcds-astra-standard,5,1,gpt-6-astra,ultra,settled,2026-09-20T23:19:40.884Z,2026-09-20T23:19:43.819Z,11153,0,10372,38,0,139360000
sqlstorm-tpcds-astra-standard,6,0,gpt-6-astra,ultra,settled,2026-09-20T23:19:43.486Z,2026-09-20T23:19:45.456Z,11714,11673,38,33,0,13828000
sqlstorm-tpcds-astra-standard,7,1,gpt-6-astra,ultra,settled,2026-09-20T23:19:45.426Z,2026-09-20T23:19:50.555Z,11220,10372,845,59,0,23914500
sqlstorm-tpcds-astra-standard,8,0,gpt-6-astra,ultra,settled,2026-09-20T23:19:47.873Z,2026-09-20T23:19:50.164Z,11776,11711,62,27,0,13866000
sqlstorm-tpcds-astra-standard,9,0,gpt-6-astra,ultra,settled,2026-09-20T23:19:50.689Z,2026-09-20T23:19:52.591Z,11892,11773,116,30,0,14753000
sqlstorm-tpcds-astra-standard,10,1,gpt-6-astra,ultra,settled,2026-09-20T23:19:51.138Z,2026-09-20T23:19:59.668Z,11291,11217,0,195,122,21707000
sqlstorm-tpcds-astra-standard,11,0,gpt-6-astra,ultra,settled,2026-09-20T23:19:53.325Z,2026-09-20T23:19:55.474Z,12704,11889,743,40,0,23896500
sqlstorm-tpcds-astra-standard,12,0,gpt-6-astra,ultra,settled,2026-09-20T23:19:55.970Z,2026-09-20T23:19:58.673Z,13651,12632,1016,82,0,29462000
sqlstorm-tpcds-astra-standard,13,0,gpt-6-astra,ultra,settled,2026-09-20T23:19:59.171Z,2026-09-20T23:20:00.966Z,13745,13648,0,44,0,16818000
sqlstorm-tpcds-astra-standard,14,1,gpt-6-astra,ultra,settled,2026-09-20T23:20:00.147Z,2026-09-20T23:20:06.656Z,11508,11217,0,65,0,17377000
sqlstorm-tpcds-astra-standard,15,0,gpt-6-astra,ultra,settled,2026-09-20T23:20:02.301Z,2026-09-20T23:20:05.721Z,16085,13648,2434,119,73,50053000
sqlstorm-tpcds-astra-standard,16,0,gpt-6-astra,ultra,settled,2026-09-20T23:20:06.202Z,2026-09-20T23:20:08.853Z,16231,16082,146,47,0,20287000
sqlstorm-tpcds-astra-standard,17,1,gpt-6-astra,ultra,settled,2026-09-20T23:20:07.169Z,2026-09-20T23:20:17.572Z,11642,11217,422,124,28,22722000
sqlstorm-tpcds-astra-standard,18,0,gpt-6-astra,ultra,settled,2026-09-20T23:20:09.408Z,2026-09-20T23:20:12.836Z,19755,16228,3524,108,0,65708000
sqlstorm-tpcds-astra-standard,19,0,gpt-6-astra,ultra,settled,2026-09-20T23:20:13.622Z,2026-09-20T23:20:18.329Z,19875,19752,0,154,0,28682000
sqlstorm-tpcds-astra-standard,20,1,gpt-6-astra,ultra,settled,2026-09-20T23:20:18.050Z,2026-09-20T23:20:21.426Z,11791,11639,0,137,0,20009000
sqlstorm-tpcds-astra-standard,21,0,gpt-6-astra,ultra,settled,2026-09-20T23:20:18.876Z,2026-09-20T23:20:27.348Z,25024,19752,5269,390,109,105144500
sqlstorm-tpcds-astra-standard,22,1,gpt-6-astra,ultra,settled,2026-09-20T23:20:22.107Z,2026-09-20T23:20:30.982Z,12922,11639,1280,272,0,41269000
sqlstorm-tpcds-astra-standard,23,2,gpt-6-astra,ultra,settled,2026-09-20T23:20:28.153Z,2026-09-20T23:20:30.284Z,11319,10372,0,40,0,21842000
sqlstorm-tpcds-astra-standard,24,0,gpt-6-astra,ultra,settled,2026-09-20T23:20:28.475Z,2026-09-20T23:20:34.662Z,25437,25021,413,118,0,36113500
sqlstorm-tpcds-astra-standard,25,2,gpt-6-astra,ultra,settled,2026-09-20T23:20:30.824Z,2026-09-20T23:20:37.488Z,12291,10372,1916,50,0,36852000
sqlstorm-tpcds-astra-standard,26,1,gpt-6-astra,ultra,settled,2026-09-20T23:20:32.296Z,2026-09-20T23:20:44.026Z,16557,12919,3635,546,72,85686500
sqlstorm-tpcds-astra-standard,27,0,gpt-6-astra,ultra,settled,2026-09-20T23:20:35.324Z,2026-09-20T23:20:44.366Z,30994,25434,5557,372,88,113526500
sqlstorm-tpcds-astra-standard,28,2,gpt-6-astra,ultra,settled,2026-09-20T23:20:38.014Z,2026-09-20T23:20:41.281Z,12709,12288,418,135,0,24293000
sqlstorm-tpcds-astra-standard,29,2,gpt-6-astra,ultra,settled,2026-09-20T23:20:41.938Z,2026-09-20T23:20:52.710Z,14778,12706,2069,322,244,54698500
sqlstorm-tpcds-astra-standard,30,0,gpt-6-astra,ultra,settled,2026-09-20T23:20:45.279Z,2026-09-20T23:21:23.870Z,31653,30991,659,2340,212,156258500
sqlstorm-tpcds-astra-standard,31,1,gpt-6-astra,ultra,settled,2026-09-20T23:20:47.188Z,2026-09-20T23:20:52.816Z,17809,16554,1252,177,0,41084000
sqlstorm-tpcds-astra-standard,32,1,gpt-6-astra,ultra,settled,2026-09-20T23:20:53.250Z,2026-09-20T23:21:03.888Z,17998,17806,0,230,183,31226000
sqlstorm-tpcds-astra-standard,33,2,gpt-6-astra,ultra,settled,2026-09-20T23:20:53.409Z,2026-09-20T23:20:56.446Z,15112,14775,0,42,0,20245000
sqlstorm-tpcds-astra-standard,34,2,gpt-6-astra,ultra,settled,2026-09-20T23:20:56.953Z,2026-09-20T23:22:00.773Z,20084,14775,5306,3419,516,252080000
sqlstorm-tpcds-astra-standard,35,1,gpt-6-astra,ultra,settled,2026-09-20T23:21:04.437Z,2026-09-20T23:21:13.147Z,22866,17806,5057,177,74,89898500
sqlstorm-tpcds-astra-standard,36,1,gpt-6-astra,ultra,settled,2026-09-20T23:21:13.631Z,2026-09-20T23:21:29.471Z,23055,22863,0,531,231,51333000
sqlstorm-tpcds-astra-standard,37,0,gpt-6-astra,ultra,settled,2026-09-20T23:21:24.339Z,2026-09-20T23:21:29.127Z,32255,31650,0,178,0,46600000
sqlstorm-tpcds-astra-standard,38,0,gpt-6-astra,ultra,settled,2026-09-20T23:21:29.605Z,2026-09-20T23:21:35.196Z,32445,31650,0,160,0,47600000
sqlstorm-tpcds-astra-standard,39,1,gpt-6-astra,ultra,settled,2026-09-20T23:21:30.869Z,2026-09-20T23:21:42.729Z,23477,22863,0,321,161,45053000
sqlstorm-tpcds-astra-standard,40,0,gpt-6-astra,ultra,settled,2026-09-20T23:21:35.756Z,2026-09-20T23:22:17.376Z,32617,31650,0,2640,0,173320000
sqlstorm-tpcds-astra-standard,41,1,gpt-6-astra,ultra,settled,2026-09-20T23:21:43.336Z,2026-09-20T23:21:55.549Z,23903,22863,1037,705,0,71105500
sqlstorm-tpcds-astra-standard,42,1,gpt-6-astra,ultra,settled,2026-09-20T23:21:57.380Z,2026-09-20T23:22:01.510Z,24826,23900,923,117,15,41317500
sqlstorm-tpcds-astra-standard,43,2,gpt-6-astra,ultra,settled,2026-09-20T23:22:01.278Z,2026-09-20T23:22:05.596Z,20775,20081,0,69,28,30471000
sqlstorm-tpcds-astra-standard,44,1,gpt-6-astra,ultra,settled,2026-09-20T23:22:02.148Z,2026-09-20T23:22:13.820Z,34620,24823,9794,686,14,181578000
sqlstorm-tpcds-astra-standard,45,2,gpt-6-astra,ultra,settled,2026-09-20T23:22:06.176Z,2026-09-20T23:22:55.757Z,21070,20081,986,2864,0,175636000
sqlstorm-tpcds-astra-standard,46,1,gpt-6-astra,ultra,settled,2026-09-20T23:22:15.505Z,2026-09-20T23:22:34.208Z,35520,34617,900,559,350,73847000
sqlstorm-tpcds-astra-standard,47,0,gpt-6-astra,ultra,settled,2026-09-20T23:22:17.993Z,2026-09-20T23:22:25.204Z,35314,31650,3661,168,42,85842500
sqlstorm-tpcds-astra-standard,48,0,gpt-6-astra,ultra,settled,2026-09-20T23:22:25.887Z,2026-09-20T23:22:34.619Z,35801,35311,487,362,38,59528500
sqlstorm-tpcds-astra-standard,49,1,gpt-6-astra,ultra,settled,2026-09-20T23:22:34.688Z,2026-09-20T23:23:08.204Z,36091,35517,0,1369,420,109707000
sqlstorm-tpcds-astra-standard,50,0,gpt-6-astra,ultra,settled,2026-09-20T23:22:35.224Z,2026-09-20T23:22:41.878Z,36058,35798,0,278,0,52298000
sqlstorm-tpcds-astra-standard,51,0,gpt-6-astra,ultra,settled,2026-09-20T23:22:42.446Z,2026-09-20T23:22:52.703Z,36357,35798,556,586,0,72078000
sqlstorm-tpcds-astra-standard,52,3,gpt-6-astra,ultra,settled,2026-09-20T23:22:42.550Z,2026-09-20T23:22:44.445Z,11316,10372,0,36,0,21612000
sqlstorm-tpcds-astra-standard,53,3,gpt-6-astra,ultra,settled,2026-09-20T23:22:44.939Z,2026-09-20T23:22:47.681Z,12398,10372,2023,49,0,38139500
sqlstorm-tpcds-astra-standard,54,3,gpt-6-astra,ultra,settled,2026-09-20T23:22:48.221Z,2026-09-20T23:22:51.005Z,12753,12395,355,58,0,19762500
sqlstorm-tpcds-astra-standard,55,3,gpt-6-astra,ultra,settled,2026-09-20T23:22:51.543Z,2026-09-20T23:23:04.567Z,19505,12750,6752,378,238,116080000
sqlstorm-tpcds-astra-standard,56,0,gpt-6-astra,ultra,settled,2026-09-20T23:22:54.401Z,2026-09-20T23:23:00.431Z,37099,36354,742,152,27,53259000
sqlstorm-tpcds-astra-standard,57,0,gpt-6-astra,ultra,settled,2026-09-20T23:23:01.067Z,2026-09-20T23:23:05.684Z,37383,37096,284,121,0,46726000
sqlstorm-tpcds-astra-standard,58,2,gpt-6-astra,ultra,settled,2026-09-20T23:23:02.291Z,2026-09-20T23:23:05.670Z,24115,21067,3045,98,10,64059500
sqlstorm-tpcds-astra-standard,59,3,gpt-6-astra,ultra,settled,2026-09-20T23:23:05.081Z,2026-09-20T23:23:54.102Z,19976,19502,471,2939,200,172369500
sqlstorm-tpcds-astra-standard,60,0,gpt-6-astra,ultra,settled,2026-09-20T23:23:06.192Z,2026-09-20T23:23:12.913Z,37516,37380,0,193,0,48390000
sqlstorm-tpcds-astra-standard,61,2,gpt-6-astra,ultra,settled,2026-09-20T23:23:06.691Z,2026-09-20T23:23:09.346Z,24404,24112,155,64,0,30619500
sqlstorm-tpcds-astra-standard,62,2,gpt-6-astra,ultra,settled,2026-09-20T23:23:09.884Z,2026-09-20T23:23:12.657Z,24480,24267,0,82,0,30497000
sqlstorm-tpcds-astra-standard,63,1,gpt-6-astra,ultra,settled,2026-09-20T23:23:10.035Z,2026-09-20T23:23:22.746Z,37583,35517,2063,493,11,85984500
sqlstorm-tpcds-astra-standard,64,2,gpt-6-astra,ultra,settled,2026-09-20T23:23:13.236Z,2026-09-20T23:23:22.505Z,25609,24267,1339,136,28,47834500
sqlstorm-tpcds-astra-standard,65,0,gpt-6-astra,ultra,settled,2026-09-20T23:23:13.621Z,2026-09-20T23:23:17.770Z,38165,37380,704,111,0,52540000
sqlstorm-tpcds-astra-standard,66,0,gpt-6-astra,ultra,settled,2026-09-20T23:23:18.518Z,2026-09-20T23:23:25.689Z,38288,38084,0,150,0,47624000
sqlstorm-tpcds-astra-standard,67,2,gpt-6-astra,ultra,settled,2026-09-20T23:23:22.958Z,2026-09-20T23:23:27.771Z,25763,25606,0,240,0,39176000
sqlstorm-tpcds-astra-standard,68,1,gpt-6-astra,ultra,settled,2026-09-20T23:23:23.356Z,2026-09-20T23:23:38.871Z,38997,37580,1414,454,386,77985000
sqlstorm-tpcds-astra-standard,69,0,gpt-6-astra,ultra,settled,2026-09-20T23:23:26.283Z,2026-09-20T23:23:32.394Z,38450,38084,0,196,0,51544000
sqlstorm-tpcds-astra-standard,70,2,gpt-6-astra,ultra,settled,2026-09-20T23:23:30.133Z,2026-09-20T23:24:01.426Z,26119,25606,510,1570,361,110511000
sqlstorm-tpcds-astra-standard,71,0,gpt-6-astra,ultra,settled,2026-09-20T23:23:34.655Z,2026-09-20T23:23:48.236Z,38736,38084,649,419,313,67176500
sqlstorm-tpcds-astra-standard,72,1,gpt-6-astra,ultra,settled,2026-09-20T23:23:39.482Z,2026-09-20T23:23:44.678Z,40130,38994,1133,95,34,57936500
sqlstorm-tpcds-astra-standard,73,1,gpt-6-astra,ultra,settled,2026-09-20T23:23:45.261Z,2026-09-20T23:24:01.620Z,40320,40127,190,591,449,72082000
sqlstorm-tpcds-astra-standard,74,0,gpt-6-astra,ultra,settled,2026-09-20T23:23:48.818Z,2026-09-20T23:23:56.656Z,39167,38733,0,182,116,52173000
sqlstorm-tpcds-astra-standard,75,3,gpt-6-astra,ultra,settled,2026-09-20T23:23:54.590Z,2026-09-20T23:23:57.066Z,20339,19973,0,31,0,25183000
sqlstorm-tpcds-astra-standard,76,0,gpt-6-astra,ultra,settled,2026-09-20T23:23:57.302Z,2026-09-20T23:24:02.276Z,39361,38733,0,205,0,55263000
sqlstorm-tpcds-astra-standard,77,3,gpt-6-astra,ultra,settled,2026-09-20T23:23:57.603Z,2026-09-20T23:24:34.777Z,20916,19973,940,2357,0,149603000
sqlstorm-tpcds-astra-standard,78,2,gpt-6-astra,ultra,settled,2026-09-20T23:24:02.291Z,2026-09-20T23:24:17.253Z,26676,26116,0,933,0,78366000
sqlstorm-tpcds-astra-standard,79,1,gpt-6-astra,ultra,settled,2026-09-20T23:24:02.706Z,2026-09-20T23:24:37.256Z,40924,40317,0,2172,0,154987000
sqlstorm-tpcds-astra-standard,80,0,gpt-6-astra,ultra,settled,2026-09-20T23:24:03.210Z,2026-09-20T23:24:07.821Z,39934,38733,1048,204,27,63563000
sqlstorm-tpcds-astra-standard,81,0,gpt-6-astra,ultra,settled,2026-09-20T23:24:08.450Z,2026-09-20T23:24:54.260Z,43996,39781,4212,2691,396,227011000
sqlstorm-tpcds-astra-standard,82,2,gpt-6-astra,ultra,settled,2026-09-20T23:24:27.961Z,2026-09-20T23:24:30.048Z,28127,26116,2008,40,0,53246000
sqlstorm-tpcds-astra-standard,83,2,gpt-6-astra,ultra,settled,2026-09-20T23:24:30.571Z,2026-09-20T23:24:40.184Z,28288,28124,161,418,92,51066500
sqlstorm-tpcds-astra-standard,84,3,gpt-6-astra,ultra,settled,2026-09-20T23:24:35.384Z,2026-09-20T23:24:41.343Z,23331,20913,2415,295,0,65880500
sqlstorm-tpcds-astra-standard,85,1,gpt-6-astra,ultra,settled,2026-09-20T23:24:38.217Z,2026-09-20T23:24:56.676Z,43151,40317,2831,646,406,108034500
sqlstorm-tpcds-astra-standard,86,2,gpt-6-astra,ultra,settled,2026-09-20T23:24:42.750Z,2026-09-20T23:24:52.369Z,28844,28285,556,286,141,49565000
sqlstorm-tpcds-astra-standard,87,2,gpt-6-astra,ultra,settled,2026-09-20T23:24:53.931Z,2026-09-20T23:25:04.832Z,29142,28841,0,458,0,54751000
sqlstorm-tpcds-astra-standard,88,0,gpt-6-astra,ultra,settled,2026-09-20T23:24:54.846Z,2026-09-20T23:26:20.360Z,44551,43993,0,2690,516,184073000
sqlstorm-tpcds-astra-standard,89,1,gpt-6-astra,ultra,settled,2026-09-20T23:24:58.398Z,2026-09-20T23:25:02.115Z,43856,43148,705,129,34,58440500
sqlstorm-tpcds-astra-standard,90,3,gpt-6-astra,ultra,settled,2026-09-20T23:25:01.472Z,2026-09-20T23:25:16.958Z,23760,23328,429,357,241,46570500
sqlstorm-tpcds-astra-standard,91,1,gpt-6-astra,ultra,settled,2026-09-20T23:25:03.850Z,2026-09-20T23:25:34.979Z,44075,43853,219,1263,227,109770500
sqlstorm-tpcds-astra-standard,92,2,gpt-6-astra,ultra,settled,2026-09-20T23:25:15.579Z,2026-09-20T23:25:37.965Z,30203,28841,1359,891,407,90408500
sqlstorm-tpcds-astra-standard,93,3,gpt-6-astra,ultra,settled,2026-09-20T23:25:17.631Z,2026-09-20T23:25:30.557Z,25170,23757,1410,371,248,59962000
sqlstorm-tpcds-astra-standard,94,3,gpt-6-astra,ultra,settled,2026-09-20T23:25:31.119Z,2026-09-20T23:25:35.379Z,25629,25167,459,83,0,35084500
sqlstorm-tpcds-astra-standard,95,1,gpt-6-astra,ultra,settled,2026-09-20T23:25:35.745Z,2026-09-20T23:25:52.300Z,46031,44072,1956,272,25,82152000
sqlstorm-tpcds-astra-standard,96,3,gpt-6-astra,ultra,settled,2026-09-20T23:25:35.887Z,2026-09-20T23:26:07.691Z,25724,25626,0,1899,147,121556000
sqlstorm-tpcds-astra-standard,97,2,gpt-6-astra,ultra,settled,2026-09-20T23:25:39.894Z,2026-09-20T23:25:53.147Z,31227,30200,1024,602,185,73130000
sqlstorm-tpcds-astra-standard,98,1,gpt-6-astra,ultra,settled,2026-09-20T23:25:52.887Z,2026-09-20T23:26:14.786Z,46315,46028,0,683,392,83048000
sqlstorm-tpcds-astra-standard,99,2,gpt-6-astra,ultra,settled,2026-09-20T23:25:54.839Z,2026-09-20T23:26:14.484Z,31963,31224,736,859,295,83404000
sqlstorm-tpcds-astra-standard,100,3,gpt-6-astra,ultra,settled,2026-09-20T23:26:12.043Z,2026-09-20T23:26:28.120Z,27824,25626,2195,281,176,67143500
sqlstorm-tpcds-astra-standard,101,1,gpt-6-astra,ultra,settled,2026-09-20T23:26:16.584Z,2026-09-20T23:26:21.811Z,47221,46028,1190,151,10,68483000
sqlstorm-tpcds-astra-standard,102,0,gpt-6-astra,ultra,settled,2026-09-20T23:26:21.030Z,2026-09-20T23:26:29.545Z,45417,43993,0,311,124,73783000
sqlstorm-tpcds-astra-standard,103,1,gpt-6-astra,ultra,settled,2026-09-20T23:26:22.553Z,2026-09-20T23:26:28.839Z,47945,47218,724,227,40,67648000
sqlstorm-tpcds-astra-standard,104,2,gpt-6-astra,ultra,settled,2026-09-20T23:26:25.233Z,2026-09-20T23:26:55.491Z,33425,31960,1462,1259,516,113215000
sqlstorm-tpcds-astra-standard,105,3,gpt-6-astra,ultra,settled,2026-09-20T23:26:29.318Z,2026-09-20T23:26:36.909Z,28117,27821,0,231,150,42331000
sqlstorm-tpcds-astra-standard,106,1,gpt-6-astra,ultra,settled,2026-09-20T23:26:29.437Z,2026-09-20T23:26:32.762Z,48184,47942,0,63,46,53512000
sqlstorm-tpcds-astra-standard,107,0,gpt-6-astra,ultra,settled,2026-09-20T23:26:30.127Z,2026-09-20T23:26:40.945Z,45851,43993,0,570,88,91073000
sqlstorm-tpcds-astra-standard,108,1,gpt-6-astra,ultra,settled,2026-09-20T23:26:33.368Z,2026-09-20T23:26:39.728Z,48316,47942,371,215,68,63359500
sqlstorm-tpcds-astra-standard,109,3,gpt-6-astra,ultra,settled,2026-09-20T23:26:37.409Z,2026-09-20T23:26:42.952Z,28360,27821,0,93,51,37861000
sqlstorm-tpcds-astra-standard,110,1,gpt-6-astra,ultra,settled,2026-09-20T23:26:40.505Z,2026-09-20T23:27:03.464Z,48543,48313,0,970,192,99113000
sqlstorm-tpcds-astra-standard,111,0,gpt-6-astra,ultra,settled,2026-09-20T23:26:41.532Z,2026-09-20T23:26:49.265Z,46030,43993,0,108,0,69763000
sqlstorm-tpcds-astra-standard,112,3,gpt-6-astra,ultra,settled,2026-09-20T23:26:43.575Z,2026-09-20T23:26:47.534Z,28570,27821,0,99,45,40261000
sqlstorm-tpcds-astra-standard,113,3,gpt-6-astra,ultra,settled,2026-09-20T23:26:48.118Z,2026-09-20T23:26:51.391Z,29120,27821,1296,120,9,50051000
sqlstorm-tpcds-astra-standard,114,0,gpt-6-astra,ultra,settled,2026-09-20T23:26:50.131Z,2026-09-20T23:26:55.372Z,46150,43993,0,133,0,72213000
sqlstorm-tpcds-astra-standard,115,3,gpt-6-astra,ultra,settled,2026-09-20T23:26:52.069Z,2026-09-20T23:27:14.601Z,29250,29117,0,637,516,62297000
sqlstorm-tpcds-astra-standard,116,0,gpt-6-astra,ultra,settled,2026-09-20T23:26:56.066Z,2026-09-20T23:27:29.128Z,46295,43993,0,2171,0,175563000
sqlstorm-tpcds-astra-standard,117,2,gpt-6-astra,ultra,settled,2026-09-20T23:26:57.551Z,2026-09-20T23:27:08.088Z,34930,33422,1505,308,139,67664500
sqlstorm-tpcds-astra-standard,118,1,gpt-6-astra,ultra,settled,2026-09-20T23:27:06.227Z,2026-09-20T23:27:11.702Z,48881,48313,0,102,44,59093000
sqlstorm-tpcds-astra-standard,119,2,gpt-6-astra,ultra,settled,2026-09-20T23:27:08.668Z,2026-09-20T23:27:26.690Z,35250,34927,0,1106,0,93457000
sqlstorm-tpcds-astra-standard,120,1,gpt-6-astra,ultra,settled,2026-09-20T23:27:12.377Z,2026-09-20T23:27:17.915Z,49047,48313,731,78,0,61380500
sqlstorm-tpcds-astra-standard,121,3,gpt-6-astra,ultra,settled,2026-09-20T23:27:15.134Z,2026-09-20T23:27:49.713Z,29976,29117,856,1861,296,132897000
sqlstorm-tpcds-astra-standard,122,1,gpt-6-astra,ultra,settled,2026-09-20T23:27:19.756Z,2026-09-20T23:27:22.394Z,49154,49044,107,60,21,53411500
sqlstorm-tpcds-astra-standard,123,1,gpt-6-astra,ultra,settled,2026-09-20T23:27:23.020Z,2026-09-20T23:27:26.546Z,49711,49151,557,42,0,58243500
sqlstorm-tpcds-astra-standard,124,1,gpt-6-astra,ultra,settled,2026-09-20T23:27:28.236Z,2026-09-20T23:27:45.227Z,50420,49708,709,859,207,101550500
sqlstorm-tpcds-astra-standard,125,0,gpt-6-astra,ultra,settled,2026-09-20T23:27:31.586Z,2026-09-20T23:27:48.717Z,48734,43993,4557,605,493,133045500
sqlstorm-tpcds-astra-standard,126,2,gpt-6-astra,ultra,settled,2026-09-20T23:27:37.441Z,2026-09-20T23:27:44.698Z,36729,34927,1799,165,56,65694500
sqlstorm-tpcds-astra-standard,127,2,gpt-6-astra,ultra,settled,2026-09-20T23:27:45.205Z,2026-09-20T23:28:10.987Z,36906,36726,0,943,516,85676000
sqlstorm-tpcds-astra-standard,128,1,gpt-6-astra,ultra,settled,2026-09-20T23:27:47.294Z,2026-09-20T23:28:28.528Z,51371,50417,951,1687,736,146684500
sqlstorm-tpcds-astra-standard,129,0,gpt-6-astra,ultra,settled,2026-09-20T23:27:49.480Z,2026-09-20T23:27:54.500Z,49350,48550,0,118,0,62450000
sqlstorm-tpcds-astra-standard,130,3,gpt-6-astra,ultra,settled,2026-09-20T23:27:51.511Z,2026-09-20T23:27:57.037Z,31930,29973,1954,57,16,57278000
sqlstorm-tpcds-astra-standard,131,0,gpt-6-astra,ultra,settled,2026-09-20T23:27:55.166Z,2026-09-20T23:28:09.810Z,49480,48550,0,1013,0,108500000
sqlstorm-tpcds-astra-standard,132,3,gpt-6-astra,ultra,settled,2026-09-20T23:27:57.945Z,2026-09-20T23:28:43.251Z,32116,31927,186,1993,353,133932000
sqlstorm-tpcds-astra-standard,133,2,gpt-6-astra,ultra,settled,2026-09-20T23:28:11.544Z,2026-09-20T23:28:18.389Z,37555,36726,0,340,0,62016000
sqlstorm-tpcds-astra-standard,134,0,gpt-6-astra,ultra,settled,2026-09-20T23:28:11.642Z,2026-09-20T23:28:16.704Z,51022,48550,2469,114,16,85142500
sqlstorm-tpcds-astra-standard,135,0,gpt-6-astra,ultra,settled,2026-09-20T23:28:18.528Z,2026-09-20T23:28:35.712Z,51270,51019,248,595,516,83899000
sqlstorm-tpcds-astra-standard,136,2,gpt-6-astra,ultra,settled,2026-09-20T23:28:20.435Z,2026-09-20T23:28:36.129Z,38219,36726,1490,877,76,99231000
sqlstorm-tpcds-astra-standard,137,1,gpt-6-astra,ultra,settled,2026-09-20T23:28:30.472Z,2026-09-20T23:28:36.626Z,53114,51368,1743,166,63,81485500
sqlstorm-tpcds-astra-standard,138,0,gpt-6-astra,ultra,settled,2026-09-20T23:28:36.488Z,2026-09-20T23:28:58.070Z,52712,51267,1442,669,516,102772000
sqlstorm-tpcds-astra-standard,139,1,gpt-6-astra,ultra,settled,2026-09-20T23:28:37.320Z,2026-09-20T23:28:41.218Z,53292,53111,0,160,0,62921000
sqlstorm-tpcds-astra-standard,140,1,gpt-6-astra,ultra,settled,2026-09-20T23:28:42.953Z,2026-09-20T23:28:54.302Z,53919,53111,805,308,85,78603500
sqlstorm-tpcds-astra-standard,141,3,gpt-6-astra,ultra,settled,2026-09-20T23:28:45.078Z,2026-09-20T23:28:47.995Z,34269,32113,2153,39,0,61005500
sqlstorm-tpcds-astra-standard,142,2,gpt-6-astra,ultra,settled,2026-09-20T23:28:46.981Z,2026-09-20T23:29:01.317Z,39496,38216,1277,635,277,85958500
sqlstorm-tpcds-astra-standard,143,3,gpt-6-astra,ultra,settled,2026-09-20T23:28:48.531Z,2026-09-20T23:28:56.079Z,34460,34266,191,328,94,53083500
sqlstorm-tpcds-astra-standard,144,1,gpt-6-astra,ultra,settled,2026-09-20T23:28:54.882Z,2026-09-20T23:29:30.052Z,54239,53916,0,954,874,104846000
sqlstorm-tpcds-astra-standard,145,3,gpt-6-astra,ultra,settled,2026-09-20T23:28:58.056Z,2026-09-20T23:29:16.569Z,34846,34457,386,476,435,63112000
sqlstorm-tpcds-astra-standard,146,0,gpt-6-astra,ultra,settled,2026-09-20T23:28:58.730Z,2026-09-20T23:29:06.640Z,53572,52709,0,214,88,72039000
sqlstorm-tpcds-astra-standard,147,0,gpt-6-astra,ultra,settled,2026-09-20T23:29:07.345Z,2026-09-20T23:29:10.453Z,53798,52709,0,68,0,66999000
sqlstorm-tpcds-astra-standard,148,0,gpt-6-astra,ultra,settled,2026-09-20T23:29:11.139Z,2026-09-20T23:29:38.666Z,54076,52709,1364,827,685,111139000
sqlstorm-tpcds-astra-standard,149,2,gpt-6-astra,ultra,settled,2026-09-20T23:29:12.006Z,2026-09-20T23:29:36.763Z,40733,39493,1100,637,516,86493000
sqlstorm-tpcds-astra-standard,150,3,gpt-6-astra,ultra,settled,2026-09-20T23:29:17.102Z,2026-09-20T23:29:35.296Z,35764,34843,918,915,172,92098000
sqlstorm-tpcds-astra-standard,151,1,gpt-6-astra,ultra,settled,2026-09-20T23:29:31.569Z,2026-09-20T23:29:44.105Z,55387,53916,1468,390,195,91796000
sqlstorm-tpcds-astra-standard,152,3,gpt-6-astra,ultra,settled,2026-09-20T23:29:37.135Z,2026-09-20T23:29:43.161Z,36769,35761,1005,39,0,50303500
sqlstorm-tpcds-astra-standard,153,2,gpt-6-astra,ultra,settled,2026-09-20T23:29:37.346Z,2026-09-20T23:30:01.113Z,41382,40593,0,1317,0,114333000
sqlstorm-tpcds-astra-standard,154,0,gpt-6-astra,ultra,settled,2026-09-20T23:29:39.427Z,2026-09-20T23:30:01.374Z,54727,54073,0,324,155,76813000
sqlstorm-tpcds-astra-standard,155,3,gpt-6-astra,ultra,settled,2026-09-20T23:29:43.694Z,2026-09-20T23:29:52.929Z,36962,36766,193,289,125,53658500
sqlstorm-tpcds-astra-standard,156,1,gpt-6-astra,ultra,settled,2026-09-20T23:29:44.745Z,2026-09-20T23:30:04.771Z,55789,55384,0,588,379,88834000
sqlstorm-tpcds-astra-standard,157,3,gpt-6-astra,ultra,settled,2026-09-20T23:29:53.698Z,2026-09-20T23:29:58.991Z,37263,36959,0,100,61,44999000
sqlstorm-tpcds-astra-standard,158,3,gpt-6-astra,ultra,settled,2026-09-20T23:29:59.740Z,2026-09-20T23:30:08.645Z,38803,36959,1841,410,128,80501500
sqlstorm-tpcds-astra-standard,159,0,gpt-6-astra,ultra,settled,2026-09-20T23:30:01.976Z,2026-09-20T23:30:06.471Z,55259,54073,0,115,0,71683000
sqlstorm-tpcds-astra-standard,160,1,gpt-6-astra,ultra,settled,2026-09-20T23:30:06.535Z,2026-09-20T23:30:11.650Z,56437,55384,1050,142,31,75639000
sqlstorm-tpcds-astra-standard,161,0,gpt-6-astra,ultra,settled,2026-09-20T23:30:07.314Z,2026-09-20T23:30:23.714Z,55386,54073,0,493,367,91853000
sqlstorm-tpcds-astra-standard,162,3,gpt-6-astra,ultra,settled,2026-09-20T23:30:10.565Z,2026-09-20T23:30:20.504Z,39270,38800,467,277,150,58517500
sqlstorm-tpcds-astra-standard,163,2,gpt-6-astra,ultra,settled,2026-09-20T23:30:11.852Z,2026-09-20T23:30:21.907Z,43324,40593,2728,254,212,87423000
sqlstorm-tpcds-astra-standard,164,1,gpt-6-astra,ultra,settled,2026-09-20T23:30:12.555Z,2026-09-20T23:30:34.454Z,56596,56434,0,747,491,95404000
sqlstorm-tpcds-astra-standard,165,3,gpt-6-astra,ultra,settled,2026-09-20T23:30:21.111Z,2026-09-20T23:30:38.433Z,39559,39267,0,538,497,69087000
sqlstorm-tpcds-astra-standard,166,2,gpt-6-astra,ultra,settled,2026-09-20T23:30:22.475Z,2026-09-20T23:30:30.990Z,43678,43321,0,159,0,54841000
sqlstorm-tpcds-astra-standard,167,0,gpt-6-astra,ultra,settled,2026-09-20T23:30:25.716Z,2026-09-20T23:30:49.943Z,55892,54073,0,1319,197,138213000
sqlstorm-tpcds-astra-standard,168,2,gpt-6-astra,ultra,settled,2026-09-20T23:30:31.614Z,2026-09-20T23:30:45.727Z,43986,43321,0,665,211,83221000
sqlstorm-tpcds-astra-standard,169,1,gpt-6-astra,ultra,settled,2026-09-20T23:30:36.335Z,2026-09-20T23:30:47.679Z,57504,56434,1067,376,123,88601500
sqlstorm-tpcds-astra-standard,170,3,gpt-6-astra,ultra,settled,2026-09-20T23:30:39.010Z,2026-09-20T23:30:57.719Z,40233,39267,0,572,508,77527000
sqlstorm-tpcds-astra-standard,171,1,gpt-6-astra,ultra,settled,2026-09-20T23:30:48.470Z,2026-09-20T23:30:53.879Z,58707,57501,1203,165,27,80818500
sqlstorm-tpcds-astra-standard,172,2,gpt-6-astra,ultra,settled,2026-09-20T23:30:49.085Z,2026-09-20T23:31:12.716Z,45188,43321,1864,946,466,113951000
sqlstorm-tpcds-astra-standard,173,0,gpt-6-astra,ultra,settled,2026-09-20T23:30:51.867Z,2026-09-20T23:31:12.514Z,57343,54073,3267,596,516,124740500
sqlstorm-tpcds-astra-standard,174,1,gpt-6-astra,ultra,settled,2026-09-20T23:30:54.497Z,2026-09-20T23:31:26.553Z,58884,58704,0,1523,513,136654000
sqlstorm-tpcds-astra-standard,175,3,gpt-6-astra,ultra,settled,2026-09-20T23:30:58.381Z,2026-09-20T23:31:22.012Z,41929,39267,2659,1213,217,133184500
sqlstorm-tpcds-astra-standard,176,0,gpt-6-astra,ultra,settled,2026-09-20T23:31:13.106Z,2026-09-20T23:31:24.776Z,58007,57340,0,185,95,73260000
sqlstorm-tpcds-astra-standard,177,2,gpt-6-astra,ultra,settled,2026-09-20T23:31:23.474Z,2026-09-20T23:31:29.603Z,46274,45185,1086,157,9,66640000
sqlstorm-tpcds-astra-standard,178,3,gpt-6-astra,ultra,settled,2026-09-20T23:31:24.349Z,2026-09-20T23:31:27.829Z,43233,41926,1304,101,60,63306000
sqlstorm-tpcds-astra-standard,179,0,gpt-6-astra,ultra,settled,2026-09-20T23:31:25.500Z,2026-09-20T23:31:46.506Z,58516,57340,1173,682,516,106132500
sqlstorm-tpcds-astra-standard,180,3,gpt-6-astra,ultra,settled,2026-09-20T23:31:28.478Z,2026-09-20T23:31:36.415Z,43488,43230,255,194,29,56147500
sqlstorm-tpcds-astra-standard,181,1,gpt-6-astra,ultra,settled,2026-09-20T23:31:28.534Z,2026-09-20T23:31:34.151Z,60466,58704,1759,136,98,87521500
sqlstorm-tpcds-astra-standard,182,2,gpt-6-astra,ultra,settled,2026-09-20T23:31:30.234Z,2026-09-20T23:31:45.384Z,46443,46271,0,664,295,81191000
sqlstorm-tpcds-astra-standard,183,1,gpt-6-astra,ultra,settled,2026-09-20T23:31:35.357Z,2026-09-20T23:31:46.525Z,61228,60463,762,458,24,92918000
sqlstorm-tpcds-astra-standard,184,3,gpt-6-astra,ultra,settled,2026-09-20T23:31:37.001Z,2026-09-20T23:31:42.911Z,43694,43485,0,168,0,53975000
sqlstorm-tpcds-astra-standard,185,3,gpt-6-astra,ultra,settled,2026-09-20T23:31:43.558Z,2026-09-20T23:31:52.261Z,43874,43485,0,348,113,64775000
sqlstorm-tpcds-astra-standard,186,2,gpt-6-astra,ultra,settled,2026-09-20T23:31:45.936Z,2026-09-20T23:32:04.976Z,46922,46271,0,822,372,93881000
sqlstorm-tpcds-astra-standard,187,0,gpt-6-astra,ultra,settled,2026-09-20T23:31:47.235Z,2026-09-20T23:31:51.192Z,59368,58513,0,146,19,74363000
sqlstorm-tpcds-astra-standard,188,1,gpt-6-astra,ultra,settled,2026-09-20T23:31:48.011Z,2026-09-20T23:32:17.392Z,62250,61225,1022,908,751,119430000
sqlstorm-tpcds-astra-standard,189,0,gpt-6-astra,ultra,settled,2026-09-20T23:31:51.914Z,2026-09-20T23:31:55.781Z,59526,58513,0,99,0,73593000
sqlstorm-tpcds-astra-standard,190,3,gpt-6-astra,ultra,settled,2026-09-20T23:31:54.003Z,2026-09-20T23:32:00.322Z,44279,43485,791,195,57,63152500
sqlstorm-tpcds-astra-standard,191,0,gpt-6-astra,ultra,settled,2026-09-20T23:31:56.448Z,2026-09-20T23:32:05.072Z,59637,58513,0,291,117,84303000
sqlstorm-tpcds-astra-standard,192,3,gpt-6-astra,ultra,settled,2026-09-20T23:32:00.969Z,2026-09-20T23:32:35.591Z,44448,44276,0,1590,516,125496000
sqlstorm-tpcds-astra-standard,193,2,gpt-6-astra,ultra,settled,2026-09-20T23:32:05.702Z,2026-09-20T23:32:13.964Z,47436,46271,0,472,0,81521000
sqlstorm-tpcds-astra-standard,194,0,gpt-6-astra,ultra,settled,2026-09-20T23:32:06.031Z,2026-09-20T23:32:31.046Z,61336,58513,2820,1189,516,153243000
sqlstorm-tpcds-astra-standard,195,1,gpt-6-astra,ultra,settled,2026-09-20T23:32:18.054Z,2026-09-20T23:32:23.797Z,63174,62247,0,202,36,81617000
sqlstorm-tpcds-astra-standard,196,2,gpt-6-astra,ultra,settled,2026-09-20T23:32:18.294Z,2026-09-20T23:32:47.763Z,48478,46271,2204,1217,516,134701000
sqlstorm-tpcds-astra-standard,197,1,gpt-6-astra,ultra,settled,2026-09-20T23:32:24.738Z,2026-09-20T23:32:42.626Z,63973,62247,1723,380,220,102814500
sqlstorm-tpcds-astra-standard,198,0,gpt-6-astra,ultra,settled,2026-09-20T23:32:31.823Z,2026-09-20T23:32:37.421Z,62021,61333,0,133,0,74863000
sqlstorm-tpcds-astra-standard,199,3,gpt-6-astra,ultra,settled,2026-09-20T23:32:36.481Z,2026-09-20T23:33:02.071Z,46523,44276,2244,1358,81,140256000
sqlstorm-tpcds-astra-standard,200,0,gpt-6-astra,ultra,settled,2026-09-20T23:32:38.068Z,2026-09-20T23:32:48.064Z,62166,61333,0,499,0,94613000
sqlstorm-tpcds-astra-standard,201,1,gpt-6-astra,ultra,settled,2026-09-20T23:32:43.246Z,2026-09-20T23:32:46.829Z,64341,63970,0,93,36,72330000
sqlstorm-tpcds-astra-standard,202,1,gpt-6-astra,ultra,settled,2026-09-20T23:32:47.605Z,2026-09-20T23:32:49.799Z,64549,63970,576,38,0,73100000
sqlstorm-tpcds-astra-standard,203,0,gpt-6-astra,ultra,settled,2026-09-20T23:32:49.968Z,2026-09-20T23:33:23.516Z,62722,61333,1386,1845,640,170938000
sqlstorm-tpcds-astra-standard,204,1,gpt-6-astra,ultra,settled,2026-09-20T23:32:50.482Z,2026-09-20T23:32:55.646Z,65465,64546,916,141,101,83076000
sqlstorm-tpcds-astra-standard,205,2,gpt-6-astra,ultra,settled,2026-09-20T23:32:54.129Z,2026-09-20T23:33:14.010Z,49903,48475,1425,802,310,106417500
sqlstorm-tpcds-astra-standard,206,1,gpt-6-astra,ultra,settled,2026-09-20T23:32:56.410Z,2026-09-20T23:33:00.536Z,65998,65462,533,95,31,76904500
sqlstorm-tpcds-astra-standard,207,1,gpt-6-astra,ultra,settled,2026-09-20T23:33:01.396Z,2026-09-20T23:33:16.221Z,71520,65995,5522,511,312,160600000
sqlstorm-tpcds-astra-standard,208,3,gpt-6-astra,ultra,settled,2026-09-20T23:33:03.892Z,2026-09-20T23:33:11.042Z,47942,46520,1419,110,27,69787500
sqlstorm-tpcds-astra-standard,209,3,gpt-6-astra,ultra,settled,2026-09-20T23:33:11.813Z,2026-09-20T23:33:17.063Z,48722,47939,780,187,0,67069000
sqlstorm-tpcds-astra-standard,210,1,gpt-6-astra,ultra,settled,2026-09-20T23:33:17.267Z,2026-09-20T23:33:36.602Z,72465,71517,945,993,48,133009500
sqlstorm-tpcds-astra-standard,211,3,gpt-6-astra,ultra,settled,2026-09-20T23:33:17.660Z,2026-09-20T23:33:26.764Z,48921,48719,0,462,115,73839000
sqlstorm-tpcds-astra-standard,212,0,gpt-6-astra,ultra,settled,2026-09-20T23:33:24.185Z,2026-09-20T23:33:46.223Z,63437,62719,0,740,215,106899000
sqlstorm-tpcds-astra-standard,213,2,gpt-6-astra,ultra,settled,2026-09-20T23:33:24.904Z,2026-09-20T23:33:30.285Z,50839,49900,936,52,10,64230000
sqlstorm-tpcds-astra-standard,214,3,gpt-6-astra,ultra,settled,2026-09-20T23:33:28.624Z,2026-09-20T23:33:40.665Z,49440,48719,718,463,179,80874000
sqlstorm-tpcds-astra-standard,215,2,gpt-6-astra,ultra,settled,2026-09-20T23:33:30.866Z,2026-09-20T23:33:39.182Z,51030,50836,191,251,94,65803500
sqlstorm-tpcds-astra-standard,216,1,gpt-6-astra,ultra,settled,2026-09-20T23:33:38.539Z,2026-09-20T23:34:05.837Z,73655,72462,1190,868,516,130767000
sqlstorm-tpcds-astra-standard,217,2,gpt-6-astra,ultra,settled,2026-09-20T23:33:40.005Z,2026-09-20T23:34:12.080Z,51293,51027,0,1198,516,113587000
sqlstorm-tpcds-astra-standard,218,3,gpt-6-astra,ultra,settled,2026-09-20T23:33:42.450Z,2026-09-20T23:34:09.043Z,50025,49437,585,1482,31,130879500
sqlstorm-tpcds-astra-standard,219,0,gpt-6-astra,ultra,settled,2026-09-20T23:33:47.452Z,2026-09-20T23:33:52.561Z,63823,62719,0,137,68,80609000
sqlstorm-tpcds-astra-standard,220,0,gpt-6-astra,ultra,settled,2026-09-20T23:33:53.679Z,2026-09-20T23:34:09.645Z,66532,62719,3810,448,308,132774000
sqlstorm-tpcds-astra-standard,221,1,gpt-6-astra,ultra,settled,2026-09-20T23:34:07.714Z,2026-09-20T23:34:15.315Z,74650,73652,995,220,57,97119500
sqlstorm-tpcds-astra-standard,222,0,gpt-6-astra,ultra,settled,2026-09-20T23:34:10.328Z,2026-09-20T23:34:23.036Z,66992,66529,0,429,238,92609000
sqlstorm-tpcds-astra-standard,223,3,gpt-6-astra,ultra,settled,2026-09-20T23:34:11.196Z,2026-09-20T23:34:33.756Z,51899,50022,1725,557,516,100954500
sqlstorm-tpcds-astra-standard,224,1,gpt-6-astra,ultra,settled,2026-09-20T23:34:16.022Z,2026-09-20T23:34:32.753Z,74883,74647,0,620,121,108007000
sqlstorm-tpcds-astra-standard,225,2,gpt-6-astra,ultra,settled,2026-09-20T23:34:16.248Z,2026-09-20T23:34:43.087Z,52707,51027,1677,1119,516,127969500
sqlstorm-tpcds-astra-standard,226,0,gpt-6-astra,ultra,settled,2026-09-20T23:34:23.819Z,2026-09-20T23:34:28.769Z,67403,66529,0,203,0,85419000
sqlstorm-tpcds-astra-standard,227,0,gpt-6-astra,ultra,settled,2026-09-20T23:34:29.597Z,2026-09-20T23:34:59.706Z,68125,66529,1593,1676,516,170271500
sqlstorm-tpcds-astra-standard,228,1,gpt-6-astra,ultra,settled,2026-09-20T23:34:33.741Z,2026-09-20T23:34:56.902Z,75948,74647,1298,616,516,121702000
sqlstorm-tpcds-astra-standard,229,3,gpt-6-astra,ultra,settled,2026-09-20T23:34:34.386Z,2026-09-20T23:34:55.659Z,52707,51747,957,689,516,98189500
sqlstorm-tpcds-astra-standard,230,2,gpt-6-astra,ultra,settled,2026-09-20T23:34:49.096Z,2026-09-20T23:35:05.958Z,53991,52704,1284,698,336,103684000
sqlstorm-tpcds-astra-standard,231,3,gpt-6-astra,ultra,settled,2026-09-20T23:34:56.449Z,2026-09-20T23:35:23.553Z,53408,52704,0,1189,516,119194000
sqlstorm-tpcds-astra-standard,232,1,gpt-6-astra,ultra,settled,2026-09-20T23:34:58.856Z,2026-09-20T23:35:06.200Z,76659,75945,711,233,29,96512500
sqlstorm-tpcds-astra-standard,233,0,gpt-6-astra,ultra,settled,2026-09-20T23:35:00.679Z,2026-09-20T23:35:17.400Z,68823,68122,0,488,357,99532000
sqlstorm-tpcds-astra-standard,234,1,gpt-6-astra,ultra,settled,2026-09-20T23:35:06.881Z,2026-09-20T23:35:38.056Z,76904,76656,0,853,812,121786000
sqlstorm-tpcds-astra-standard,235,2,gpt-6-astra,ultra,settled,2026-09-20T23:35:13.732Z,2026-09-20T23:36:08.145Z,55093,53988,1102,2651,67,200343000
sqlstorm-tpcds-astra-standard,236,0,gpt-6-astra,ultra,settled,2026-09-20T23:35:18.083Z,2026-09-20T23:35:25.364Z,69394,68122,0,145,0,88092000
sqlstorm-tpcds-astra-standard,237,3,gpt-6-astra,ultra,settled,2026-09-20T23:35:25.410Z,2026-09-20T23:36:09.010Z,54694,52704,1987,2329,516,194021500
sqlstorm-tpcds-astra-standard,238,0,gpt-6-astra,ultra,settled,2026-09-20T23:35:26.193Z,2026-09-20T23:35:32.217Z,69551,68122,0,149,0,89862000
sqlstorm-tpcds-astra-standard,239,0,gpt-6-astra,ultra,settled,2026-09-20T23:35:33.093Z,2026-09-20T23:35:47.987Z,69712,68122,0,858,55,126922000
sqlstorm-tpcds-astra-standard,240,1,gpt-6-astra,ultra,settled,2026-09-20T23:35:38.990Z,2026-09-20T23:35:44.420Z,77585,76656,0,131,22,92496000
sqlstorm-tpcds-astra-standard,241,1,gpt-6-astra,ultra,settled,2026-09-20T23:35:48.015Z,2026-09-20T23:35:57.297Z,77728,76656,0,198,0,97276000
sqlstorm-tpcds-astra-standard,242,0,gpt-6-astra,ultra,settled,2026-09-20T23:35:50.002Z,2026-09-20T23:36:16.916Z,70629,68122,2504,1279,131,163402000
sqlstorm-tpcds-astra-standard,243,1,gpt-6-astra,ultra,settled,2026-09-20T23:35:58.109Z,2026-09-20T23:36:17.757Z,78967,76656,2308,122,46,111636000
sqlstorm-tpcds-astra-standard,244,2,gpt-6-astra,ultra,settled,2026-09-20T23:36:08.945Z,2026-09-20T23:36:28.454Z,58034,55090,2941,548,340,119282500
sqlstorm-tpcds-astra-standard,245,3,gpt-6-astra,ultra,settled,2026-09-20T23:36:09.659Z,2026-09-20T23:36:26.519Z,55491,54691,0,571,54,91241000
sqlstorm-tpcds-astra-standard,246,1,gpt-6-astra,ultra,settled,2026-09-20T23:36:18.747Z,2026-09-20T23:36:37.576Z,82375,78964,3408,482,406,145694000
sqlstorm-tpcds-astra-standard,247,0,gpt-6-astra,ultra,settled,2026-09-20T23:36:18.814Z,2026-09-20T23:36:29.743Z,72032,70626,1403,471,172,111743500
sqlstorm-tpcds-astra-standard,248,3,gpt-6-astra,ultra,settled,2026-09-20T23:36:28.385Z,2026-09-20T23:36:33.868Z,56346,54691,1652,187,0,84721000
sqlstorm-tpcds-astra-standard,249,2,gpt-6-astra,ultra,settled,2026-09-20T23:36:29.273Z,2026-09-20T23:36:43.182Z,58597,58031,0,589,228,93141000
sqlstorm-tpcds-astra-standard,250,0,gpt-6-astra,ultra,settled,2026-09-20T23:36:30.436Z,2026-09-20T23:36:34.296Z,72426,72029,0,101,0,81049000
sqlstorm-tpcds-astra-standard,251,3,gpt-6-astra,ultra,settled,2026-09-20T23:36:34.528Z,2026-09-20T23:36:49.836Z,56546,56343,0,842,34,100473000
sqlstorm-tpcds-astra-standard,252,0,gpt-6-astra,ultra,settled,2026-09-20T23:36:34.989Z,2026-09-20T23:36:55.291Z,72539,72029,0,775,478,115879000
sqlstorm-tpcds-astra-standard,253,1,gpt-6-astra,ultra,settled,2026-09-20T23:36:38.849Z,2026-09-20T23:38:07.511Z,82990,82372,0,2729,2658,225002000
sqlstorm-tpcds-astra-standard,254,2,gpt-6-astra,ultra,settled,2026-09-20T23:36:44.334Z,2026-09-20T23:36:47.469Z,58944,58031,0,77,14,71011000
sqlstorm-tpcds-astra-standard,255,2,gpt-6-astra,ultra,settled,2026-09-20T23:36:48.211Z,2026-09-20T23:36:51.060Z,59252,58031,1218,78,0,77186000
sqlstorm-tpcds-astra-standard,256,3,gpt-6-astra,ultra,settled,2026-09-20T23:36:52.132Z,2026-09-20T23:37:02.626Z,57609,56343,1263,101,0,77210500
sqlstorm-tpcds-astra-standard,257,2,gpt-6-astra,ultra,settled,2026-09-20T23:36:52.433Z,2026-09-20T23:37:01.655Z,64074,59249,4822,69,9,123004000
sqlstorm-tpcds-astra-standard,258,0,gpt-6-astra,ultra,settled,2026-09-20T23:36:57.177Z,2026-09-20T23:37:01.743Z,73451,72029,1419,125,0,96046500
sqlstorm-tpcds-astra-standard,259,2,gpt-6-astra,ultra,settled,2026-09-20T23:37:02.399Z,2026-09-20T23:37:50.206Z,69145,64071,5071,1182,1034,186588500
sqlstorm-tpcds-astra-standard,260,0,gpt-6-astra,ultra,settled,2026-09-20T23:37:02.490Z,2026-09-20T23:37:12.144Z,73588,73448,0,400,170,94848000
sqlstorm-tpcds-astra-standard,261,3,gpt-6-astra,ultra,settled,2026-09-20T23:37:03.251Z,2026-09-20T23:37:17.854Z,57858,57606,0,131,11,66676000
sqlstorm-tpcds-astra-standard,262,0,gpt-6-astra,ultra,settled,2026-09-20T23:37:13.132Z,2026-09-20T23:37:16.713Z,74738,73448,1287,107,37,94915500
sqlstorm-tpcds-astra-standard,263,0,gpt-6-astra,ultra,settled,2026-09-20T23:37:17.508Z,2026-09-20T23:37:33.725Z,75505,74735,767,570,516,112852500
sqlstorm-tpcds-astra-standard,264,3,gpt-6-astra,ultra,settled,2026-09-20T23:37:18.500Z,2026-09-20T23:37:47.910Z,58001,57606,0,1314,516,127256000
sqlstorm-tpcds-astra-standard,265,0,gpt-6-astra,ultra,settled,2026-09-20T23:37:34.720Z,2026-09-20T23:37:55.977Z,76152,75502,0,654,516,114702000
sqlstorm-tpcds-astra-standard,266,3,gpt-6-astra,ultra,settled,2026-09-20T23:37:49.922Z,2026-09-20T23:38:14.750Z,59583,57606,1974,681,640,116361000
sqlstorm-tpcds-astra-standard,267,2,gpt-6-astra,ultra,settled,2026-09-20T23:37:50.882Z,2026-09-20T23:37:54.781Z,70341,69142,0,119,53,87082000
sqlstorm-tpcds-astra-standard,268,2,gpt-6-astra,ultra,settled,2026-09-20T23:37:55.835Z,2026-09-20T23:38:20.454Z,70754,69142,1609,1000,275,139284500
sqlstorm-tpcds-astra-standard,269,0,gpt-6-astra,ultra,settled,2026-09-20T23:37:56.820Z,2026-09-20T23:38:22.790Z,76831,75502,0,755,604,126542000
sqlstorm-tpcds-astra-standard,270,1,gpt-6-astra,ultra,settled,2026-09-20T23:38:08.443Z,2026-09-20T23:38:17.864Z,83628,82372,0,292,145,109532000
sqlstorm-tpcds-astra-standard,271,3,gpt-6-astra,ultra,settled,2026-09-20T23:38:16.038Z,2026-09-20T23:38:21.247Z,60425,59580,842,149,0,77585000
sqlstorm-tpcds-astra-standard,272,1,gpt-6-astra,ultra,settled,2026-09-20T23:38:19.438Z,2026-09-20T23:39:30.781Z,83932,82372,0,2113,1984,203622000
sqlstorm-tpcds-astra-standard,273,3,gpt-6-astra,ultra,settled,2026-09-20T23:38:22.075Z,2026-09-20T23:39:11.064Z,60586,60422,0,2377,216,180912000
sqlstorm-tpcds-astra-standard,274,2,gpt-6-astra,ultra,settled,2026-09-20T23:38:22.180Z,2026-09-20T23:38:45.427Z,71855,70751,1101,694,516,119243500
sqlstorm-tpcds-astra-standard,275,0,gpt-6-astra,ultra,settled,2026-09-20T23:38:23.692Z,2026-09-20T23:38:29.718Z,77664,75502,0,184,16,106322000
sqlstorm-tpcds-astra-standard,276,0,gpt-6-astra,ultra,settled,2026-09-20T23:38:31.440Z,2026-09-20T23:39:06.363Z,77861,75502,0,1708,516,184492000
sqlstorm-tpcds-astra-standard,277,2,gpt-6-astra,ultra,settled,2026-09-20T23:38:46.078Z,2026-09-20T23:39:01.034Z,72563,71852,0,552,0,106562000
sqlstorm-tpcds-astra-standard,278,2,gpt-6-astra,ultra,settled,2026-09-20T23:39:02.047Z,2026-09-20T23:39:10.743Z,73173,71852,1318,136,17,95157000
sqlstorm-tpcds-astra-standard,279,0,gpt-6-astra,ultra,settled,2026-09-20T23:39:07.073Z,2026-09-20T23:39:24.959Z,78569,75502,0,428,355,127572000
sqlstorm-tpcds-astra-standard,280,3,gpt-6-astra,ultra,settled,2026-09-20T23:39:11.830Z,2026-09-20T23:40:08.474Z,60982,60422,0,3098,516,220922000
sqlstorm-tpcds-astra-standard,281,0,gpt-6-astra,ultra,settled,2026-09-20T23:39:26.711Z,2026-09-20T23:39:38.955Z,79079,75502,0,371,219,129822000
sqlstorm-tpcds-astra-standard,282,1,gpt-6-astra,ultra,settled,2026-09-20T23:39:31.608Z,2026-09-20T23:39:39.950Z,86070,82372,0,299,26,134302000
sqlstorm-tpcds-astra-standard,283,0,gpt-6-astra,ultra,settled,2026-09-20T23:39:39.823Z,2026-09-20T23:39:45.460Z,79437,75502,0,158,0,122752000
sqlstorm-tpcds-astra-standard,284,1,gpt-6-astra,ultra,settled,2026-09-20T23:39:40.945Z,2026-09-20T23:40:32.069Z,87035,82372,4660,3013,516,291302000
sqlstorm-tpcds-astra-standard,285,2,gpt-6-astra,ultra,settled,2026-09-20T23:39:46.195Z,2026-09-20T23:39:52.195Z,73482,73170,0,184,41,85490000
sqlstorm-tpcds-astra-standard,286,0,gpt-6-astra,ultra,settled,2026-09-20T23:39:46.323Z,2026-09-20T23:39:49.453Z,79608,75502,0,62,0,119662000
sqlstorm-tpcds-astra-standard,287,0,gpt-6-astra,ultra,settled,2026-09-20T23:39:50.275Z,2026-09-20T23:40:35.762Z,80271,75502,4766,666,39,168407000
sqlstorm-tpcds-astra-standard,288,2,gpt-6-astra,ultra,settled,2026-09-20T23:39:52.901Z,2026-09-20T23:39:56.579Z,73757,73170,584,68,0,83900000
sqlstorm-tpcds-astra-standard,289,2,gpt-6-astra,ultra,settled,2026-09-20T23:39:58.200Z,2026-09-20T23:40:02.243Z,74078,73754,321,42,0,79896500
sqlstorm-tpcds-astra-standard,290,2,gpt-6-astra,ultra,settled,2026-09-20T23:40:03.016Z,2026-09-20T23:40:44.331Z,77591,74075,3513,2265,516,231267500
sqlstorm-tpcds-astra-standard,291,3,gpt-6-astra,ultra,settled,2026-09-20T23:40:11.439Z,2026-09-20T23:40:26.458Z,64237,60422,3812,158,117,116002000
sqlstorm-tpcds-astra-standard,292,3,gpt-6-astra,ultra,settled,2026-09-20T23:40:27.175Z,2026-09-20T23:40:50.984Z,64553,64234,316,535,384,94964000
sqlstorm-tpcds-astra-standard,293,1,gpt-6-astra,ultra,settled,2026-09-20T23:40:34.474Z,2026-09-20T23:40:40.282Z,90106,87032,3071,253,10,138099500
sqlstorm-tpcds-astra-standard,294,0,gpt-6-astra,ultra,settled,2026-09-20T23:40:37.840Z,2026-09-20T23:41:01.702Z,81279,80268,1008,994,516,142598000
sqlstorm-tpcds-astra-standard,295,1,gpt-6-astra,ultra,settled,2026-09-20T23:40:42.219Z,2026-09-20T23:41:05.509Z,91387,90103,1281,664,516,139345500
sqlstorm-tpcds-astra-standard,296,3,gpt-6-astra,ultra,settled,2026-09-20T23:40:51.860Z,2026-09-20T23:41:02.397Z,65100,64550,0,646,0,102350000
sqlstorm-tpcds-astra-standard,297,2,gpt-6-astra,ultra,settled,2026-09-20T23:40:55.203Z,2026-09-20T23:41:02.682Z,80146,77588,2555,241,199,121605500
sqlstorm-tpcds-astra-standard,298,0,gpt-6-astra,ultra,settled,2026-09-20T23:41:02.377Z,2026-09-20T23:41:19.878Z,81958,81276,0,407,260,108446000
sqlstorm-tpcds-astra-standard,299,3,gpt-6-astra,ultra,settled,2026-09-20T23:41:05.235Z,2026-09-20T23:41:18.039Z,65839,64550,1286,300,128,95655000
sqlstorm-tpcds-astra-standard,300,1,gpt-6-astra,ultra,settled,2026-09-20T23:41:08.045Z,2026-09-20T23:41:15.453Z,92496,91384,1109,206,63,115576500
sqlstorm-tpcds-astra-standard,301,2,gpt-6-astra,ultra,settled,2026-09-20T23:41:08.450Z,2026-09-20T23:41:35.546Z,80921,80143,775,352,173,107460500
sqlstorm-tpcds-astra-standard,302,1,gpt-6-astra,ultra,settled,2026-09-20T23:41:16.397Z,2026-09-20T23:41:21.298Z,92714,92493,0,62,20,97803000
sqlstorm-tpcds-astra-standard,303,3,gpt-6-astra,ultra,settled,2026-09-20T23:41:18.736Z,2026-09-20T23:41:26.984Z,66151,65836,0,355,73,86736000
sqlstorm-tpcds-astra-standard,304,0,gpt-6-astra,ultra,settled,2026-09-20T23:41:21.497Z,2026-09-20T23:41:28.762Z,82371,81276,0,136,0,99026000
sqlstorm-tpcds-astra-standard,305,1,gpt-6-astra,ultra,settled,2026-09-20T23:41:22.027Z,2026-09-20T23:41:28.471Z,92918,92493,0,146,74,104043000
sqlstorm-tpcds-astra-standard,306,3,gpt-6-astra,ultra,settled,2026-09-20T23:41:28.884Z,2026-09-20T23:41:36.198Z,66698,65836,859,137,29,83453500
sqlstorm-tpcds-astra-standard,307,1,gpt-6-astra,ultra,settled,2026-09-20T23:41:29.347Z,2026-09-20T23:42:50.232Z,94390,92493,1894,2243,2115,228348000
sqlstorm-tpcds-astra-standard,308,0,gpt-6-astra,ultra,settled,2026-09-20T23:41:29.760Z,2026-09-20T23:41:42.557Z,82850,81276,1571,311,180,116493500
sqlstorm-tpcds-astra-standard,309,2,gpt-6-astra,ultra,settled,2026-09-20T23:41:36.461Z,2026-09-20T23:41:42.708Z,81285,80918,0,40,0,86588000
sqlstorm-tpcds-astra-standard,310,3,gpt-6-astra,ultra,settled,2026-09-20T23:41:36.865Z,2026-09-20T23:41:44.430Z,66847,66695,0,223,182,79365000
sqlstorm-tpcds-astra-standard,311,0,gpt-6-astra,ultra,settled,2026-09-20T23:41:43.519Z,2026-09-20T23:41:56.943Z,83340,82847,0,301,174,102827000
sqlstorm-tpcds-astra-standard,312,2,gpt-6-astra,ultra,settled,2026-09-20T23:41:43.841Z,2026-09-20T23:41:47.370Z,81838,80918,917,130,41,98910500
sqlstorm-tpcds-astra-standard,313,3,gpt-6-astra,ultra,settled,2026-09-20T23:41:45.176Z,2026-09-20T23:42:03.647Z,67262,66695,564,790,295,113275000
sqlstorm-tpcds-astra-standard,314,2,gpt-6-astra,ultra,settled,2026-09-20T23:41:49.912Z,2026-09-20T23:42:33.954Z,82079,81835,241,1560,516,162877500
sqlstorm-tpcds-astra-standard,315,0,gpt-6-astra,ultra,settled,2026-09-20T23:41:57.815Z,2026-09-20T23:42:20.625Z,84473,82847,1623,851,83,145714500
sqlstorm-tpcds-astra-standard,316,3,gpt-6-astra,ultra,settled,2026-09-20T23:42:06.320Z,2026-09-20T23:42:35.740Z,68146,67259,884,1442,338,150439000
sqlstorm-tpcds-astra-standard,317,0,gpt-6-astra,ultra,settled,2026-09-20T23:42:22.706Z,2026-09-20T23:42:27.969Z,85384,84470,911,177,25,104737500
sqlstorm-tpcds-astra-standard,318,0,gpt-6-astra,ultra,settled,2026-09-20T23:42:28.977Z,2026-09-20T23:42:46.382Z,85965,85381,581,553,388,120323500
sqlstorm-tpcds-astra-standard,319,3,gpt-6-astra,ultra,settled,2026-09-20T23:42:37.785Z,2026-09-20T23:42:43.142Z,69818,68143,1672,108,67,94473000
sqlstorm-tpcds-astra-standard,320,3,gpt-6-astra,ultra,settled,2026-09-20T23:42:43.868Z,2026-09-20T23:44:25.306Z,70085,69815,267,2013,353,173832500
sqlstorm-tpcds-astra-standard,321,2,gpt-6-astra,ultra,settled,2026-09-20T23:42:44.928Z,2026-09-20T23:43:08.845Z,83935,82076,1856,174,126,114006000
sqlstorm-tpcds-astra-standard,322,0,gpt-6-astra,ultra,settled,2026-09-20T23:42:47.179Z,2026-09-20T23:42:51.330Z,86536,85962,0,125,0,97952000
sqlstorm-tpcds-astra-standard,323,1,gpt-6-astra,ultra,settled,2026-09-20T23:42:51.071Z,2026-09-20T23:43:22.067Z,96653,94387,0,1133,392,173697000
sqlstorm-tpcds-astra-standard,324,0,gpt-6-astra,ultra,settled,2026-09-20T23:42:52.338Z,2026-09-20T23:43:49.668Z,86809,85962,0,2217,890,205282000
sqlstorm-tpcds-astra-standard,325,2,gpt-6-astra,ultra,settled,2026-09-20T23:43:09.606Z,2026-09-20T23:43:14.826Z,84201,83932,0,170,0,95122000
sqlstorm-tpcds-astra-standard,326,2,gpt-6-astra,ultra,settled,2026-09-20T23:43:15.922Z,2026-09-20T23:43:26.191Z,84383,83932,0,72,0,92042000
sqlstorm-tpcds-astra-standard,327,1,gpt-6-astra,ultra,settled,2026-09-20T23:43:25.273Z,2026-09-20T23:43:45.265Z,97846,94387,3456,541,462,164667000
sqlstorm-tpcds-astra-standard,328,2,gpt-6-astra,ultra,settled,2026-09-20T23:43:27.611Z,2026-09-20T23:43:35.020Z,86057,83932,2122,95,49,115237000
sqlstorm-tpcds-astra-standard,329,2,gpt-6-astra,ultra,settled,2026-09-20T23:43:36.715Z,2026-09-20T23:43:55.001Z,90077,86054,4020,536,396,163134000
sqlstorm-tpcds-astra-standard,330,1,gpt-6-astra,ultra,settled,2026-09-20T23:43:46.082Z,2026-09-20T23:43:55.916Z,98400,97843,0,610,0,133913000
sqlstorm-tpcds-astra-standard,331,0,gpt-6-astra,ultra,settled,2026-09-20T23:43:50.579Z,2026-09-20T23:43:55.723Z,87424,85962,0,121,0,106632000
sqlstorm-tpcds-astra-standard,332,2,gpt-6-astra,ultra,settled,2026-09-20T23:43:55.818Z,2026-09-20T23:44:18.072Z,90709,90074,632,1465,0,171254000
sqlstorm-tpcds-astra-standard,333,0,gpt-6-astra,ultra,settled,2026-09-20T23:43:56.540Z,2026-09-20T23:44:36.700Z,87558,85962,0,1546,516,179222000
sqlstorm-tpcds-astra-standard,334,1,gpt-6-astra,ultra,settled,2026-09-20T23:43:57.880Z,2026-09-20T23:44:02.488Z,99267,97843,1288,139,18,122253000
sqlstorm-tpcds-astra-standard,335,1,gpt-6-astra,ultra,settled,2026-09-20T23:44:04.580Z,2026-09-20T23:44:48.846Z,99515,99131,381,1435,1233,175673500
sqlstorm-tpcds-astra-standard,336,3,gpt-6-astra,ultra,settled,2026-09-20T23:44:26.133Z,2026-09-20T23:44:42.833Z,70803,70082,0,328,137,93692000
sqlstorm-tpcds-astra-standard,337,2,gpt-6-astra,ultra,settled,2026-09-20T23:44:30.412Z,2026-09-20T23:44:44.088Z,92477,90706,1768,305,127,128086000
sqlstorm-tpcds-astra-standard,338,0,gpt-6-astra,ultra,settled,2026-09-20T23:44:37.653Z,2026-09-20T23:44:58.095Z,89246,85962,3281,597,516,156854500
sqlstorm-tpcds-astra-standard,339,3,gpt-6-astra,ultra,settled,2026-09-20T23:44:43.633Z,2026-09-20T23:44:47.775Z,71143,70082,0,102,0,85792000
sqlstorm-tpcds-astra-standard,340,2,gpt-6-astra,ultra,settled,2026-09-20T23:44:44.795Z,2026-09-20T23:45:32.352Z,92811,92474,0,1677,468,179694000
sqlstorm-tpcds-astra-standard,341,3,gpt-6-astra,ultra,settled,2026-09-20T23:44:48.591Z,2026-09-20T23:45:27.214Z,71257,70082,0,2545,185,209082000
sqlstorm-tpcds-astra-standard,342,1,gpt-6-astra,ultra,settled,2026-09-20T23:44:51.365Z,2026-09-20T23:44:56.074Z,101225,99512,1710,122,76,127017000
sqlstorm-tpcds-astra-standard,343,1,gpt-6-astra,ultra,settled,2026-09-20T23:44:56.991Z,2026-09-20T23:45:36.621Z,101913,101222,688,1447,1003,182202000
sqlstorm-tpcds-astra-standard,344,0,gpt-6-astra,ultra,settled,2026-09-20T23:44:59.036Z,2026-09-20T23:45:07.854Z,89879,89243,0,216,100,106403000
sqlstorm-tpcds-astra-standard,345,0,gpt-6-astra,ultra,settled,2026-09-20T23:45:08.691Z,2026-09-20T23:45:30.560Z,90107,89243,0,874,516,141583000
sqlstorm-tpcds-astra-standard,346,3,gpt-6-astra,ultra,settled,2026-09-20T23:45:28.038Z,2026-09-20T23:46:03.775Z,71568,70082,0,2025,516,186192000
sqlstorm-tpcds-astra-standard,347,0,gpt-6-astra,ultra,settled,2026-09-20T23:45:32.626Z,2026-09-20T23:45:37.823Z,91320,89243,2074,185,53,124448000
sqlstorm-tpcds-astra-standard,348,1,gpt-6-astra,ultra,settled,2026-09-20T23:45:38.561Z,2026-09-20T23:46:46.057Z,103419,101910,1506,2771,1187,259315000
sqlstorm-tpcds-astra-standard,349,0,gpt-6-astra,ultra,settled,2026-09-20T23:45:38.665Z,2026-09-20T23:46:06.060Z,94581,91317,3261,1306,502,197409500
sqlstorm-tpcds-astra-standard,350,2,gpt-6-astra,ultra,settled,2026-09-20T23:45:43.458Z,2026-09-20T23:45:54.301Z,95708,92474,3231,379,181,151841500
sqlstorm-tpcds-astra-standard,351,2,gpt-6-astra,ultra,settled,2026-09-20T23:45:55.052Z,2026-09-20T23:45:57.826Z,96102,95705,0,40,0,101675000
sqlstorm-tpcds-astra-standard,352,2,gpt-6-astra,ultra,settled,2026-09-20T23:46:03.909Z,2026-09-20T23:46:32.044Z,97089,95705,1381,861,763,156047500
sqlstorm-tpcds-astra-standard,353,3,gpt-6-astra,ultra,settled,2026-09-20T23:46:06.331Z,2026-09-20T23:46:37.638Z,73686,70082,3601,1846,122,207424500
sqlstorm-tpcds-astra-standard,354,0,gpt-6-astra,ultra,settled,2026-09-20T23:46:06.862Z,2026-09-20T23:46:20.420Z,95300,94578,0,888,65,146198000
sqlstorm-tpcds-astra-standard,355,0,gpt-6-astra,ultra,settled,2026-09-20T23:46:23.356Z,2026-09-20T23:46:27.290Z,96248,94578,1667,119,45,121395500
sqlstorm-tpcds-astra-standard,356,0,gpt-6-astra,ultra,settled,2026-09-20T23:46:28.344Z,2026-09-20T23:46:35.739Z,96698,96245,450,229,103,113350000
sqlstorm-tpcds-astra-standard,357,2,gpt-6-astra,ultra,settled,2026-09-20T23:46:32.906Z,2026-09-20T23:46:53.161Z,99928,97086,2839,587,391,161953500
sqlstorm-tpcds-astra-standard,358,0,gpt-6-astra,ultra,settled,2026-09-20T23:46:36.682Z,2026-09-20T23:46:59.205Z,96939,96695,0,949,516,146585000
sqlstorm-tpcds-astra-standard,359,3,gpt-6-astra,ultra,settled,2026-09-20T23:46:38.372Z,2026-09-20T23:47:09.116Z,73946,73683,0,1809,49,166763000
sqlstorm-tpcds-astra-standard,360,1,gpt-6-astra,ultra,settled,2026-09-20T23:46:48.063Z,2026-09-20T23:47:06.061Z,106302,103416,2883,554,410,167183500
sqlstorm-tpcds-astra-standard,361,2,gpt-6-astra,ultra,settled,2026-09-20T23:46:53.985Z,2026-09-20T23:47:51.638Z,100528,99925,0,2786,415,245255000
sqlstorm-tpcds-astra-standard,362,0,gpt-6-astra,ultra,settled,2026-09-20T23:47:01.475Z,2026-09-20T23:47:14.074Z,97950,96695,1252,406,341,132675000
sqlstorm-tpcds-astra-standard,363,1,gpt-6-astra,ultra,settled,2026-09-20T23:47:08.252Z,2026-09-20T23:48:12.695Z,106967,106299,665,2794,1762,254341500
sqlstorm-tpcds-astra-standard,364,3,gpt-6-astra,ultra,settled,2026-09-20T23:47:09.951Z,2026-09-20T23:47:42.307Z,74207,73683,0,1820,25,169923000
sqlstorm-tpcds-astra-standard,365,0,gpt-6-astra,ultra,settled,2026-09-20T23:47:15.047Z,2026-09-20T23:47:32.211Z,98570,97947,620,1034,274,157427000
sqlstorm-tpcds-astra-standard,366,0,gpt-6-astra,ultra,settled,2026-09-20T23:47:34.205Z,2026-09-20T23:47:52.197Z,99739,98567,1169,792,693,152809500
sqlstorm-tpcds-astra-standard,367,3,gpt-6-astra,ultra,settled,2026-09-20T23:47:44.343Z,2026-09-20T23:48:03.796Z,76186,73683,2500,853,359,147613000
sqlstorm-tpcds-astra-standard,368,2,gpt-6-astra,ultra,settled,2026-09-20T23:47:52.494Z,2026-09-20T23:48:03.034Z,103378,99925,3450,339,155,160030000
sqlstorm-tpcds-astra-standard,369,0,gpt-6-astra,ultra,settled,2026-09-20T23:47:53.734Z,2026-09-20T23:48:17.976Z,100977,99736,1238,1026,405,166541000
sqlstorm-tpcds-astra-standard,370,2,gpt-6-astra,ultra,settled,2026-09-20T23:48:03.836Z,2026-09-20T23:48:30.896Z,103733,103375,0,944,516,154155000
sqlstorm-tpcds-astra-standard,371,3,gpt-6-astra,ultra,settled,2026-09-20T23:48:05.830Z,2026-09-20T23:48:16.660Z,77166,76183,980,161,35,96513000
sqlstorm-tpcds-astra-standard,372,1,gpt-6-astra,ultra,settled,2026-09-20T23:48:14.785Z,2026-09-20T23:48:21.051Z,109883,106964,2916,260,86,156444000
sqlstorm-tpcds-astra-standard,373,3,gpt-6-astra,ultra,settled,2026-09-20T23:48:17.453Z,2026-09-20T23:48:21.765Z,77339,77163,0,125,49,85173000
sqlstorm-tpcds-astra-standard,374,0,gpt-6-astra,ultra,settled,2026-09-20T23:48:18.867Z,2026-09-20T23:48:45.046Z,101715,100974,0,439,318,130334000
sqlstorm-tpcds-astra-standard,375,3,gpt-6-astra,ultra,settled,2026-09-20T23:48:22.737Z,2026-09-20T23:48:47.205Z,78717,77163,1551,144,18,103780500
sqlstorm-tpcds-astra-standard,376,1,gpt-6-astra,ultra,settled,2026-09-20T23:48:23.073Z,2026-09-20T23:49:22.592Z,110253,109880,370,1832,1207,206135000
sqlstorm-tpcds-astra-standard,377,2,gpt-6-astra,ultra,settled,2026-09-20T23:48:34.594Z,2026-09-20T23:48:46.711Z,104762,103375,1384,188,54,130105000
sqlstorm-tpcds-astra-standard,378,0,gpt-6-astra,ultra,settled,2026-09-20T23:48:46.689Z,2026-09-20T23:49:24.880Z,102166,100974,0,1150,991,170394000
sqlstorm-tpcds-astra-standard,379,2,gpt-6-astra,ultra,settled,2026-09-20T23:48:48.372Z,2026-09-20T23:48:53.214Z,105008,104759,246,127,15,114214000
sqlstorm-tpcds-astra-standard,380,3,gpt-6-astra,ultra,settled,2026-09-20T23:48:49.162Z,2026-09-20T23:49:00.306Z,78867,78714,0,318,200,96144000
sqlstorm-tpcds-astra-standard,381,3,gpt-6-astra,ultra,settled,2026-09-20T23:49:01.110Z,2026-09-20T23:49:10.036Z,79198,78714,0,363,25,101704000
sqlstorm-tpcds-astra-standard,382,3,gpt-6-astra,ultra,settled,2026-09-20T23:49:11.984Z,2026-09-20T23:50:03.439Z,79687,78714,970,2485,516,215119000
sqlstorm-tpcds-astra-standard,383,1,gpt-6-astra,ultra,settled,2026-09-20T23:49:24.565Z,2026-09-20T23:49:30.600Z,112201,110250,1948,137,66,141480000
sqlstorm-tpcds-astra-standard,384,0,gpt-6-astra,ultra,settled,2026-09-20T23:49:26.482Z,2026-09-20T23:49:38.842Z,102957,100974,0,517,93,146654000
sqlstorm-tpcds-astra-standard,385,1,gpt-6-astra,ultra,settled,2026-09-20T23:49:31.601Z,2026-09-20T23:49:55.791Z,113306,112198,1105,1226,243,187340500
sqlstorm-tpcds-astra-standard,386,0,gpt-6-astra,ultra,settled,2026-09-20T23:49:40.934Z,2026-09-20T23:49:45.340Z,103601,100974,2624,129,37,140254000
sqlstorm-tpcds-astra-standard,387,0,gpt-6-astra,ultra,settled,2026-09-20T23:49:46.359Z,2026-09-20T23:49:52.446Z,103744,103598,0,172,103,113658000
sqlstorm-tpcds-astra-standard,388,0,gpt-6-astra,ultra,settled,2026-09-20T23:49:55.403Z,2026-09-20T23:50:19.429Z,104074,103598,473,1154,465,167240500
sqlstorm-tpcds-astra-standard,389,1,gpt-6-astra,ultra,settled,2026-09-20T23:49:57.891Z,2026-09-20T23:50:43.746Z,114592,113303,1286,1505,1374,204658000
sqlstorm-tpcds-astra-standard,390,3,gpt-6-astra,ultra,settled,2026-09-20T23:50:04.248Z,2026-09-20T23:50:11.713Z,80306,79684,0,300,33,100904000
sqlstorm-tpcds-astra-standard,391,3,gpt-6-astra,ultra,settled,2026-09-20T23:50:13.656Z,2026-09-20T23:50:31.695Z,80741,79684,1054,442,296,114989000
sqlstorm-tpcds-astra-standard,392,0,gpt-6-astra,ultra,settled,2026-09-20T23:50:21.826Z,2026-09-20T23:50:40.525Z,105367,104071,1293,594,516,149963500
sqlstorm-tpcds-astra-standard,393,3,gpt-6-astra,ultra,settled,2026-09-20T23:50:32.501Z,2026-09-20T23:50:37.568Z,81195,80738,0,288,0,99708000
sqlstorm-tpcds-astra-standard,394,3,gpt-6-astra,ultra,settled,2026-09-20T23:50:39.698Z,2026-09-20T23:51:17.280Z,81610,80738,869,1047,953,143980500
sqlstorm-tpcds-astra-standard,395,0,gpt-6-astra,ultra,settled,2026-09-20T23:50:41.523Z,2026-09-20T23:51:02.610Z,106040,105364,0,607,516,142474000
sqlstorm-tpcds-astra-standard,396,1,gpt-6-astra,ultra,settled,2026-09-20T23:50:44.787Z,2026-09-20T23:50:53.666Z,116117,114589,0,126,0,136169000
sqlstorm-tpcds-astra-standard,397,1,gpt-6-astra,ultra,settled,2026-09-20T23:50:56.204Z,2026-09-20T23:51:09.828Z,116365,114589,1773,400,266,156781500
sqlstorm-tpcds-astra-standard,398,0,gpt-6-astra,ultra,settled,2026-09-20T23:51:03.537Z,2026-09-20T23:51:11.843Z,106699,105364,0,250,166,131214000
sqlstorm-tpcds-astra-standard,399,1,gpt-6-astra,ultra,settled,2026-09-20T23:51:10.751Z,2026-09-20T23:51:52.747Z,116781,116362,0,1308,870,185952000
sqlstorm-tpcds-astra-standard,400,0,gpt-6-astra,ultra,settled,2026-09-20T23:51:12.931Z,2026-09-20T23:51:20.351Z,107009,105364,0,116,16,127614000
sqlstorm-tpcds-astra-standard,401,3,gpt-6-astra,ultra,settled,2026-09-20T23:51:18.277Z,2026-09-20T23:51:40.071Z,82674,81607,0,1242,19,154377000
sqlstorm-tpcds-astra-standard,402,0,gpt-6-astra,ultra,settled,2026-09-20T23:51:21.464Z,2026-09-20T23:51:26.985Z,107129,105364,0,99,0,127964000
sqlstorm-tpcds-astra-standard,403,0,gpt-6-astra,ultra,settled,2026-09-20T23:51:27.999Z,2026-09-20T23:51:31.140Z,107240,105364,0,83,0,128274000
sqlstorm-tpcds-astra-standard,404,0,gpt-6-astra,ultra,settled,2026-09-20T23:51:32.297Z,2026-09-20T23:51:39.387Z,109063,105364,3696,200,123,161594000
sqlstorm-tpcds-astra-standard,405,0,gpt-6-astra,ultra,settled,2026-09-20T23:51:40.318Z,2026-09-20T23:51:49.811Z,110019,109060,956,344,258,138240000
sqlstorm-tpcds-astra-standard,406,3,gpt-6-astra,ultra,settled,2026-09-20T23:51:40.909Z,2026-09-20T23:52:02.208Z,82805,81607,0,1226,0,154887000
sqlstorm-tpcds-astra-standard,407,0,gpt-6-astra,ultra,settled,2026-09-20T23:51:51.848Z,2026-09-20T23:52:30.614Z,110419,110016,400,1878,420,208946000
sqlstorm-tpcds-astra-standard,408,1,gpt-6-astra,ultra,settled,2026-09-20T23:51:54.798Z,2026-09-20T23:52:28.512Z,118216,116362,1851,1173,858,198179500
sqlstorm-tpcds-astra-standard,409,3,gpt-6-astra,ultra,settled,2026-09-20T23:52:04.372Z,2026-09-20T23:52:16.535Z,84631,81607,3021,251,210,131949500
sqlstorm-tpcds-astra-standard,410,3,gpt-6-astra,ultra,settled,2026-09-20T23:52:17.317Z,2026-09-20T23:52:22.000Z,85003,84628,372,173,14,97958000
sqlstorm-tpcds-astra-standard,411,3,gpt-6-astra,ultra,settled,2026-09-20T23:52:23.663Z,2026-09-20T23:53:13.205Z,85188,85000,0,2313,219,202530000
sqlstorm-tpcds-astra-standard,412,1,gpt-6-astra,ultra,settled,2026-09-20T23:52:30.751Z,2026-09-20T23:53:05.135Z,119498,118213,1282,1001,775,184318000
sqlstorm-tpcds-astra-standard,413,0,gpt-6-astra,ultra,settled,2026-09-20T23:52:31.483Z,2026-09-20T23:52:40.063Z,111010,110416,0,154,63,124056000
sqlstorm-tpcds-astra-standard,414,0,gpt-6-astra,ultra,settled,2026-09-20T23:52:41.204Z,2026-09-20T23:52:47.572Z,111179,110416,0,92,0,122646000
sqlstorm-tpcds-astra-standard,415,0,gpt-6-astra,ultra,settled,2026-09-20T23:52:48.482Z,2026-09-20T23:53:17.784Z,111283,110416,0,1034,966,170786000
sqlstorm-tpcds-astra-standard,416,1,gpt-6-astra,ultra,settled,2026-09-20T23:53:06.401Z,2026-09-20T23:53:32.804Z,120121,119495,0,668,516,159155000
sqlstorm-tpcds-astra-standard,417,3,gpt-6-astra,ultra,settled,2026-09-20T23:53:14.140Z,2026-09-20T23:54:07.895Z,85511,85000,0,2913,0,235760000
sqlstorm-tpcds-astra-standard,418,0,gpt-6-astra,ultra,settled,2026-09-20T23:53:19.377Z,2026-09-20T23:54:03.312Z,112572,110416,2153,2099,688,242308500
sqlstorm-tpcds-astra-standard,419,1,gpt-6-astra,ultra,settled,2026-09-20T23:53:33.734Z,2026-09-20T23:54:29.928Z,120808,119495,0,2320,0,248625000
sqlstorm-tpcds-astra-standard,420,0,gpt-6-astra,ultra,settled,2026-09-20T23:54:04.189Z,2026-09-20T23:54:20.252Z,113251,112569,0,501,355,144439000
sqlstorm-tpcds-astra-standard,421,3,gpt-6-astra,ultra,settled,2026-09-20T23:54:08.764Z,2026-09-20T23:54:22.425Z,88448,85000,3445,360,240,146092500
sqlstorm-tpcds-astra-standard,422,0,gpt-6-astra,ultra,settled,2026-09-20T23:54:21.264Z,2026-09-20T23:54:35.207Z,113765,112569,0,866,0,167829000
sqlstorm-tpcds-astra-standard,423,2,gpt-6-astra,ultra,settled,2026-09-20T23:54:21.306Z,2026-09-20T23:54:24.815Z,105294,105005,0,78,0,111795000
sqlstorm-tpcds-astra-standard,424,3,gpt-6-astra,ultra,settled,2026-09-20T23:54:23.891Z,2026-09-20T23:54:28.469Z,88821,88445,0,164,0,100405000
sqlstorm-tpcds-astra-standard,425,2,gpt-6-astra,ultra,settled,2026-09-20T23:54:26.775Z,2026-09-20T23:54:39.936Z,110666,105005,5658,353,287,193410000
sqlstorm-tpcds-astra-standard,426,1,gpt-6-astra,ultra,settled,2026-09-20T23:54:31.024Z,2026-09-20T23:54:54.736Z,123187,119495,3689,773,516,204287500
sqlstorm-tpcds-astra-standard,427,0,gpt-6-astra,ultra,settled,2026-09-20T23:54:36.188Z,2026-09-20T23:54:55.445Z,115114,112569,2219,675,435,177316500
sqlstorm-tpcds-astra-standard,428,2,gpt-6-astra,ultra,settled,2026-09-20T23:54:40.802Z,2026-09-20T23:55:33.100Z,111748,110663,1082,1699,516,209168000
sqlstorm-tpcds-astra-standard,429,1,gpt-6-astra,ultra,settled,2026-09-20T23:54:57.530Z,2026-09-20T23:55:02.131Z,123979,123184,792,119,60,139064000
sqlstorm-tpcds-astra-standard,430,0,gpt-6-astra,ultra,settled,2026-09-20T23:54:57.556Z,2026-09-20T23:55:10.862Z,115804,114788,1013,403,379,147630500
sqlstorm-tpcds-astra-standard,431,1,gpt-6-astra,ultra,settled,2026-09-20T23:55:03.178Z,2026-09-20T23:55:07.688Z,124230,123976,251,141,43,134193500
sqlstorm-tpcds-astra-standard,432,1,gpt-6-astra,ultra,settled,2026-09-20T23:55:11.783Z,2026-09-20T23:55:45.380Z,124430,124227,200,899,709,171707000
sqlstorm-tpcds-astra-standard,433,0,gpt-6-astra,ultra,settled,2026-09-20T23:55:12.192Z,2026-09-20T23:55:25.632Z,116303,115801,499,368,350,140468500
sqlstorm-tpcds-astra-standard,434,0,gpt-6-astra,ultra,settled,2026-09-20T23:55:26.897Z,2026-09-20T23:55:30.507Z,116699,116300,396,74,41,124980000
sqlstorm-tpcds-astra-standard,435,0,gpt-6-astra,ultra,settled,2026-09-20T23:55:31.889Z,2026-09-20T23:55:37.388Z,116799,116696,100,143,87,125126000
sqlstorm-tpcds-astra-standard,436,0,gpt-6-astra,ultra,settled,2026-09-20T23:55:38.928Z,2026-09-20T23:55:48.305Z,117061,116796,262,258,209,133001000
sqlstorm-tpcds-astra-standard,437,2,gpt-6-astra,ultra,settled,2026-09-20T23:55:44.059Z,2026-09-20T23:55:47.346Z,113508,111745,1760,80,38,137775000
sqlstorm-tpcds-astra-standard,438,1,gpt-6-astra,ultra,settled,2026-09-20T23:55:48.021Z,2026-09-20T23:56:01.147Z,125532,124427,1102,630,81,169732000
sqlstorm-tpcds-astra-standard,439,0,gpt-6-astra,ultra,settled,2026-09-20T23:55:50.122Z,2026-09-20T23:55:55.739Z,117427,117058,366,120,92,127663000
sqlstorm-tpcds-astra-standard,440,2,gpt-6-astra,ultra,settled,2026-09-20T23:55:53.241Z,2026-09-20T23:56:02.272Z,113688,113505,180,61,19,118835000
sqlstorm-tpcds-astra-standard,441,0,gpt-6-astra,ultra,settled,2026-09-20T23:55:58.717Z,2026-09-20T23:56:11.884Z,117576,117424,149,418,341,140216500
sqlstorm-tpcds-astra-standard,442,1,gpt-6-astra,ultra,settled,2026-09-20T23:56:02.411Z,2026-09-20T23:56:16.908Z,126336,125529,804,513,221,161259000
sqlstorm-tpcds-astra-standard,443,2,gpt-6-astra,ultra,settled,2026-09-20T23:56:03.309Z,2026-09-20T23:56:10.807Z,113852,113685,164,153,0,123415000
sqlstorm-tpcds-astra-standard,444,2,gpt-6-astra,ultra,settled,2026-09-20T23:56:11.556Z,2026-09-20T23:56:24.010Z,114017,113849,0,450,24,138029000
sqlstorm-tpcds-astra-standard,445,0,gpt-6-astra,ultra,settled,2026-09-20T23:56:12.911Z,2026-09-20T23:56:23.576Z,118086,117573,0,522,210,148803000
sqlstorm-tpcds-astra-standard,446,1,gpt-6-astra,ultra,settled,2026-09-20T23:56:18.465Z,2026-09-20T23:56:24.569Z,126907,126333,571,191,0,143050500
sqlstorm-tpcds-astra-standard,447,1,gpt-6-astra,ultra,settled,2026-09-20T23:56:25.559Z,2026-09-20T23:56:31.443Z,127110,126904,0,119,0,134914000
sqlstorm-tpcds-astra-standard,448,0,gpt-6-astra,ultra,settled,2026-09-20T23:56:25.924Z,2026-09-20T23:56:37.772Z,118840,117573,1063,418,352,153800500
sqlstorm-tpcds-astra-standard,449,2,gpt-6-astra,ultra,settled,2026-09-20T23:56:25.998Z,2026-09-20T23:56:59.466Z,114496,113849,644,191,126,131479000
sqlstorm-tpcds-astra-standard,450,0,gpt-6-astra,ultra,settled,2026-09-20T23:56:38.730Z,2026-09-20T23:56:44.100Z,119346,118636,0,65,0,128986000
sqlstorm-tpcds-astra-standard,451,0,gpt-6-astra,ultra,settled,2026-09-20T23:56:45.498Z,2026-09-20T23:56:59.511Z,119496,118636,857,204,116,139578500
sqlstorm-tpcds-astra-standard,452,0,gpt-6-astra,ultra,settled,2026-09-20T23:57:00.632Z,2026-09-20T23:57:07.721Z,119713,119493,0,92,0,126293000
sqlstorm-tpcds-astra-standard,453,0,gpt-6-astra,ultra,settled,2026-09-20T23:57:11.716Z,2026-09-20T23:57:29.540Z,119982,119493,486,636,516,157398000
sqlstorm-tpcds-astra-standard,454,0,gpt-6-astra,ultra,settled,2026-09-20T23:57:30.670Z,2026-09-20T23:58:05.590Z,120946,119979,964,1216,1034,192859000
sqlstorm-tpcds-astra-standard,455,1,gpt-6-astra,ultra,settled,2026-09-20T23:58:07.210Z,2026-09-20T23:58:14.662Z,127424,126904,0,207,21,142454000
sqlstorm-tpcds-astra-standard,456,0,gpt-6-astra,ultra,settled,2026-09-20T23:58:07.353Z,2026-09-20T23:58:19.745Z,122179,120943,0,369,211,151753000
sqlstorm-tpcds-astra-standard,457,1,gpt-6-astra,ultra,settled,2026-09-20T23:58:15.623Z,2026-09-20T23:58:19.691Z,127887,126904,980,147,0,146534000
sqlstorm-tpcds-astra-standard,458,3,gpt-6-astra,ultra,settled,2026-09-20T23:58:20.650Z,2026-09-20T23:58:31.162Z,89154,88445,0,193,27,105185000
sqlstorm-tpcds-astra-standard,459,1,gpt-6-astra,ultra,settled,2026-09-20T23:58:20.812Z,2026-09-20T23:59:06.681Z,131393,127884,3506,1913,1034,267389000
sqlstorm-tpcds-astra-standard,460,0,gpt-6-astra,ultra,settled,2026-09-20T23:58:25.538Z,2026-09-20T23:58:39.115Z,122561,120943,0,461,307,160173000
sqlstorm-tpcds-astra-standard,461,3,gpt-6-astra,ultra,settled,2026-09-20T23:58:32.139Z,2026-09-20T23:58:34.621Z,89757,88445,1309,52,0,107437500
sqlstorm-tpcds-astra-standard,462,3,gpt-6-astra,ultra,settled,2026-09-20T23:58:35.495Z,2026-09-20T23:59:10.427Z,94265,89754,4508,1899,516,241084000
sqlstorm-tpcds-astra-standard,463,0,gpt-6-astra,ultra,settled,2026-09-20T23:58:40.308Z,2026-09-20T23:58:55.093Z,123036,120943,0,480,297,165873000
sqlstorm-tpcds-astra-standard,464,2,gpt-6-astra,ultra,settled,2026-09-20T23:58:40.652Z,2026-09-20T23:58:49.569Z,114855,114493,0,158,21,126013000
sqlstorm-tpcds-astra-standard,465,2,gpt-6-astra,ultra,settled,2026-09-20T23:58:50.543Z,2026-09-20T23:59:24.180Z,115107,114493,611,1552,516,199760500
sqlstorm-tpcds-astra-standard,466,0,gpt-6-astra,ultra,settled,2026-09-20T23:59:06.303Z,2026-09-20T23:59:21.439Z,123546,120943,2600,408,383,173873000
sqlstorm-tpcds-astra-standard,467,1,gpt-6-astra,ultra,settled,2026-09-20T23:59:08.703Z,2026-09-20T23:59:26.441Z,133365,131390,1972,464,297,179270000
sqlstorm-tpcds-astra-standard,468,3,gpt-6-astra,ultra,settled,2026-09-20T23:59:12.466Z,2026-09-20T23:59:21.050Z,96256,94262,1991,243,147,131329500
sqlstorm-tpcds-astra-standard,469,0,gpt-6-astra,ultra,settled,2026-09-20T23:59:22.374Z,2026-09-20T23:59:37.552Z,123979,123543,433,455,434,151735500
sqlstorm-tpcds-astra-standard,470,3,gpt-6-astra,ultra,settled,2026-09-20T23:59:24.154Z,2026-09-20T23:59:45.590Z,96783,96253,527,708,516,138270500
sqlstorm-tpcds-astra-standard,471,1,gpt-6-astra,ultra,settled,2026-09-20T23:59:27.517Z,2026-09-20T23:59:44.215Z,134310,133362,945,578,386,174104500
sqlstorm-tpcds-astra-standard,472,2,gpt-6-astra,ultra,settled,2026-09-20T23:59:35.287Z,2026-09-20T23:59:47.779Z,117010,115104,1903,413,338,159571500
sqlstorm-tpcds-astra-standard,473,0,gpt-6-astra,ultra,settled,2026-09-20T23:59:45.210Z,2026-09-21T00:00:19.099Z,124664,123976,485,1147,1034,189418500
sqlstorm-tpcds-astra-standard,474,1,gpt-6-astra,ultra,settled,2026-09-20T23:59:45.367Z,2026-09-21T00:00:30.655Z,134900,134307,0,1441,899,212287000
sqlstorm-tpcds-astra-standard,475,3,gpt-6-astra,ultra,settled,2026-09-20T23:59:46.359Z,2026-09-21T00:00:32.390Z,97504,96780,0,2091,516,208570000
sqlstorm-tpcds-astra-standard,476,2,gpt-6-astra,ultra,settled,2026-09-20T23:59:48.761Z,2026-09-21T00:00:10.316Z,117968,117007,958,714,389,164712000
sqlstorm-tpcds-astra-standard,477,0,gpt-6-astra,ultra,settled,2026-09-21T00:00:20.090Z,2026-09-21T00:00:41.682Z,125384,124461,0,655,516,166441000
sqlstorm-tpcds-astra-standard,478,2,gpt-6-astra,ultra,settled,2026-09-21T00:00:21.829Z,2026-09-21T00:00:46.075Z,119016,117965,1048,558,516,158995000
sqlstorm-tpcds-astra-standard,479,1,gpt-6-astra,ultra,settled,2026-09-21T00:00:32.703Z,2026-09-21T00:00:52.210Z,136443,134307,2133,279,240,174949500
sqlstorm-tpcds-astra-standard,480,3,gpt-6-astra,ultra,settled,2026-09-21T00:00:33.404Z,2026-09-21T00:00:55.723Z,99656,96780,2873,626,248,164022500
sqlstorm-tpcds-astra-standard,481,0,gpt-6-astra,ultra,settled,2026-09-21T00:00:42.777Z,2026-09-21T00:00:57.748Z,126058,124461,0,510,446,165931000
sqlstorm-tpcds-astra-standard,482,2,gpt-6-astra,ultra,settled,2026-09-21T00:00:47.264Z,2026-09-21T00:01:07.396Z,119908,119013,892,221,22,141243000
sqlstorm-tpcds-astra-standard,483,1,gpt-6-astra,ultra,settled,2026-09-21T00:00:53.088Z,2026-09-21T00:01:22.361Z,136835,136440,0,768,729,178790000
sqlstorm-tpcds-astra-standard,484,3,gpt-6-astra,ultra,settled,2026-09-21T00:00:56.717Z,2026-09-21T00:01:03.215Z,100340,99653,684,119,0,114183000
sqlstorm-tpcds-astra-standard,485,0,gpt-6-astra,ultra,settled,2026-09-21T00:00:59.646Z,2026-09-21T00:01:19.549Z,126767,124461,2303,624,516,184478500
sqlstorm-tpcds-astra-standard,486,3,gpt-6-astra,ultra,settled,2026-09-21T00:01:04.286Z,2026-09-21T00:01:08.802Z,100471,100337,0,159,0,109627000
sqlstorm-tpcds-astra-standard,487,2,gpt-6-astra,ultra,settled,2026-09-21T00:01:08.367Z,2026-09-21T00:01:26.353Z,120141,119905,0,679,515,156215000
sqlstorm-tpcds-astra-standard,488,0,gpt-6-astra,ultra,settled,2026-09-21T00:01:20.858Z,2026-09-21T00:01:29.249Z,127816,126764,0,180,53,146284000
sqlstorm-tpcds-astra-standard,489,1,gpt-6-astra,ultra,settled,2026-09-21T00:01:23.366Z,2026-09-21T00:02:20.740Z,138319,136440,1876,2383,1302,279070000
sqlstorm-tpcds-astra-standard,490,2,gpt-6-astra,ultra,settled,2026-09-21T00:01:30.162Z,2026-09-21T00:01:58.955Z,120931,119905,1023,1428,119,204122500
sqlstorm-tpcds-astra-standard,491,0,gpt-6-astra,ultra,settled,2026-09-21T00:01:30.290Z,2026-09-21T00:02:30.209Z,128011,126764,0,2424,1034,260434000
sqlstorm-tpcds-astra-standard,492,2,gpt-6-astra,ultra,settled,2026-09-21T00:01:59.871Z,2026-09-21T00:02:06.107Z,122438,120928,1507,225,96,151045500
sqlstorm-tpcds-astra-standard,493,2,gpt-6-astra,ultra,settled,2026-09-21T00:02:07.134Z,2026-09-21T00:02:12.338Z,122721,122435,283,113,0,131652500
sqlstorm-tpcds-astra-standard,494,2,gpt-6-astra,ultra,settled,2026-09-21T00:02:13.157Z,2026-09-21T00:02:16.928Z,122846,122718,0,76,0,127798000
sqlstorm-tpcds-astra-standard,495,1,gpt-6-astra,ultra,settled,2026-09-21T00:02:21.760Z,2026-09-21T00:02:47.730Z,138975,138316,0,846,375,187206000
sqlstorm-tpcds-astra-standard,496,0,gpt-6-astra,ultra,settled,2026-09-21T00:02:31.169Z,2026-09-21T00:02:54.895Z,128768,126764,0,579,425,175754000
sqlstorm-tpcds-astra-standard,497,1,gpt-6-astra,ultra,settled,2026-09-21T00:02:50.448Z,2026-09-21T00:03:33.091Z,139877,138316,1558,1993,826,257471000
sqlstorm-tpcds-astra-standard,498,2,gpt-6-astra,ultra,settled,2026-09-21T00:02:55.914Z,2026-09-21T00:03:03.638Z,123089,122718,0,211,53,136978000
sqlstorm-tpcds-astra-standard,499,0,gpt-6-astra,ultra,settled,2026-09-21T00:02:56.556Z,2026-09-21T00:03:07.746Z,129363,126764,0,202,107,162854000
sqlstorm-tpcds-astra-standard,500,2,gpt-6-astra,ultra,settled,2026-09-21T00:03:04.684Z,2026-09-21T00:03:27.815Z,124008,122718,1287,853,512,181485500
sqlstorm-tpcds-astra-standard,501,0,gpt-6-astra,ultra,settled,2026-09-21T00:03:08.833Z,2026-09-21T00:04:29.326Z,129849,126764,3082,1687,1034,249669000
sqlstorm-tpcds-astra-standard,502,2,gpt-6-astra,ultra,settled,2026-09-21T00:03:33.866Z,2026-09-21T00:03:44.081Z,125050,124005,1042,209,149,147510000
sqlstorm-tpcds-astra-standard,503,1,gpt-6-astra,ultra,settled,2026-09-21T00:03:34.288Z,2026-09-21T00:04:26.714Z,142164,139874,2287,1643,1473,250641500
sqlstorm-tpcds-astra-standard,504,2,gpt-6-astra,ultra,settled,2026-09-21T00:03:44.996Z,2026-09-21T00:04:08.539Z,126244,125047,1194,688,500,174402000
sqlstorm-tpcds-astra-standard,505,2,gpt-6-astra,ultra,settled,2026-09-21T00:04:09.359Z,2026-09-21T00:04:16.246Z,126945,126241,0,380,0,152281000
sqlstorm-tpcds-astra-standard,506,2,gpt-6-astra,ultra,settled,2026-09-21T00:04:22.496Z,2026-09-21T00:04:48.268Z,128180,126241,1936,963,452,198621000
sqlstorm-tpcds-astra-standard,507,1,gpt-6-astra,ultra,settled,2026-09-21T00:04:27.597Z,2026-09-21T00:04:45.296Z,143826,142161,0,689,275,193261000
sqlstorm-tpcds-astra-standard,508,0,gpt-6-astra,ultra,settled,2026-09-21T00:04:31.078Z,2026-09-21T00:05:05.726Z,130745,129846,0,1152,1034,196436000
sqlstorm-tpcds-astra-standard,509,1,gpt-6-astra,ultra,settled,2026-09-21T00:04:47.609Z,2026-09-21T00:05:23.919Z,144573,142161,2409,1047,978,224653500
sqlstorm-tpcds-astra-standard,510,2,gpt-6-astra,ultra,settled,2026-09-21T00:04:51.600Z,2026-09-21T00:05:14.411Z,129260,128177,1080,699,516,176657000
sqlstorm-tpcds-astra-standard,511,0,gpt-6-astra,ultra,settled,2026-09-21T00:05:06.811Z,2026-09-21T00:05:39.933Z,132494,129846,2645,1396,691,232738500
sqlstorm-tpcds-astra-standard,512,2,gpt-6-astra,ultra,settled,2026-09-21T00:05:16.132Z,2026-09-21T00:05:43.099Z,129972,129257,0,1078,388,190307000
sqlstorm-tpcds-astra-standard,513,1,gpt-6-astra,ultra,settled,2026-09-21T00:05:25.280Z,2026-09-21T00:06:04.521Z,146564,144570,1991,1214,1034,230187500
sqlstorm-tpcds-astra-standard,514,0,gpt-6-astra,ultra,settled,2026-09-21T00:05:41.742Z,2026-09-21T00:06:09.689Z,133211,132491,0,956,595,187491000
sqlstorm-tpcds-astra-standard,515,2,gpt-6-astra,ultra,settled,2026-09-21T00:05:44.081Z,2026-09-21T00:05:52.656Z,131111,129257,1851,149,52,159874500
sqlstorm-tpcds-astra-standard,516,1,gpt-6-astra,ultra,settled,2026-09-21T00:06:05.555Z,2026-09-21T00:06:26.170Z,147803,146561,0,363,0,177131000
sqlstorm-tpcds-astra-standard,517,0,gpt-6-astra,ultra,settled,2026-09-21T00:06:11.009Z,2026-09-21T00:06:37.539Z,134048,132491,0,866,516,191361000
sqlstorm-tpcds-astra-standard,518,1,gpt-6-astra,ultra,settled,2026-09-21T00:06:28.265Z,2026-09-21T00:07:09.099Z,148225,146561,1661,1231,1025,228903500
sqlstorm-tpcds-astra-standard,519,0,gpt-6-astra,ultra,settled,2026-09-21T00:06:39.307Z,2026-09-21T00:07:32.959Z,135547,132491,3053,1707,1552,256033500
sqlstorm-tpcds-astra-standard,520,1,gpt-6-astra,ultra,settled,2026-09-21T00:07:10.431Z,2026-09-21T00:07:45.925Z,149687,148222,1462,1255,1034,229277000
sqlstorm-tpcds-astra-standard,521,0,gpt-6-astra,ultra,settled,2026-09-21T00:07:38.051Z,2026-09-21T00:08:20.222Z,137441,135544,1894,1790,516,248749000
sqlstorm-tpcds-astra-standard,522,1,gpt-6-astra,ultra,settled,2026-09-21T00:07:47.688Z,2026-09-21T00:08:46.448Z,150957,149684,0,2444,863,284614000
sqlstorm-tpcds-astra-standard,523,0,gpt-6-astra,ultra,settled,2026-09-21T00:08:21.210Z,2026-09-21T00:08:39.390Z,138195,137438,0,481,352,169058000
sqlstorm-tpcds-astra-standard,524,0,gpt-6-astra,ultra,settled,2026-09-21T00:08:40.700Z,2026-09-21T00:09:22.821Z,138690,137438,0,1934,508,246658000
sqlstorm-tpcds-astra-standard,525,1,gpt-6-astra,ultra,settled,2026-09-21T00:08:47.420Z,2026-09-21T00:09:37.928Z,151617,149684,0,2142,516,276114000
sqlstorm-tpcds-astra-standard,526,0,gpt-6-astra,ultra,settled,2026-09-21T00:09:24.144Z,2026-09-21T00:10:32.525Z,140772,137438,3331,2325,2186,295355500
sqlstorm-tpcds-astra-standard,527,1,gpt-6-astra,ultra,settled,2026-09-21T00:09:40.172Z,2026-09-21T00:10:16.045Z,153819,149684,4132,1034,842,253064000
sqlstorm-tpcds-astra-standard,528,1,gpt-6-astra,ultra,settled,2026-09-21T00:10:17.807Z,2026-09-21T00:10:56.586Z,155397,153816,1578,989,828,223021000
sqlstorm-tpcds-astra-standard,529,0,gpt-6-astra,ultra,settled,2026-09-21T00:10:34.984Z,2026-09-21T00:11:04.977Z,143377,140769,2605,1060,973,226361500
sqlstorm-tpcds-astra-standard,530,1,gpt-6-astra,ultra,settled,2026-09-21T00:10:57.945Z,2026-09-21T00:11:28.683Z,156402,155394,0,521,0,191524000
sqlstorm-tpcds-astra-standard,531,0,gpt-6-astra,ultra,settled,2026-09-21T00:11:06.886Z,2026-09-21T00:12:03.501Z,144067,143374,0,2107,2044,255654000
sqlstorm-tpcds-astra-standard,532,1,gpt-6-astra,ultra,settled,2026-09-21T00:11:31.022Z,2026-09-21T00:11:50.189Z,156981,155394,1584,586,516,204524000
sqlstorm-tpcds-astra-standard,533,1,gpt-6-astra,ultra,settled,2026-09-21T00:11:51.478Z,2026-09-21T00:13:25.080Z,157716,156978,735,2953,1000,313845500
sqlstorm-tpcds-astra-standard,534,0,gpt-6-astra,ultra,settled,2026-09-21T00:12:05.644Z,2026-09-21T00:12:12.368Z,146383,143374,3006,181,85,190029000
sqlstorm-tpcds-astra-standard,535,0,gpt-6-astra,ultra,settled,2026-09-21T00:13:06.629Z,2026-09-21T00:13:10.196Z,146587,146380,204,65,0,152210000
sqlstorm-tpcds-astra-standard,536,0,gpt-6-astra,ultra,settled,2026-09-21T00:13:11.437Z,2026-09-21T00:14:30.907Z,146857,146584,270,3743,1457,337139000
sqlstorm-tpcds-astra-standard,537,1,gpt-6-astra,ultra,settled,2026-09-21T00:13:26.645Z,2026-09-21T00:13:43.876Z,160738,157713,3022,583,336,224668000
sqlstorm-tpcds-astra-standard,538,1,gpt-6-astra,ultra,settled,2026-09-21T00:13:45.672Z,2026-09-21T00:13:50.995Z,161333,160735,0,211,0,177265000
sqlstorm-tpcds-astra-standard,539,0,gpt-6-astra,ultra,settled,2026-09-21T00:14:32.229Z,2026-09-21T00:15:39.270Z,147878,146854,0,3042,921,309194000
sqlstorm-tpcds-astra-standard,540,0,gpt-6-astra,ultra,settled,2026-09-21T00:15:41.162Z,2026-09-21T00:16:12.305Z,151062,146854,4205,927,906,245796500
sqlstorm-tpcds-astra-standard,541,0,gpt-6-astra,ultra,settled,2026-09-21T00:17:03.502Z,2026-09-21T00:17:06.472Z,152026,151059,964,73,0,166789000
sqlstorm-tpcds-astra-standard,542,0,gpt-6-astra,ultra,settled,2026-09-21T00:17:07.616Z,2026-09-21T00:17:18.287Z,152322,152023,296,288,184,170153000
sqlstorm-tpcds-astra-standard,543,0,gpt-6-astra,ultra,settled,2026-09-21T00:17:20.180Z,2026-09-21T00:18:28.921Z,152712,152319,390,2246,2061,269524000
sqlstorm-tpcds-astra-standard,544,2,gpt-6-astra,ultra,settled,2026-09-21T00:18:29.873Z,2026-09-21T00:18:43.912Z,131458,131108,0,430,237,156108000
sqlstorm-tpcds-astra-standard,545,0,gpt-6-astra,ultra,settled,2026-09-21T00:18:30.841Z,2026-09-21T00:18:52.212Z,154983,152709,0,588,516,204849000
sqlstorm-tpcds-astra-standard,546,2,gpt-6-astra,ultra,settled,2026-09-21T00:18:44.846Z,2026-09-21T00:19:41.630Z,134549,131108,3438,1620,715,255113000
sqlstorm-tpcds-astra-standard,547,0,gpt-6-astra,ultra,settled,2026-09-21T00:18:53.436Z,2026-09-21T00:19:34.599Z,155797,152709,3085,1123,1034,247451500
sqlstorm-tpcds-astra-standard,548,0,gpt-6-astra,ultra,settled,2026-09-21T00:19:37.072Z,2026-09-21T00:19:42.024Z,157031,155794,1234,19,0,172199000
sqlstorm-tpcds-astra-standard,549,2,gpt-6-astra,ultra,settled,2026-09-21T00:19:45.262Z,2026-09-21T00:19:55.874Z,136249,134546,1700,180,43,164826000
sqlstorm-tpcds-astra-standard,550,2,gpt-6-astra,ultra,settled,2026-09-21T00:19:59.015Z,2026-09-21T00:20:23.484Z,136547,136246,298,645,491,172251000
sqlstorm-tpcds-astra-standard,551,0,gpt-6-astra,ultra,settled,2026-09-21T00:20:24.722Z,2026-09-21T00:20:43.862Z,157242,157028,45,591,516,188830500
sqlstorm-tpcds-astra-standard,552,2,gpt-6-astra,ultra,settled,2026-09-21T00:20:25.155Z,2026-09-21T00:20:41.118Z,137211,136544,0,974,0,191914000
sqlstorm-tpcds-astra-standard,553,0,gpt-6-astra,ultra,settled,2026-09-21T00:20:45.250Z,2026-09-21T00:21:52.688Z,158056,157073,980,2071,1947,272903000
sqlstorm-tpcds-astra-standard,554,2,gpt-6-astra,ultra,settled,2026-09-21T00:20:46.600Z,2026-09-21T00:21:35.195Z,138547,136544,2000,1641,1034,243624000
sqlstorm-tpcds-astra-standard,555,2,gpt-6-astra,ultra,settled,2026-09-21T00:21:42.220Z,2026-09-21T00:22:04.734Z,140719,138544,2172,702,516,200824000
sqlstorm-tpcds-astra-standard,556,0,gpt-6-astra,ultra,settled,2026-09-21T00:21:53.915Z,2026-09-21T00:22:17.834Z,160343,158053,2287,623,602,217820500
sqlstorm-tpcds-astra-standard,557,2,gpt-6-astra,ultra,settled,2026-09-21T00:22:07.933Z,2026-09-21T00:22:32.306Z,141436,140716,0,836,516,189716000
sqlstorm-tpcds-astra-standard,558,0,gpt-6-astra,ultra,settled,2026-09-21T00:22:19.019Z,2026-09-21T00:22:53.039Z,161064,160340,0,1157,1034,225430000
sqlstorm-tpcds-astra-standard,559,2,gpt-6-astra,ultra,settled,2026-09-21T00:22:43.329Z,2026-09-21T00:22:49.225Z,142331,140716,1612,109,67,166346000
sqlstorm-tpcds-astra-standard,560,2,gpt-6-astra,ultra,settled,2026-09-21T00:22:50.304Z,2026-09-21T00:23:38.228Z,142545,142328,214,2219,442,255983000
sqlstorm-tpcds-astra-standard,561,0,gpt-6-astra,ultra,settled,2026-09-21T00:22:54.150Z,2026-09-21T00:23:29.536Z,162234,160340,0,1113,1034,234930000
sqlstorm-tpcds-astra-standard,562,0,gpt-6-astra,ultra,settled,2026-09-21T00:23:31.238Z,2026-09-21T00:23:39.710Z,163590,160340,3247,193,98,210607500
sqlstorm-tpcds-astra-standard,563,2,gpt-6-astra,ultra,settled,2026-09-21T00:23:39.384Z,2026-09-21T00:23:47.441Z,143127,142542,0,158,113,156292000
sqlstorm-tpcds-astra-standard,564,2,gpt-6-astra,ultra,settled,2026-09-21T00:23:48.345Z,2026-09-21T00:24:19.044Z,145024,142542,2479,1557,326,251409500
sqlstorm-tpcds-astra-standard,565,0,gpt-6-astra,ultra,settled,2026-09-21T00:23:49.164Z,2026-09-21T00:23:59.660Z,163896,163587,306,265,198,180692000
sqlstorm-tpcds-astra-standard,566,0,gpt-6-astra,ultra,settled,2026-09-21T00:24:09.051Z,2026-09-21T00:24:36.945Z,164284,163893,388,802,645,208873000
sqlstorm-tpcds-astra-standard,567,2,gpt-6-astra,ultra,settled,2026-09-21T00:24:20.400Z,2026-09-21T00:24:30.745Z,146712,145021,1688,326,44,182451000
sqlstorm-tpcds-astra-standard,568,2,gpt-6-astra,ultra,settled,2026-09-21T00:24:37.446Z,2026-09-21T00:25:23.022Z,147414,146709,702,1595,1034,235264000
sqlstorm-tpcds-astra-standard,569,0,gpt-6-astra,ultra,settled,2026-09-21T00:24:39.333Z,2026-09-21T00:24:59.589Z,165205,164281,921,308,287,191223500
sqlstorm-tpcds-astra-standard,570,0,gpt-6-astra,ultra,settled,2026-09-21T00:25:15.849Z,2026-09-21T00:25:25.217Z,165536,165202,331,66,0,172669500
sqlstorm-tpcds-astra-standard,571,0,gpt-6-astra,ultra,settled,2026-09-21T00:25:26.358Z,2026-09-21T00:25:32.751Z,165807,165533,271,189,93,178400500
sqlstorm-tpcds-astra-standard,572,2,gpt-6-astra,ultra,settled,2026-09-21T00:25:28.940Z,2026-09-21T00:25:44.870Z,149542,147411,2128,469,310,197491000
sqlstorm-tpcds-astra-standard,573,0,gpt-6-astra,ultra,settled,2026-09-21T00:25:46.138Z,2026-09-21T00:26:06.446Z,166149,165804,342,588,516,199509000
sqlstorm-tpcds-astra-standard,574,2,gpt-6-astra,ultra,settled,2026-09-21T00:25:46.532Z,2026-09-21T00:26:00.862Z,150024,149539,0,790,0,193889000
sqlstorm-tpcds-astra-standard,575,2,gpt-6-astra,ultra,settled,2026-09-21T00:26:07.561Z,2026-09-21T00:26:30.302Z,151174,149539,1632,625,382,201219000
sqlstorm-tpcds-astra-standard,576,0,gpt-6-astra,ultra,settled,2026-09-21T00:26:07.748Z,2026-09-21T00:26:44.666Z,166841,166146,0,1109,1034,228546000
sqlstorm-tpcds-astra-standard,577,2,gpt-6-astra,ultra,settled,2026-09-21T00:26:41.560Z,2026-09-21T00:27:19.085Z,151861,151171,687,1791,439,249338500
sqlstorm-tpcds-astra-standard,578,0,gpt-6-astra,ultra,settled,2026-09-21T00:26:46.658Z,2026-09-21T00:27:25.155Z,168188,166146,2039,985,739,240913500
sqlstorm-tpcds-astra-standard,579,2,gpt-6-astra,ultra,settled,2026-09-21T00:27:20.224Z,2026-09-21T00:27:23.708Z,153710,151858,1849,40,0,177000500
sqlstorm-tpcds-astra-standard,580,2,gpt-6-astra,ultra,settled,2026-09-21T00:27:24.610Z,2026-09-21T00:27:51.123Z,153892,153707,182,1134,322,212712000
sqlstorm-tpcds-astra-standard,581,3,gpt-6-astra,ultra,settled,2026-09-21T00:27:26.265Z,2026-09-21T00:27:32.467Z,100835,100337,0,217,23,116167000
sqlstorm-tpcds-astra-standard,582,0,gpt-6-astra,ultra,settled,2026-09-21T00:27:26.709Z,2026-09-21T00:27:31.399Z,169188,168185,0,94,0,182915000
sqlstorm-tpcds-astra-standard,583,3,gpt-6-astra,ultra,settled,2026-09-21T00:27:33.910Z,2026-09-21T00:28:31.755Z,103837,100337,3497,2904,984,289279500
sqlstorm-tpcds-astra-standard,584,0,gpt-6-astra,ultra,settled,2026-09-21T00:27:45.926Z,2026-09-21T00:29:13.655Z,169435,168185,1247,2590,2405,313302500
sqlstorm-tpcds-astra-standard,585,2,gpt-6-astra,ultra,settled,2026-09-21T00:27:52.095Z,2026-09-21T00:27:57.709Z,155104,153889,1212,214,0,179769000
sqlstorm-tpcds-astra-standard,586,2,gpt-6-astra,ultra,settled,2026-09-21T00:27:58.677Z,2026-09-21T00:28:15.573Z,155330,155101,0,491,372,181941000
sqlstorm-tpcds-astra-standard,587,3,gpt-6-astra,ultra,settled,2026-09-21T00:28:34.035Z,2026-09-21T00:28:41.146Z,107438,103834,3601,226,45,160176500
sqlstorm-tpcds-astra-standard,588,3,gpt-6-astra,ultra,settled,2026-09-21T00:28:43.507Z,2026-09-21T00:29:38.302Z,107921,107435,483,2361,928,231552500
sqlstorm-tpcds-astra-standard,589,0,gpt-6-astra,ultra,settled,2026-09-21T00:29:15.063Z,2026-09-21T00:29:21.386Z,170336,169432,0,115,94,184222000
sqlstorm-tpcds-astra-standard,590,0,gpt-6-astra,ultra,settled,2026-09-21T00:29:38.664Z,2026-09-21T00:31:02.615Z,184730,0,184727,4850,516,2551617500
sqlstorm-tpcds-astra-standard,591,3,gpt-6-astra,ultra,settled,2026-09-21T00:29:40.494Z,2026-09-21T00:29:50.685Z,110456,107918,2535,273,124,153285500
sqlstorm-tpcds-astra-standard,592,3,gpt-6-astra,ultra,settled,2026-09-21T00:29:51.647Z,2026-09-21T00:30:14.035Z,110742,110453,0,787,516,152693000
sqlstorm-tpcds-astra-standard,593,3,gpt-6-astra,ultra,settled,2026-09-21T00:30:16.251Z,2026-09-21T00:30:35.137Z,111955,110453,1499,580,430,158220500
sqlstorm-tpcds-astra-standard,594,3,gpt-6-astra,ultra,settled,2026-09-21T00:30:37.207Z,2026-09-21T00:31:22.981Z,112759,111952,804,2086,516,226332000
sqlstorm-tpcds-astra-standard,595,0,gpt-6-astra,ultra,settled,2026-09-21T00:31:03.351Z,2026-09-21T00:31:06.271Z,15707,10789,4915,113,0,77906500
sqlstorm-tpcds-astra-standard,596,0,gpt-6-astra,ultra,settled,2026-09-21T00:31:07.041Z,2026-09-21T00:31:09.878Z,15904,15704,0,76,0,21504000
sqlstorm-tpcds-astra-standard,597,0,gpt-6-astra,ultra,settled,2026-09-21T00:31:10.431Z,2026-09-21T00:31:13.072Z,16913,15704,1206,72,0,34409000
sqlstorm-tpcds-astra-standard,598,0,gpt-6-astra,ultra,settled,2026-09-21T00:31:13.597Z,2026-09-21T00:31:15.816Z,16997,16910,0,73,0,21430000
sqlstorm-tpcds-astra-standard,599,0,gpt-6-astra,ultra,settled,2026-09-21T00:31:16.402Z,2026-09-21T00:31:22.689Z,20795,16910,3882,245,145,77715000
sqlstorm-tpcds-astra-standard,600,0,gpt-6-astra,ultra,settled,2026-09-21T00:31:23.687Z,2026-09-21T00:31:33.273Z,25846,20792,5051,163,31,92109500
sqlstorm-tpcds-astra-standard,601,3,gpt-6-astra,ultra,settled,2026-09-21T00:31:24.015Z,2026-09-21T00:31:50.459Z,113363,112756,0,1322,209,184926000
sqlstorm-tpcds-astra-standard,602,0,gpt-6-astra,ultra,settled,2026-09-21T00:31:33.950Z,2026-09-21T00:31:41.631Z,26022,25843,0,281,128,41683000
sqlstorm-tpcds-astra-standard,603,1,gpt-6-astra,ultra,settled,2026-09-21T00:31:34.329Z,2026-09-21T00:31:39.773Z,161684,160735,0,143,45,177375000
sqlstorm-tpcds-astra-standard,604,1,gpt-6-astra,ultra,settled,2026-09-21T00:31:41.740Z,2026-09-21T00:31:53.261Z,163574,160735,2836,372,175,214815000
sqlstorm-tpcds-astra-standard,605,0,gpt-6-astra,ultra,settled,2026-09-21T00:31:42.279Z,2026-09-21T00:32:18.389Z,32658,25843,6812,1877,107,204873000
sqlstorm-tpcds-astra-standard,606,3,gpt-6-astra,ultra,settled,2026-09-21T00:31:51.698Z,2026-09-21T00:32:11.773Z,114955,112756,2196,567,439,168586000
sqlstorm-tpcds-astra-standard,607,1,gpt-6-astra,ultra,settled,2026-09-21T00:31:54.414Z,2026-09-21T00:33:28.888Z,164804,163571,1230,3340,3316,345976000
sqlstorm-tpcds-astra-standard,608,3,gpt-6-astra,ultra,settled,2026-09-21T00:32:14.436Z,2026-09-21T00:32:34.294Z,115585,114952,630,218,39,133757000
sqlstorm-tpcds-astra-standard,609,0,gpt-6-astra,ultra,settled,2026-09-21T00:32:19.648Z,2026-09-21T00:32:25.702Z,34697,32655,2039,271,95,71722500
sqlstorm-tpcds-astra-standard,610,0,gpt-6-astra,ultra,settled,2026-09-21T00:32:26.716Z,2026-09-21T00:32:33.815Z,35736,34694,1039,243,98,59861500
sqlstorm-tpcds-astra-standard,611,0,gpt-6-astra,ultra,settled,2026-09-21T00:32:34.450Z,2026-09-21T00:32:37.047Z,35992,35733,0,19,0,39273000
sqlstorm-tpcds-astra-standard,612,2,gpt-6-astra,ultra,settled,2026-09-21T00:32:34.751Z,2026-09-21T00:32:46.669Z,155980,155101,0,386,298,183191000
sqlstorm-tpcds-astra-standard,613,3,gpt-6-astra,ultra,settled,2026-09-21T00:32:35.320Z,2026-09-21T00:32:58.501Z,115815,115582,0,729,688,154362000
sqlstorm-tpcds-astra-standard,614,0,gpt-6-astra,ultra,settled,2026-09-21T00:32:37.581Z,2026-09-21T00:32:50.471Z,36224,35733,301,738,217,78295500
sqlstorm-tpcds-astra-standard,615,2,gpt-6-astra,ultra,settled,2026-09-21T00:32:47.948Z,2026-09-21T00:32:51.783Z,158123,155101,3019,70,0,196368500
sqlstorm-tpcds-astra-standard,616,0,gpt-6-astra,ultra,settled,2026-09-21T00:32:51.186Z,2026-09-21T00:32:53.246Z,37098,36034,1061,19,0,50276500
sqlstorm-tpcds-astra-standard,617,2,gpt-6-astra,ultra,settled,2026-09-21T00:32:52.774Z,2026-09-21T00:33:12.694Z,161761,158120,3638,630,516,235125000
sqlstorm-tpcds-astra-standard,618,3,gpt-6-astra,ultra,settled,2026-09-21T00:32:59.641Z,2026-09-21T00:33:36.405Z,116830,115582,1245,1484,516,205374500
sqlstorm-tpcds-astra-standard,619,2,gpt-6-astra,ultra,settled,2026-09-21T00:33:13.690Z,2026-09-21T00:34:31.783Z,168224,161758,6463,2673,2588,376225500
sqlstorm-tpcds-astra-standard,620,1,gpt-6-astra,ultra,settled,2026-09-21T00:33:30.197Z,2026-09-21T00:34:49.556Z,170528,164801,5724,2761,2662,374431000
sqlstorm-tpcds-astra-standard,621,3,gpt-6-astra,ultra,settled,2026-09-21T00:33:37.312Z,2026-09-21T00:33:42.947Z,118341,116827,1511,167,0,144094500
sqlstorm-tpcds-astra-standard,622,0,gpt-6-astra,ultra,settled,2026-09-21T00:33:39.042Z,2026-09-21T00:33:46.554Z,37140,37095,42,70,0,41150000
sqlstorm-tpcds-astra-standard,623,3,gpt-6-astra,ultra,settled,2026-09-21T00:33:44.140Z,2026-09-21T00:33:52.185Z,118520,118338,0,229,101,131608000
sqlstorm-tpcds-astra-standard,624,0,gpt-6-astra,ultra,settled,2026-09-21T00:33:47.170Z,2026-09-21T00:34:03.490Z,37599,37137,282,657,516,75312000
sqlstorm-tpcds-astra-standard,625,0,gpt-6-astra,ultra,settled,2026-09-21T00:34:04.070Z,2026-09-21T00:34:12.130Z,38274,37419,0,243,32,58119000
sqlstorm-tpcds-glm-standard,1,0,GLM-5.3-Flash,max,completed,2026-09-20T15:46:44.828Z,2026-09-20T15:46:54.458Z,15064,0,0,133,,
sqlstorm-tpcds-glm-standard,2,0,GLM-5.3-Flash,max,completed,2026-09-20T15:46:54.560Z,2026-09-20T15:47:01.199Z,16025,15040,0,134,,
sqlstorm-tpcds-glm-standard,3,0,GLM-5.3-Flash,max,completed,2026-09-20T15:47:01.263Z,2026-09-20T15:47:07.406Z,16984,16000,0,85,,
sqlstorm-tpcds-glm-standard,4,0,GLM-5.3-Flash,max,completed,2026-09-20T15:47:07.454Z,2026-09-20T15:47:12.900Z,17813,16960,0,22,,
sqlstorm-tpcds-glm-standard,5,0,GLM-5.3-Flash,max,completed,2026-09-20T15:47:12.984Z,2026-09-20T15:47:19.081Z,20838,17792,0,75,,
sqlstorm-tpcds-glm-standard,6,0,GLM-5.3-Flash,max,completed,2026-09-20T15:47:19.145Z,2026-09-20T15:47:24.620Z,21204,20800,0,86,,
sqlstorm-tpcds-glm-standard,7,0,GLM-5.3-Flash,max,completed,2026-09-20T15:47:24.669Z,2026-09-20T15:47:30.723Z,21374,21184,0,99,,
sqlstorm-tpcds-glm-standard,8,0,GLM-5.3-Flash,max,completed,2026-09-20T15:47:30.788Z,2026-09-20T15:47:37.912Z,21556,21312,0,99,,
sqlstorm-tpcds-glm-standard,9,0,GLM-5.3-Flash,max,completed,2026-09-20T15:47:37.982Z,2026-09-20T15:47:46.691Z,21967,21504,0,219,,
sqlstorm-tpcds-glm-standard,10,0,GLM-5.3-Flash,max,completed,2026-09-20T15:47:46.782Z,2026-09-20T15:47:56.936Z,25482,21952,0,260,,
sqlstorm-tpcds-glm-standard,11,0,GLM-5.3-Flash,max,completed,2026-09-20T15:47:57.037Z,2026-09-20T15:49:05.738Z,26387,25472,0,2069,,
sqlstorm-tpcds-glm-standard,12,0,GLM-5.3-Flash,max,completed,2026-09-20T15:49:05.790Z,2026-09-20T15:49:18.056Z,28641,26368,0,253,,
sqlstorm-tpcds-glm-standard,13,0,GLM-5.3-Flash,max,completed,2026-09-20T15:49:18.383Z,2026-09-20T15:50:10.651Z,29274,28608,0,1295,,
sqlstorm-tpcds-glm-standard,14,0,GLM-5.3-Flash,max,completed,2026-09-20T15:50:11.637Z,2026-09-20T15:50:28.472Z,30665,29248,0,404,,
sqlstorm-tpcds-glm-standard,15,0,GLM-5.3-Flash,max,completed,2026-09-20T15:50:28.591Z,2026-09-20T15:50:34.814Z,31096,30656,0,68,,
sqlstorm-tpcds-glm-standard,16,0,GLM-5.3-Flash,max,completed,2026-09-20T15:50:35.278Z,2026-09-20T15:50:40.952Z,31224,31040,0,46,,
sqlstorm-tpcds-glm-standard,17,0,GLM-5.3-Flash,max,completed,2026-09-20T15:50:43.692Z,2026-09-20T15:50:49.558Z,31309,31168,0,60,,
sqlstorm-tpcds-glm-standard,18,0,GLM-5.3-Flash,max,completed,2026-09-20T15:50:51.834Z,2026-09-20T15:51:03.286Z,31443,31296,0,314,,
sqlstorm-tpcds-glm-standard,19,0,GLM-5.3-Flash,max,completed,2026-09-20T15:51:13.988Z,2026-09-20T15:51:27.886Z,31827,31424,0,454,,
sqlstorm-tpcds-glm-standard,20,0,GLM-5.3-Flash,max,completed,2026-09-20T15:51:38.675Z,2026-09-20T15:51:49.364Z,32344,31808,0,400,,
sqlstorm-tpcds-glm-standard,21,0,GLM-5.3-Flash,max,completed,2026-09-20T15:53:09.698Z,2026-09-20T15:53:49.179Z,32898,32320,0,973,,
sqlstorm-tpcds-glm-standard,22,0,GLM-5.3-Flash,max,completed,2026-09-20T15:53:51.512Z,2026-09-20T15:54:00.505Z,34096,32896,0,161,,
sqlstorm-tpcds-glm-standard,23,0,GLM-5.3-Flash,max,completed,2026-09-20T15:54:00.652Z,2026-09-20T15:54:09.246Z,34317,34048,0,212,,
sqlstorm-tpcds-glm-standard,24,0,GLM-5.3-Flash,max,completed,2026-09-20T15:54:09.392Z,2026-09-20T15:54:17.669Z,34577,34304,0,75,,
sqlstorm-tpcds-glm-standard,25,0,GLM-5.3-Flash,max,completed,2026-09-20T15:54:17.794Z,2026-09-20T15:54:26.235Z,34786,34560,0,236,,
sqlstorm-tpcds-glm-standard,26,0,GLM-5.3-Flash,max,completed,2026-09-20T15:54:27.405Z,2026-09-20T15:54:35.499Z,35077,34752,0,232,,
sqlstorm-tpcds-glm-standard,27,0,GLM-5.3-Flash,max,completed,2026-09-20T15:54:36.675Z,2026-09-20T15:54:48.320Z,35354,35072,0,221,,
sqlstorm-tpcds-glm-standard,28,0,GLM-5.3-Flash,max,completed,2026-09-20T15:54:49.508Z,2026-09-20T15:55:01.057Z,35675,35328,0,247,,
sqlstorm-tpcds-glm-standard,29,0,GLM-5.3-Flash,max,completed,2026-09-20T15:55:07.536Z,2026-09-20T15:55:44.102Z,36052,35648,0,1124,,
sqlstorm-tpcds-glm-standard,30,0,GLM-5.3-Flash,max,completed,2026-09-20T15:55:58.288Z,2026-09-20T15:57:25.479Z,37326,36032,0,2175,,
sqlstorm-tpcds-glm-standard,31,0,GLM-5.3-Flash,max,completed,2026-09-20T15:57:25.650Z,2026-09-20T15:57:33.482Z,39820,37312,0,43,,
sqlstorm-tpcds-glm-standard,32,0,GLM-5.3-Flash,max,completed,2026-09-20T15:57:33.541Z,2026-09-20T15:57:41.622Z,41384,39808,0,154,,
sqlstorm-tpcds-glm-standard,33,0,GLM-5.3-Flash,max,completed,2026-09-20T15:57:41.692Z,2026-09-20T15:57:48.651Z,41588,41344,0,116,,
sqlstorm-tpcds-glm-standard,34,0,GLM-5.3-Flash,max,completed,2026-09-20T15:57:48.724Z,2026-09-20T15:59:37.149Z,41711,41536,0,2963,,
sqlstorm-tpcds-glm-standard,35,0,GLM-5.3-Flash,max,completed,2026-09-20T15:59:37.409Z,2026-09-20T16:00:04.652Z,44764,41664,0,690,,
sqlstorm-tpcds-glm-standard,36,0,GLM-5.3-Flash,max,completed,2026-09-20T16:00:04.753Z,2026-09-20T16:01:06.855Z,45511,44736,0,1511,,
sqlstorm-tpcds-glm-standard,37,0,GLM-5.3-Flash,max,completed,2026-09-20T16:01:07.002Z,2026-09-20T16:01:16.902Z,47033,45504,0,328,,
sqlstorm-tpcds-glm-standard,38,0,GLM-5.3-Flash,max,completed,2026-09-20T16:01:16.982Z,2026-09-20T16:04:48.125Z,47423,46976,0,7250,,
sqlstorm-tpcds-glm-standard,39,0,GLM-5.3-Flash,max,completed,2026-09-20T16:04:48.604Z,2026-09-20T16:07:10.689Z,54734,47360,0,6378,,
sqlstorm-tpcds-glm-standard,40,0,GLM-5.3-Flash,max,completed,2026-09-20T16:07:11.143Z,2026-09-20T16:08:21.446Z,61176,54720,0,2160,,
sqlstorm-tpcds-glm-standard,41,0,GLM-5.3-Flash,max,completed,2026-09-20T16:08:21.698Z,2026-09-20T16:08:44.642Z,63462,61120,0,940,,
sqlstorm-tpcds-glm-standard,42,0,GLM-5.3-Flash,max,completed,2026-09-20T16:08:44.815Z,2026-09-20T16:09:46.425Z,64734,63424,0,2329,,
sqlstorm-tpcds-glm-standard,43,0,GLM-5.3-Flash,max,completed,2026-09-20T16:09:46.674Z,2026-09-20T16:09:57.680Z,67187,64704,0,394,,
sqlstorm-tpcds-glm-standard,44,0,GLM-5.3-Flash,max,completed,2026-09-20T16:09:57.766Z,2026-09-20T16:10:20.622Z,67645,67136,0,536,,
sqlstorm-tpcds-glm-standard,45,0,GLM-5.3-Flash,max,completed,2026-09-20T16:10:20.819Z,2026-09-20T16:10:31.469Z,68369,67584,0,370,,
sqlstorm-tpcds-glm-standard,46,0,GLM-5.3-Flash,max,completed,2026-09-20T16:10:33.472Z,2026-09-20T16:10:39.463Z,69178,68352,0,85,,
sqlstorm-tpcds-glm-standard,47,0,GLM-5.3-Flash,max,completed,2026-09-20T16:10:39.610Z,2026-09-20T16:10:46.222Z,69327,69120,0,157,,
sqlstorm-tpcds-glm-standard,48,0,GLM-5.3-Flash,max,completed,2026-09-20T16:10:49.178Z,2026-09-20T16:11:15.101Z,69554,69312,0,489,,
sqlstorm-tpcds-glm-standard,49,0,GLM-5.3-Flash,max,completed,2026-09-20T16:11:16.898Z,2026-09-20T16:11:34.630Z,70763,69504,0,581,,
sqlstorm-tpcds-glm-standard,50,0,GLM-5.3-Flash,max,completed,2026-09-20T16:11:41.808Z,2026-09-20T16:13:40.312Z,71456,70720,0,3776,,
sqlstorm-tpcds-glm-standard,51,0,GLM-5.3-Flash,max,completed,2026-09-20T16:13:40.584Z,2026-09-20T16:14:28.021Z,75296,71424,0,3103,,
sqlstorm-tpcds-glm-standard,52,0,GLM-5.3-Flash,max,completed,2026-09-20T16:14:28.268Z,2026-09-20T16:14:38.263Z,78673,75264,0,288,,
sqlstorm-tpcds-glm-standard,53,0,GLM-5.3-Flash,max,completed,2026-09-20T16:14:38.324Z,2026-09-20T16:14:42.157Z,79373,78656,0,99,,
sqlstorm-tpcds-glm-standard,54,0,GLM-5.3-Flash,max,completed,2026-09-20T16:14:46.582Z,2026-09-20T16:16:53.891Z,79522,79360,0,3345,,
sqlstorm-tpcds-glm-standard,55,0,GLM-5.3-Flash,max,completed,2026-09-20T16:17:23.095Z,2026-09-20T16:18:39.116Z,82918,79488,0,2430,,
sqlstorm-tpcds-glm-standard,56,0,GLM-5.3-Flash,max,completed,2026-09-20T16:18:39.313Z,2026-09-20T16:18:47.712Z,85412,82880,0,247,,
sqlstorm-tpcds-glm-standard,57,0,GLM-5.3-Flash,max,completed,2026-09-20T16:18:47.795Z,2026-09-20T16:18:54.627Z,85723,85376,0,133,,
sqlstorm-tpcds-glm-standard,58,0,GLM-5.3-Flash,max,completed,2026-09-20T16:19:28.272Z,2026-09-20T16:19:55.714Z,85953,85696,0,971,,
sqlstorm-tpcds-glm-standard,59,0,GLM-5.3-Flash,max,completed,2026-09-20T16:19:55.834Z,2026-09-20T16:20:03.288Z,86988,85952,0,132,,
sqlstorm-tpcds-glm-standard,60,0,GLM-5.3-Flash,max,completed,2026-09-20T16:20:37.326Z,2026-09-20T16:21:19.066Z,87217,86976,0,1286,,
sqlstorm-tpcds-glm-standard,61,0,GLM-5.3-Flash,max,completed,2026-09-20T16:21:21.962Z,2026-09-20T16:22:05.350Z,88631,87168,0,1531,,
sqlstorm-tpcds-glm-standard,62,0,GLM-5.3-Flash,max,completed,2026-09-20T16:22:08.334Z,2026-09-20T16:22:16.612Z,90355,88576,0,167,,
sqlstorm-tpcds-glm-standard,63,0,GLM-5.3-Flash,max,completed,2026-09-20T16:22:45.891Z,2026-09-20T16:23:35.490Z,90851,90304,0,1677,,
sqlstorm-tpcds-glm-standard,64,0,GLM-5.3-Flash,max,completed,2026-09-20T16:23:35.842Z,2026-09-20T16:23:43.234Z,92602,90816,0,124,,
sqlstorm-tpcds-glm-standard,65,0,GLM-5.3-Flash,max,completed,2026-09-20T16:23:45.687Z,2026-09-20T16:24:42.637Z,92751,92544,0,1908,,
sqlstorm-tpcds-glm-standard,66,0,GLM-5.3-Flash,max,completed,2026-09-20T16:24:45.225Z,2026-09-20T16:27:38.385Z,94746,92736,0,4428,,
sqlstorm-tpcds-glm-standard,67,0,GLM-5.3-Flash,max,completed,2026-09-20T16:27:38.444Z,2026-09-20T16:29:48.405Z,99639,94720,0,4006,,
sqlstorm-tpcds-glm-standard,68,0,GLM-5.3-Flash,max,completed,2026-09-20T16:29:48.679Z,2026-09-20T16:30:50.100Z,103656,99584,0,3038,,
sqlstorm-tpcds-glm-standard,69,0,GLM-5.3-Flash,max,completed,2026-09-20T16:30:50.350Z,2026-09-20T16:32:17.910Z,106756,103616,0,4133,,
sqlstorm-tpcds-glm-standard,70,0,GLM-5.3-Flash,max,completed,2026-09-20T16:32:18.233Z,2026-09-20T16:33:28.901Z,110953,106752,0,2376,,
sqlstorm-tpcds-glm-standard,71,0,GLM-5.3-Flash,max,completed,2026-09-20T16:33:29.100Z,2026-09-20T16:33:53.134Z,113393,110912,0,1364,,
sqlstorm-tpcds-glm-standard,72,0,GLM-5.3-Flash,max,completed,2026-09-20T16:33:53.394Z,2026-09-20T16:34:00.148Z,114939,113344,0,110,,
sqlstorm-tpcds-glm-standard,73,0,GLM-5.3-Flash,max,completed,2026-09-20T16:34:00.266Z,2026-09-20T16:34:07.886Z,115076,114880,0,145,,
sqlstorm-tpcds-glm-standard,74,0,GLM-5.3-Flash,max,completed,2026-09-20T16:34:13.026Z,2026-09-20T16:34:39.024Z,115271,115072,0,632,,
sqlstorm-tpcds-glm-standard,75,0,GLM-5.3-Flash,max,completed,2026-09-20T16:34:40.614Z,2026-09-20T16:34:51.745Z,115970,115264,0,525,,
sqlstorm-tpcds-glm-standard,76,0,GLM-5.3-Flash,max,completed,2026-09-20T16:34:51.866Z,2026-09-20T16:34:59.113Z,116550,115968,0,113,,
sqlstorm-tpcds-glm-standard,77,0,GLM-5.3-Flash,max,completed,2026-09-20T16:34:59.213Z,2026-09-20T16:35:06.055Z,116980,116544,0,68,,
sqlstorm-tpcds-glm-standard,78,0,GLM-5.3-Flash,max,completed,2026-09-20T16:35:06.174Z,2026-09-20T16:35:15.060Z,117102,116928,0,243,,
sqlstorm-tpcds-glm-standard,79,0,GLM-5.3-Flash,max,completed,2026-09-20T16:35:16.568Z,2026-09-20T16:35:32.176Z,117355,117056,0,436,,
sqlstorm-tpcds-glm-standard,80,0,GLM-5.3-Flash,max,completed,2026-09-20T16:35:32.349Z,2026-09-20T16:35:48.240Z,117801,117312,0,431,,
sqlstorm-tpcds-glm-standard,81,0,GLM-5.3-Flash,max,completed,2026-09-20T16:35:49.707Z,2026-09-20T16:36:10.160Z,118250,117760,0,554,,
sqlstorm-tpcds-glm-standard,82,0,GLM-5.3-Flash,max,completed,2026-09-20T16:36:11.580Z,2026-09-20T16:37:09.554Z,118837,118208,0,1570,,
sqlstorm-tpcds-glm-standard,83,0,GLM-5.3-Flash,max,completed,2026-09-20T16:37:11.295Z,2026-09-20T16:37:24.493Z,120495,118784,0,301,,
sqlstorm-tpcds-glm-standard,84,0,GLM-5.3-Flash,max,completed,2026-09-20T16:37:25.905Z,2026-09-20T16:37:55.423Z,120850,120448,0,1077,,
sqlstorm-tpcds-glm-standard,85,0,GLM-5.3-Flash,max,completed,2026-09-20T16:37:56.925Z,2026-09-20T16:38:41.507Z,122044,120832,0,1792,,
sqlstorm-tpcds-glm-standard,86,0,GLM-5.3-Flash,max,completed,2026-09-20T16:38:41.872Z,2026-09-20T16:38:49.287Z,123917,121984,0,164,,
sqlstorm-tpcds-glm-standard,87,0,GLM-5.3-Flash,max,completed,2026-09-20T16:38:50.065Z,2026-09-20T16:38:56.455Z,124354,123904,0,70,,
sqlstorm-tpcds-glm-standard,88,0,GLM-5.3-Flash,max,completed,2026-09-20T16:38:56.639Z,2026-09-20T16:39:05.257Z,124435,124352,0,165,,
sqlstorm-tpcds-glm-standard,89,0,GLM-5.3-Flash,max,completed,2026-09-20T16:39:05.448Z,2026-09-20T16:39:56.465Z,124684,124416,0,2960,,
sqlstorm-tpcds-glm-standard,90,0,GLM-5.3-Flash,max,completed,2026-09-20T16:39:56.678Z,2026-09-20T16:40:14.790Z,127708,124672,0,808,,
sqlstorm-tpcds-glm-standard,91,0,GLM-5.3-Flash,max,completed,2026-09-20T16:40:15.465Z,2026-09-20T16:40:42.131Z,128574,127680,0,848,,
sqlstorm-tpcds-glm-standard,92,0,GLM-5.3-Flash,max,completed,2026-09-20T16:40:42.499Z,2026-09-20T16:41:00.574Z,129528,128512,0,539,,
sqlstorm-tpcds-glm-standard,93,0,GLM-5.3-Flash,max,completed,2026-09-20T16:41:00.671Z,2026-09-20T16:41:11.826Z,130131,129472,0,279,,
sqlstorm-tpcds-glm-standard,94,0,GLM-5.3-Flash,max,completed,2026-09-20T16:41:13.378Z,2026-09-20T16:41:58.832Z,130567,130112,0,1627,,
sqlstorm-tpcds-glm-standard,95,0,GLM-5.3-Flash,max,completed,2026-09-20T16:41:59.037Z,2026-09-20T16:42:05.071Z,132320,130560,0,165,,
sqlstorm-tpcds-glm-standard,96,0,GLM-5.3-Flash,max,completed,2026-09-20T16:42:06.639Z,2026-09-20T16:43:08.772Z,132639,132288,0,2238,,
sqlstorm-tpcds-glm-standard,97,0,GLM-5.3-Flash,max,completed,2026-09-20T16:43:09.197Z,2026-09-20T16:45:49.750Z,135619,132608,0,4259,,
sqlstorm-tpcds-glm-standard,98,0,GLM-5.3-Flash,max,completed,2026-09-20T16:45:50.253Z,2026-09-20T16:47:42.901Z,140299,135616,0,3955,,
sqlstorm-tpcds-glm-standard,99,0,GLM-5.3-Flash,max,completed,2026-09-20T16:47:44.710Z,2026-09-20T16:49:54.276Z,144416,140288,0,3577,,
sqlstorm-tpcds-glm-standard,100,0,GLM-5.3-Flash,max,completed,2026-09-20T16:49:54.765Z,2026-09-20T16:52:35.045Z,148159,144384,0,5564,,
sqlstorm-tpcds-glm-standard,101,0,GLM-5.3-Flash,max,completed,2026-09-20T16:52:35.396Z,2026-09-20T16:52:41.820Z,153930,148096,0,53,,
sqlstorm-tpcds-glm-standard,102,0,GLM-5.3-Flash,max,completed,2026-09-20T16:52:41.856Z,2026-09-20T16:53:50.211Z,154838,153920,0,4519,,
sqlstorm-tpcds-glm-standard,103,0,GLM-5.3-Flash,max,completed,2026-09-20T16:53:50.520Z,2026-09-20T16:54:17.852Z,159421,154816,0,822,,
sqlstorm-tpcds-glm-standard,104,0,GLM-5.3-Flash,max,completed,2026-09-20T16:54:18.015Z,2026-09-20T16:54:28.503Z,160369,159360,0,289,,
sqlstorm-tpcds-glm-standard,105,0,GLM-5.3-Flash,max,completed,2026-09-20T16:54:28.767Z,2026-09-20T16:54:39.354Z,160777,160320,0,337,,
sqlstorm-tpcds-glm-standard,106,0,GLM-5.3-Flash,max,completed,2026-09-20T16:54:39.654Z,2026-09-20T16:54:44.498Z,161261,160768,0,59,,
sqlstorm-tpcds-glm-standard,107,0,GLM-5.3-Flash,max,completed,2026-09-20T16:54:44.605Z,2026-09-20T16:54:51.851Z,161777,161216,0,170,,
sqlstorm-tpcds-glm-standard,108,0,GLM-5.3-Flash,max,completed,2026-09-20T16:54:51.924Z,2026-09-20T16:55:00.040Z,162011,161728,0,168,,
sqlstorm-tpcds-glm-standard,109,0,GLM-5.3-Flash,max,completed,2026-09-20T16:55:01.586Z,2026-09-20T16:56:23.398Z,162330,161984,0,2926,,
sqlstorm-tpcds-glm-standard,110,0,GLM-5.3-Flash,max,completed,2026-09-20T16:56:23.891Z,2026-09-20T16:56:54.838Z,165751,162304,0,849,,
sqlstorm-tpcds-glm-standard,111,0,GLM-5.3-Flash,max,completed,2026-09-20T16:56:56.439Z,2026-09-20T16:57:40.660Z,166751,165696,0,1463,,
sqlstorm-tpcds-glm-standard,112,0,GLM-5.3-Flash,max,completed,2026-09-20T16:57:42.305Z,2026-09-20T16:58:07.241Z,168426,166720,0,672,,
sqlstorm-tpcds-glm-standard,113,0,GLM-5.3-Flash,max,completed,2026-09-20T16:58:07.567Z,2026-09-20T16:59:03.351Z,170606,168384,0,2102,,
sqlstorm-tpcds-glm-standard,114,0,GLM-5.3-Flash,max,completed,2026-09-20T16:59:05.051Z,2026-09-20T17:00:05.002Z,172865,170560,0,1965,,
sqlstorm-tpcds-glm-standard,115,0,GLM-5.3-Flash,max,completed,2026-09-20T17:00:05.985Z,2026-09-20T17:01:41.669Z,174924,172864,0,3359,,
sqlstorm-tpcds-glm-standard,116,0,GLM-5.3-Flash,max,completed,2026-09-20T17:01:43.721Z,2026-09-20T17:02:33.695Z,178467,174912,0,1562,,
sqlstorm-tpcds-glm-standard,117,0,GLM-5.3-Flash,max,completed,2026-09-20T17:02:34.244Z,2026-09-20T17:03:40.687Z,180541,178432,0,2262,,
sqlstorm-tpcds-glm-standard,118,0,GLM-5.3-Flash,max,completed,2026-09-20T17:03:41.093Z,2026-09-20T17:03:53.816Z,182898,0,0,136,,
sqlstorm-tpcds-glm-standard,119,0,GLM-5.3-Flash,max,completed,2026-09-20T17:03:54.232Z,2026-09-20T17:04:24.792Z,183260,182848,0,1342,,
sqlstorm-tpcds-glm-standard,120,0,GLM-5.3-Flash,max,completed,2026-09-20T17:04:25.176Z,2026-09-20T17:05:23.467Z,185062,183232,0,1896,,
sqlstorm-tpcds-glm-standard,121,0,GLM-5.3-Flash,max,completed,2026-09-20T17:05:26.336Z,2026-09-20T17:06:30.235Z,187121,185024,0,1596,,
sqlstorm-tpcds-glm-standard,122,0,GLM-5.3-Flash,max,completed,2026-09-20T17:06:30.391Z,2026-09-20T17:06:45.387Z,188779,187072,0,752,,
sqlstorm-tpcds-glm-standard,123,0,GLM-5.3-Flash,max,completed,2026-09-20T17:06:45.510Z,2026-09-20T17:07:15.899Z,189539,188736,0,1100,,
sqlstorm-tpcds-glm-standard,124,0,GLM-5.3-Flash,max,completed,2026-09-20T17:07:16.032Z,2026-09-20T17:07:27.786Z,190645,189504,0,652,,
sqlstorm-tpcds-glm-standard,125,0,GLM-5.3-Flash,max,completed,2026-09-20T17:07:27.897Z,2026-09-20T17:07:55.631Z,191303,190592,0,1441,,
sqlstorm-tpcds-glm-standard,126,0,GLM-5.3-Flash,max,completed,2026-09-20T17:07:58.468Z,2026-09-20T17:08:16.545Z,192845,191296,0,674,,
sqlstorm-tpcds-glm-standard,127,0,GLM-5.3-Flash,max,completed,2026-09-20T17:08:17.194Z,2026-09-20T17:10:11.733Z,193843,192832,0,3197,,
sqlstorm-tpcds-glm-standard,128,0,GLM-5.3-Flash,max,completed,2026-09-20T17:10:12.077Z,2026-09-20T17:10:32.306Z,197050,193792,0,822,,
sqlstorm-tpcds-glm-standard,129,0,GLM-5.3-Flash,max,completed,2026-09-20T17:10:32.443Z,2026-09-20T17:11:31.913Z,197877,196992,0,2855,,
sqlstorm-tpcds-glm-standard,130,0,GLM-5.3-Flash,max,completed,2026-09-20T17:11:34.584Z,2026-09-20T17:12:12.088Z,200953,197824,0,1470,,
sqlstorm-tpcds-glm-standard,131,0,GLM-5.3-Flash,max,completed,2026-09-20T17:12:15.521Z,2026-09-20T17:13:02.433Z,202522,200896,0,1782,,
sqlstorm-tpcds-glm-standard,132,0,GLM-5.3-Flash,max,completed,2026-09-20T17:13:08.541Z,2026-09-20T17:14:53.428Z,204538,202496,0,3028,,
sqlstorm-tpcds-glm-standard,133,0,GLM-5.3-Flash,max,completed,2026-09-20T17:15:08.713Z,2026-09-20T17:17:24.698Z,207625,204480,0,4912,,
sqlstorm-tpcds-glm-standard,134,0,GLM-5.3-Flash,max,completed,2026-09-20T17:17:28.169Z,2026-09-20T17:17:35.019Z,212590,207616,0,139,,
sqlstorm-tpcds-glm-standard,135,0,GLM-5.3-Flash,max,completed,2026-09-20T17:17:42.829Z,2026-09-20T17:18:17.219Z,212779,212544,0,1122,,
sqlstorm-tpcds-glm-standard,136,0,GLM-5.3-Flash,max,completed,2026-09-20T17:18:17.401Z,2026-09-20T17:19:00.426Z,213922,212736,0,2124,,
sqlstorm-tpcds-glm-standard,137,0,GLM-5.3-Flash,max,completed,2026-09-20T17:19:00.955Z,2026-09-20T17:19:09.631Z,216424,213888,0,295,,
sqlstorm-tpcds-glm-standard,138,0,GLM-5.3-Flash,max,completed,2026-09-20T17:19:10.757Z,2026-09-20T17:19:54.320Z,216886,216384,0,2339,,
sqlstorm-tpcds-glm-standard,139,0,GLM-5.3-Flash,max,completed,2026-09-20T17:19:55.632Z,2026-09-20T17:20:03.142Z,219392,216832,0,69,,
sqlstorm-tpcds-glm-standard,140,0,GLM-5.3-Flash,max,completed,2026-09-20T17:20:03.225Z,2026-09-20T17:20:19.543Z,219529,219392,0,355,,
sqlstorm-tpcds-glm-standard,141,0,GLM-5.3-Flash,max,completed,2026-09-20T17:20:19.645Z,2026-09-20T17:20:31.142Z,220044,219520,0,278,,
sqlstorm-tpcds-glm-standard,142,0,GLM-5.3-Flash,max,completed,2026-09-20T17:20:32.230Z,2026-09-20T17:20:36.273Z,220348,220032,0,60,,
sqlstorm-tpcds-glm-standard,143,0,GLM-5.3-Flash,max,completed,2026-09-20T17:20:37.213Z,2026-09-20T17:20:47.326Z,220727,220288,0,165,,
sqlstorm-tpcds-glm-standard,144,0,GLM-5.3-Flash,max,completed,2026-09-20T17:20:56.955Z,2026-09-20T17:21:19.489Z,221003,220672,0,624,,
sqlstorm-tpcds-glm-standard,145,0,GLM-5.3-Flash,max,completed,2026-09-20T17:21:19.616Z,2026-09-20T17:21:38.585Z,222197,220992,0,566,,
sqlstorm-tpcds-glm-standard,146,0,GLM-5.3-Flash,max,completed,2026-09-20T17:21:38.700Z,2026-09-20T17:22:02.493Z,223038,222144,0,635,,
sqlstorm-tpcds-glm-standard,147,0,GLM-5.3-Flash,max,completed,2026-09-20T17:22:03.626Z,2026-09-20T17:22:12.525Z,223983,222976,0,279,,
sqlstorm-tpcds-glm-standard,148,0,GLM-5.3-Flash,max,completed,2026-09-20T17:22:22.201Z,2026-09-20T17:23:19.288Z,224373,223936,0,587,,
sqlstorm-tpcds-glm-standard,149,0,GLM-5.3-Flash,max,completed,2026-09-20T17:23:19.757Z,2026-09-20T17:23:32.601Z,224996,224320,0,122,,
sqlstorm-tpcds-glm-standard,150,0,GLM-5.3-Flash,max,completed,2026-09-20T17:23:32.809Z,2026-09-20T17:23:44.486Z,225359,224960,0,281,,
sqlstorm-tpcds-glm-standard,151,0,GLM-5.3-Flash,max,completed,2026-09-20T17:23:53.148Z,2026-09-20T17:25:58.027Z,225768,225344,0,4794,,
sqlstorm-tpcds-glm-standard,152,0,GLM-5.3-Flash,max,completed,2026-09-20T17:25:58.753Z,2026-09-20T17:26:52.648Z,230775,225728,0,1670,,
sqlstorm-tpcds-glm-standard,153,0,GLM-5.3-Flash,max,completed,2026-09-20T17:26:53.169Z,2026-09-20T17:28:06.062Z,232493,230720,0,2561,,
sqlstorm-tpcds-glm-standard,154,0,GLM-5.3-Flash,max,completed,2026-09-20T17:28:06.569Z,2026-09-20T17:29:09.309Z,235927,232448,0,2151,,
sqlstorm-tpcds-glm-standard,155,0,GLM-5.3-Flash,max,completed,2026-09-20T17:29:09.850Z,2026-09-20T17:29:58.291Z,238151,235904,0,1733,,
sqlstorm-tpcds-glm-standard,156,0,GLM-5.3-Flash,max,completed,2026-09-20T17:29:58.747Z,2026-09-20T17:31:12.606Z,240517,238144,0,2458,,
sqlstorm-tpcds-glm-standard,157,0,GLM-5.3-Flash,max,completed,2026-09-20T17:31:13.116Z,2026-09-20T17:32:20.586Z,243911,240512,0,2228,,
sqlstorm-tpcds-glm-standard,158,0,GLM-5.3-Flash,max,completed,2026-09-20T17:32:30.659Z,2026-09-20T17:32:35.168Z,246438,243904,0,53,,
sqlstorm-tpcds-glm-standard,159,0,GLM-5.3-Flash,max,completed,2026-09-20T17:32:35.240Z,2026-09-20T17:32:41.916Z,246520,246400,0,59,,
sqlstorm-tpcds-glm-standard,160,0,GLM-5.3-Flash,max,completed,2026-09-20T17:32:41.954Z,2026-09-20T17:32:52.522Z,246897,246464,0,357,,
sqlstorm-tpcds-glm-standard,161,0,GLM-5.3-Flash,max,completed,2026-09-20T17:32:52.714Z,2026-09-20T17:32:57.863Z,247318,246848,0,129,,
sqlstorm-tpcds-glm-standard,162,0,GLM-5.3-Flash,max,completed,2026-09-20T17:33:07.832Z,2026-09-20T17:33:36.613Z,247538,247296,0,585,,
sqlstorm-tpcds-glm-standard,163,0,GLM-5.3-Flash,max,completed,2026-09-20T17:33:36.946Z,2026-09-20T17:33:50.900Z,248277,247488,0,379,,
sqlstorm-tpcds-glm-standard,164,0,GLM-5.3-Flash,max,completed,2026-09-20T17:33:51.929Z,2026-09-20T17:34:47.628Z,248713,248256,0,2080,,
sqlstorm-tpcds-glm-standard,165,0,GLM-5.3-Flash,max,completed,2026-09-20T17:34:48.166Z,2026-09-20T17:34:55.001Z,250938,248704,0,204,,
sqlstorm-tpcds-glm-standard,166,0,GLM-5.3-Flash,max,completed,2026-09-20T17:34:55.747Z,2026-09-20T17:35:00.736Z,251166,250880,0,61,,
sqlstorm-tpcds-glm-standard,167,0,GLM-5.3-Flash,max,completed,2026-09-20T17:35:01.136Z,2026-09-20T17:35:11.395Z,251561,251136,0,191,,
sqlstorm-tpcds-glm-standard,168,0,GLM-5.3-Flash,max,completed,2026-09-20T17:35:11.500Z,2026-09-20T17:35:22.863Z,251772,251520,0,324,,
sqlstorm-tpcds-glm-standard,169,0,GLM-5.3-Flash,max,completed,2026-09-20T17:35:23.275Z,2026-09-20T17:35:27.572Z,252120,251712,0,68,,
sqlstorm-tpcds-glm-standard,170,0,GLM-5.3-Flash,max,completed,2026-09-20T17:35:27.965Z,2026-09-20T17:35:34.850Z,252376,252096,0,93,,
sqlstorm-tpcds-glm-standard,171,0,GLM-5.3-Flash,max,completed,2026-09-20T17:35:34.937Z,2026-09-20T17:35:44.383Z,252642,252352,0,242,,
sqlstorm-tpcds-glm-standard,172,0,GLM-5.3-Flash,max,completed,2026-09-20T17:35:45.350Z,2026-09-20T17:36:06.353Z,252914,252608,0,454,,
sqlstorm-tpcds-glm-standard,173,0,GLM-5.3-Flash,max,completed,2026-09-20T17:36:23.479Z,2026-09-20T17:36:29.296Z,253601,252864,0,94,,
sqlstorm-tpcds-glm-standard,174,0,GLM-5.3-Flash,max,completed,2026-09-20T17:36:59.635Z,2026-09-20T17:37:27.383Z,253879,253568,0,842,,
sqlstorm-tpcds-glm-standard,175,0,GLM-5.3-Flash,max,completed,2026-09-20T17:37:36.160Z,2026-09-20T17:39:29.027Z,254745,253824,0,3870,,
sqlstorm-tpcds-glm-standard,176,0,GLM-5.3-Flash,max,completed,2026-09-20T17:39:29.655Z,2026-09-20T17:39:34.666Z,258646,254720,0,61,,
sqlstorm-tpcds-glm-standard,177,0,GLM-5.3-Flash,max,completed,2026-09-20T17:39:37.116Z,2026-09-20T17:39:44.802Z,259043,258624,0,233,,
sqlstorm-tpcds-glm-standard,178,0,GLM-5.3-Flash,max,completed,2026-09-20T17:39:45.466Z,2026-09-20T17:40:07.744Z,259305,259008,0,897,,
sqlstorm-tpcds-glm-standard,179,0,GLM-5.3-Flash,max,completed,2026-09-20T17:40:08.204Z,2026-09-20T17:40:13.091Z,260231,259264,0,65,,
sqlstorm-tpcds-glm-standard,180,0,GLM-5.3-Flash,max,completed,2026-09-20T17:40:13.412Z,2026-09-20T17:40:23.909Z,260375,260224,0,289,,
sqlstorm-tpcds-glm-standard,181,0,GLM-5.3-Flash,max,completed,2026-09-20T17:40:24.307Z,2026-09-20T17:40:28.786Z,260693,260352,0,66,,
sqlstorm-tpcds-glm-standard,182,0,GLM-5.3-Flash,max,completed,2026-09-20T17:40:29.152Z,2026-09-20T17:40:35.797Z,260863,260672,0,200,,
sqlstorm-tpcds-glm-standard,183,0,GLM-5.3-Flash,max,completed,2026-09-20T17:40:44.222Z,2026-09-20T17:42:22.501Z,261096,260800,0,3190,,
sqlstorm-tpcds-glm-standard,184,0,GLM-5.3-Flash,max,completed,2026-09-20T17:42:26.762Z,2026-09-20T17:44:34.397Z,264359,261056,0,2052,,
sqlstorm-tpcds-glm-standard,185,0,GLM-5.3-Flash,max,completed,2026-09-20T17:44:44.458Z,2026-09-20T17:46:09.821Z,266470,264320,0,2569,,
sqlstorm-tpcds-glm-standard,186,0,GLM-5.3-Flash,max,completed,2026-09-20T17:46:10.067Z,2026-09-20T17:46:20.790Z,269102,266432,0,324,,
sqlstorm-tpcds-glm-standard,187,0,GLM-5.3-Flash,max,completed,2026-09-20T17:46:20.896Z,2026-09-20T17:46:29.909Z,269750,269056,0,312,,
sqlstorm-tpcds-glm-standard,188,0,GLM-5.3-Flash,max,completed,2026-09-20T17:46:29.984Z,2026-09-20T17:46:53.863Z,270551,269696,0,919,,
sqlstorm-tpcds-glm-standard,189,0,GLM-5.3-Flash,max,completed,2026-09-20T17:46:55.774Z,2026-09-20T17:47:03.287Z,271521,270528,0,96,,
sqlstorm-tpcds-glm-standard,190,0,GLM-5.3-Flash,max,completed,2026-09-20T17:47:03.371Z,2026-09-20T17:47:08.798Z,271668,271488,0,131,,
sqlstorm-tpcds-glm-standard,191,0,GLM-5.3-Flash,max,completed,2026-09-20T17:47:10.074Z,2026-09-20T17:47:15.403Z,271876,271616,0,80,,
sqlstorm-tpcds-glm-standard,192,0,GLM-5.3-Flash,max,completed,2026-09-20T17:47:15.516Z,2026-09-20T17:47:21.092Z,272021,271872,0,40,,
sqlstorm-tpcds-glm-standard,193,0,GLM-5.3-Flash,max,completed,2026-09-20T17:47:21.153Z,2026-09-20T17:47:39.939Z,272126,272000,0,775,,
sqlstorm-tpcds-glm-standard,194,0,GLM-5.3-Flash,max,completed,2026-09-20T17:47:58.607Z,2026-09-20T17:48:11.082Z,273073,272064,0,397,,
sqlstorm-tpcds-glm-standard,195,0,GLM-5.3-Flash,max,completed,2026-09-20T17:48:41.080Z,2026-09-20T17:49:13.126Z,274169,273024,0,1360,,
sqlstorm-tpcds-glm-standard,196,0,GLM-5.3-Flash,max,completed,2026-09-20T17:49:13.296Z,2026-09-20T17:50:19.087Z,275684,274112,0,1741,,
sqlstorm-tpcds-glm-standard,197,0,GLM-5.3-Flash,max,completed,2026-09-20T17:50:19.317Z,2026-09-20T17:50:30.329Z,277486,275648,0,523,,
sqlstorm-tpcds-glm-standard,198,0,GLM-5.3-Flash,max,completed,2026-09-20T17:51:09.678Z,2026-09-20T17:51:22.149Z,278429,277440,0,595,,
sqlstorm-tpcds-glm-standard,199,0,GLM-5.3-Flash,max,completed,2026-09-20T17:51:22.313Z,2026-09-20T17:52:12.120Z,279055,278400,0,1143,,
sqlstorm-tpcds-glm-standard,200,0,GLM-5.3-Flash,max,completed,2026-09-20T17:53:42.309Z,2026-09-20T17:54:44.091Z,280277,279040,0,2751,,
sqlstorm-tpcds-glm-standard,201,0,GLM-5.3-Flash,max,completed,2026-09-20T17:54:59.713Z,2026-09-20T17:55:05.602Z,283382,280256,0,109,,
sqlstorm-tpcds-glm-standard,202,0,GLM-5.3-Flash,max,completed,2026-09-20T17:55:05.683Z,2026-09-20T17:56:08.686Z,283595,283328,0,3123,,
sqlstorm-tpcds-glm-standard,203,0,GLM-5.3-Flash,max,completed,2026-09-20T17:56:08.983Z,2026-09-20T17:56:59.684Z,286871,283584,0,1905,,
sqlstorm-tpcds-glm-standard,204,0,GLM-5.3-Flash,max,completed,2026-09-20T17:57:01.136Z,2026-09-20T17:57:19.941Z,289098,286848,0,171,,
sqlstorm-tpcds-glm-standard,205,0,GLM-5.3-Flash,max,completed,2026-09-20T17:59:45.330Z,2026-09-20T18:00:12.812Z,289395,289088,0,965,,
sqlstorm-tpcds-glm-standard,206,0,GLM-5.3-Flash,max,completed,2026-09-20T18:00:13.029Z,2026-09-20T18:00:53.775Z,290420,289344,0,187,,
sqlstorm-tpcds-glm-standard,207,0,GLM-5.3-Flash,max,completed,2026-09-20T18:00:53.902Z,2026-09-20T18:01:10.961Z,295836,290368,0,138,,
sqlstorm-tpcds-glm-standard,208,0,GLM-5.3-Flash,max,completed,2026-09-20T18:01:11.244Z,2026-09-20T18:01:21.426Z,296709,295808,0,226,,
sqlstorm-tpcds-glm-standard,209,0,GLM-5.3-Flash,max,completed,2026-09-20T18:01:21.519Z,2026-09-20T18:02:41.489Z,297395,296704,0,2267,,
sqlstorm-tpcds-glm-standard,210,0,GLM-5.3-Flash,max,completed,2026-09-20T18:03:03.313Z,2026-09-20T18:04:12.413Z,299770,297344,0,2632,,
sqlstorm-tpcds-glm-standard,211,0,GLM-5.3-Flash,max,completed,2026-09-20T18:04:35.681Z,2026-09-20T18:04:45.182Z,302451,299712,0,241,,
sqlstorm-tpcds-glm-standard,212,0,GLM-5.3-Flash,max,completed,2026-09-20T18:04:45.294Z,2026-09-20T18:05:03.824Z,302771,302400,0,586,,
sqlstorm-tpcds-glm-standard,213,0,GLM-5.3-Flash,max,completed,2026-09-20T18:06:03.959Z,2026-09-20T18:06:10.612Z,303439,302720,0,120,,
sqlstorm-tpcds-glm-standard,214,0,GLM-5.3-Flash,max,completed,2026-09-20T18:08:10.715Z,2026-09-20T18:08:28.712Z,303948,303424,0,574,,
sqlstorm-tpcds-glm-standard,215,0,GLM-5.3-Flash,max,completed,2026-09-20T18:08:38.976Z,2026-09-20T18:09:06.496Z,304571,303936,0,928,,
sqlstorm-tpcds-glm-standard,216,0,GLM-5.3-Flash,max,completed,2026-09-20T18:10:35.504Z,2026-09-20T18:10:48.331Z,305553,304512,0,219,,
sqlstorm-tpcds-glm-standard,217,0,GLM-5.3-Flash,max,completed,2026-09-20T18:10:48.484Z,2026-09-20T18:10:53.198Z,305815,305536,0,32,,
sqlstorm-tpcds-glm-standard,218,0,GLM-5.3-Flash,max,completed,2026-09-20T18:10:53.271Z,2026-09-20T18:11:02.830Z,306038,305792,0,429,,
sqlstorm-tpcds-glm-standard,219,0,GLM-5.3-Flash,max,completed,2026-09-20T18:11:02.918Z,2026-09-20T18:11:13.061Z,306743,305984,0,273,,
sqlstorm-tpcds-glm-standard,220,0,GLM-5.3-Flash,max,completed,2026-09-20T18:12:37.986Z,2026-09-20T18:13:22.683Z,307152,306688,0,642,,
sqlstorm-tpcds-glm-standard,221,0,GLM-5.3-Flash,max,completed,2026-09-20T18:13:22.794Z,2026-09-20T18:13:30.655Z,307859,307136,0,247,,
sqlstorm-tpcds-glm-standard,222,0,GLM-5.3-Flash,max,completed,2026-09-20T18:13:30.745Z,2026-09-20T18:15:16.994Z,308257,307840,0,3164,,
sqlstorm-tpcds-glm-standard,223,0,GLM-5.3-Flash,max,completed,2026-09-20T18:15:17.393Z,2026-09-20T18:15:28.047Z,311428,308224,0,40,,
sqlstorm-tpcds-glm-standard,224,0,GLM-5.3-Flash,max,completed,2026-09-20T18:15:28.127Z,2026-09-20T18:16:15.173Z,311533,311424,0,1270,,
sqlstorm-tpcds-glm-standard,225,0,GLM-5.3-Flash,max,completed,2026-09-20T18:16:16.061Z,2026-09-20T18:16:22.129Z,312813,311488,0,73,,
sqlstorm-tpcds-glm-standard,226,0,GLM-5.3-Flash,max,completed,2026-09-20T18:16:22.216Z,2026-09-20T18:16:38.095Z,313681,312768,0,401,,
sqlstorm-tpcds-glm-standard,227,0,GLM-5.3-Flash,max,completed,2026-09-20T18:16:38.255Z,2026-09-20T18:17:57.152Z,314092,313664,0,5018,,
sqlstorm-tpcds-glm-standard,228,0,GLM-5.3-Flash,max,completed,2026-09-20T18:17:57.764Z,2026-09-20T18:19:18.057Z,319174,314048,0,4380,,
sqlstorm-tpcds-glm-standard,229,0,GLM-5.3-Flash,max,completed,2026-09-20T18:19:18.662Z,2026-09-20T18:20:07.612Z,323798,319168,0,2966,,
sqlstorm-tpcds-glm-standard,230,0,GLM-5.3-Flash,max,completed,2026-09-20T18:20:07.999Z,2026-09-20T18:21:42.026Z,326828,323776,0,2671,,
sqlstorm-tpcds-glm-standard,231,0,GLM-5.3-Flash,max,completed,2026-09-20T18:21:42.412Z,2026-09-20T18:21:48.573Z,329526,326784,0,147,,
sqlstorm-tpcds-glm-standard,232,0,GLM-5.3-Flash,max,completed,2026-09-20T18:21:49.148Z,2026-09-20T18:22:18.182Z,330071,329472,0,904,,
sqlstorm-tpcds-glm-standard,233,0,GLM-5.3-Flash,max,completed,2026-09-20T18:22:18.375Z,2026-09-20T18:22:32.838Z,331062,330048,0,737,,
sqlstorm-tpcds-glm-standard,234,0,GLM-5.3-Flash,max,completed,2026-09-20T18:22:39.448Z,2026-09-20T18:22:55.791Z,331812,331008,0,464,,
sqlstorm-tpcds-glm-standard,235,0,GLM-5.3-Flash,max,completed,2026-09-20T18:22:57.445Z,2026-09-20T18:23:11.516Z,332290,331776,0,462,,
sqlstorm-tpcds-glm-standard,236,0,GLM-5.3-Flash,max,completed,2026-09-20T18:23:11.896Z,2026-09-20T18:23:25.877Z,333097,332288,0,557,,
sqlstorm-tpcds-glm-standard,237,0,GLM-5.3-Flash,max,completed,2026-09-20T18:23:25.975Z,2026-09-20T18:23:37.523Z,333733,333056,0,368,,
sqlstorm-tpcds-glm-standard,238,0,GLM-5.3-Flash,max,completed,2026-09-20T18:23:39.011Z,2026-09-20T18:24:24.228Z,334450,333696,0,1481,,
sqlstorm-tpcds-glm-standard,239,0,GLM-5.3-Flash,max,completed,2026-09-20T18:24:26.014Z,2026-09-20T18:24:52.894Z,336185,334400,0,786,,
sqlstorm-tpcds-glm-standard,240,0,GLM-5.3-Flash,max,completed,2026-09-20T18:24:54.329Z,2026-09-20T18:25:41.228Z,337112,336128,0,1570,,
sqlstorm-tpcds-glm-standard,241,0,GLM-5.3-Flash,max,completed,2026-09-20T18:25:42.742Z,2026-09-20T18:26:25.053Z,338769,337088,0,1761,,
sqlstorm-tpcds-glm-standard,242,0,GLM-5.3-Flash,max,completed,2026-09-20T18:26:32.164Z,2026-09-20T18:28:07.872Z,340578,338752,0,4789,,
sqlstorm-tpcds-glm-standard,243,0,GLM-5.3-Flash,max,completed,2026-09-20T18:28:16.295Z,2026-09-20T18:28:38.182Z,345416,340544,0,886,,
sqlstorm-tpcds-glm-standard,244,0,GLM-5.3-Flash,max,completed,2026-09-20T18:28:49.272Z,2026-09-20T18:29:17.707Z,346446,345408,0,900,,
sqlstorm-tpcds-glm-standard,245,0,GLM-5.3-Flash,max,completed,2026-09-20T18:29:29.811Z,2026-09-20T18:30:27.539Z,347527,346432,0,2217,,
sqlstorm-tpcds-glm-standard,246,0,GLM-5.3-Flash,max,completed,2026-09-20T18:30:29.229Z,2026-09-20T18:31:20.382Z,349961,347520,0,1956,,
sqlstorm-tpcds-glm-standard,247,0,GLM-5.3-Flash,max,completed,2026-09-20T18:31:22.046Z,2026-09-20T18:32:36.649Z,352146,349952,0,2566,,
sqlstorm-tpcds-glm-standard,248,0,GLM-5.3-Flash,max,completed,2026-09-20T18:32:38.465Z,2026-09-20T18:33:00.939Z,355006,352128,0,731,,
sqlstorm-tpcds-glm-standard,249,0,GLM-5.3-Flash,max,completed,2026-09-20T18:33:02.637Z,2026-09-20T18:33:08.820Z,356161,354944,0,179,,
sqlstorm-tpcds-glm-standard,250,0,GLM-5.3-Flash,max,completed,2026-09-20T18:33:09.063Z,2026-09-20T18:33:29.213Z,356489,356160,0,757,,
sqlstorm-tpcds-glm-standard,251,0,GLM-5.3-Flash,max,completed,2026-09-20T18:35:00.846Z,2026-09-20T18:35:14.064Z,357330,356480,0,452,,
sqlstorm-tpcds-glm-standard,252,0,GLM-5.3-Flash,max,completed,2026-09-20T18:36:41.935Z,2026-09-20T18:36:49.491Z,357828,357312,0,124,,
sqlstorm-tpcds-glm-standard,253,0,GLM-5.3-Flash,max,completed,2026-09-20T18:36:49.577Z,2026-09-20T18:36:54.227Z,358026,357824,0,59,,
sqlstorm-tpcds-glm-standard,254,0,GLM-5.3-Flash,max,completed,2026-09-20T18:36:54.309Z,2026-09-20T18:36:59.356Z,358164,358016,0,31,,
sqlstorm-tpcds-glm-standard,255,0,GLM-5.3-Flash,max,completed,2026-09-20T18:36:59.428Z,2026-09-20T18:37:25.541Z,358722,358144,0,864,,
sqlstorm-tpcds-glm-standard,256,0,GLM-5.3-Flash,max,completed,2026-09-20T18:37:36.875Z,2026-09-20T18:37:53.999Z,359604,358720,0,369,,
sqlstorm-tpcds-glm-standard,257,0,GLM-5.3-Flash,max,completed,2026-09-20T18:39:21.494Z,2026-09-20T18:40:05.487Z,360017,359552,0,1303,,
sqlstorm-tpcds-glm-standard,258,0,GLM-5.3-Flash,max,completed,2026-09-20T18:40:05.635Z,2026-09-20T18:40:24.864Z,361386,360000,0,952,,
sqlstorm-tpcds-glm-standard,259,0,GLM-5.3-Flash,max,completed,2026-09-20T18:40:25.027Z,2026-09-20T18:40:33.541Z,362581,361344,0,196,,
sqlstorm-tpcds-glm-standard,260,0,GLM-5.3-Flash,max,completed,2026-09-20T18:40:33.618Z,2026-09-20T18:41:06.515Z,363140,362560,0,2295,,
sqlstorm-tpcds-glm-standard,261,0,GLM-5.3-Flash,max,completed,2026-09-20T18:41:14.590Z,2026-09-20T18:41:57.108Z,365481,363136,0,1536,,
sqlstorm-tpcds-glm-standard,262,0,GLM-5.3-Flash,max,completed,2026-09-20T18:42:05.655Z,2026-09-20T18:42:15.539Z,367063,365440,0,299,,
sqlstorm-tpcds-glm-standard,263,0,GLM-5.3-Flash,max,completed,2026-09-20T18:42:46.652Z,2026-09-20T18:43:15.552Z,367443,367040,0,801,,
sqlstorm-tpcds-glm-standard,264,0,GLM-5.3-Flash,max,completed,2026-09-20T18:43:15.690Z,2026-09-20T18:43:24.366Z,368353,367424,0,241,,
sqlstorm-tpcds-glm-standard,265,0,GLM-5.3-Flash,max,completed,2026-09-20T18:43:24.447Z,2026-09-20T18:44:18.665Z,368655,368320,0,1630,,
sqlstorm-tpcds-glm-standard,266,0,GLM-5.3-Flash,max,completed,2026-09-20T18:44:18.858Z,2026-09-20T18:44:26.003Z,370351,368640,0,33,,
sqlstorm-tpcds-glm-standard,267,0,GLM-5.3-Flash,max,completed,2026-09-20T18:45:56.073Z,2026-09-20T18:46:01.637Z,370390,370304,0,41,,
sqlstorm-tpcds-glm-standard,268,0,GLM-5.3-Flash,max,completed,2026-09-20T18:46:01.769Z,2026-09-20T18:46:44.766Z,370982,370368,0,1704,,
sqlstorm-tpcds-glm-standard,269,0,GLM-5.3-Flash,max,completed,2026-09-20T18:46:58.629Z,2026-09-20T18:47:17.619Z,372742,370944,0,618,,
sqlstorm-tpcds-glm-standard,270,0,GLM-5.3-Flash,max,completed,2026-09-20T18:47:17.732Z,2026-09-20T18:47:25.405Z,373728,372736,0,236,,
sqlstorm-tpcds-glm-standard,271,0,GLM-5.3-Flash,max,completed,2026-09-20T18:47:25.487Z,2026-09-20T18:47:43.355Z,374337,373696,0,524,,
sqlstorm-tpcds-glm-standard,272,0,GLM-5.3-Flash,max,completed,2026-09-20T18:47:52.402Z,2026-09-20T18:48:07.808Z,375058,374336,0,645,,
sqlstorm-tpcds-glm-standard,273,0,GLM-5.3-Flash,max,completed,2026-09-20T18:48:14.219Z,2026-09-20T18:48:58.393Z,375720,375040,0,719,,
sqlstorm-tpcds-glm-standard,274,0,GLM-5.3-Flash,max,completed,2026-09-20T18:49:58.548Z,2026-09-20T18:50:48.168Z,376471,375680,0,1890,,
sqlstorm-tpcds-glm-standard,275,0,GLM-5.3-Flash,max,completed,2026-09-20T18:54:07.226Z,2026-09-20T18:54:14.611Z,378787,376448,0,111,,
sqlstorm-tpcds-glm-standard,276,0,GLM-5.3-Flash,max,completed,2026-09-20T18:54:14.874Z,2026-09-20T18:54:33.234Z,378951,378752,0,636,,
sqlstorm-tpcds-glm-standard,277,0,GLM-5.3-Flash,max,completed,2026-09-20T18:56:02.550Z,2026-09-20T18:56:10.546Z,379641,378944,0,225,,
sqlstorm-tpcds-glm-standard,278,0,GLM-5.3-Flash,max,completed,2026-09-20T18:56:29.211Z,2026-09-20T18:56:34.659Z,379915,379584,0,30,,
sqlstorm-tpcds-glm-standard,279,0,GLM-5.3-Flash,max,completed,2026-09-20T18:56:34.742Z,2026-09-20T18:57:28.683Z,380009,379904,0,1974,,
sqlstorm-tpcds-glm-standard,280,0,GLM-5.3-Flash,max,completed,2026-09-20T18:57:28.851Z,2026-09-20T18:57:34.483Z,382043,379968,0,39,,
sqlstorm-tpcds-glm-standard,281,0,GLM-5.3-Flash,max,completed,2026-09-20T18:57:34.566Z,2026-09-20T18:57:39.396Z,382393,382016,0,36,,
sqlstorm-tpcds-glm-standard,282,0,GLM-5.3-Flash,max,completed,2026-09-20T18:59:39.480Z,2026-09-20T18:59:45.143Z,382437,382336,0,39,,
sqlstorm-tpcds-glm-standard,283,0,GLM-5.3-Flash,max,completed,2026-09-20T18:59:45.207Z,2026-09-20T18:59:52.717Z,382540,382400,0,31,,
sqlstorm-tpcds-glm-standard,284,0,GLM-5.3-Flash,max,completed,2026-09-20T19:02:22.783Z,2026-09-20T19:02:27.970Z,382576,382528,0,39,,
sqlstorm-tpcds-glm-standard,285,0,GLM-5.3-Flash,max,completed,2026-09-20T19:02:28.070Z,2026-09-20T19:02:43.175Z,383165,382528,0,357,,
sqlstorm-tpcds-glm-standard,286,0,GLM-5.3-Flash,max,completed,2026-09-20T19:02:43.270Z,2026-09-20T19:02:47.645Z,383584,383104,0,32,,
sqlstorm-tpcds-glm-standard,287,0,GLM-5.3-Flash,max,completed,2026-09-20T19:06:47.728Z,2026-09-20T19:07:22.256Z,383622,383552,0,37,,
sqlstorm-tpcds-glm-standard,288,0,GLM-5.3-Flash,max,completed,2026-09-20T19:07:22.319Z,2026-09-20T19:07:30.067Z,383721,383616,0,34,,
sqlstorm-tpcds-glm-standard,289,0,GLM-5.3-Flash,max,completed,2026-09-20T19:12:10.141Z,2026-09-20T19:12:15.539Z,383762,383680,0,37,,
sqlstorm-tpcds-glm-standard,290,0,GLM-5.3-Flash,max,completed,2026-09-20T19:12:15.610Z,2026-09-20T19:12:21.481Z,383861,383744,0,36,,
sqlstorm-tpcds-glm-standard,291,0,GLM-5.3-Flash,max,completed,2026-09-20T19:17:11.579Z,2026-09-20T19:17:19.258Z,384150,383808,0,37,,
sqlstorm-tpcds-glm-standard,292,0,GLM-5.3-Flash,max,completed,2026-09-20T19:17:19.319Z,2026-09-20T19:17:26.732Z,384249,384128,0,36,,
sqlstorm-tpcds-glm-standard,293,0,GLM-5.3-Flash,max,completed,2026-09-20T19:22:16.823Z,2026-09-20T19:22:24.004Z,384291,384192,0,37,,
sqlstorm-tpcds-glm-standard,294,0,GLM-5.3-Flash,max,completed,2026-09-20T19:22:24.090Z,2026-09-20T19:22:29.538Z,384390,384256,0,36,,
sqlstorm-tpcds-glm-standard,295,0,GLM-5.3-Flash,max,completed,2026-09-20T19:27:19.614Z,2026-09-20T19:27:29.193Z,384432,384384,0,37,,
sqlstorm-tpcds-glm-standard,296,0,GLM-5.3-Flash,max,completed,2026-09-20T19:27:29.260Z,2026-09-20T19:27:38.235Z,384531,384384,0,93,,
sqlstorm-tpcds-glm-standard,297,0,GLM-5.3-Flash,max,completed,2026-09-20T19:32:28.332Z,2026-09-20T19:33:06.656Z,384630,384512,0,37,,
sqlstorm-tpcds-glm-standard,298,0,GLM-5.3-Flash,max,completed,2026-09-20T19:33:06.715Z,2026-09-20T19:33:11.379Z,384729,384576,0,36,,
sqlstorm-tpcds-glm-standard,299,0,GLM-5.3-Flash,max,completed,2026-09-20T19:38:01.469Z,2026-09-20T19:38:07.348Z,384771,384704,0,37,,
sqlstorm-tpcds-glm-standard,300,0,GLM-5.3-Flash,max,completed,2026-09-20T19:38:07.481Z,2026-09-20T19:38:15.322Z,385390,384768,0,278,,
sqlstorm-tpcds-glm-standard,301,0,GLM-5.3-Flash,max,completed,2026-09-20T19:38:15.566Z,2026-09-20T19:38:23.425Z,386230,385344,0,204,,
sqlstorm-tpcds-glm-standard,302,0,GLM-5.3-Flash,max,completed,2026-09-20T19:38:23.499Z,2026-09-20T19:38:28.414Z,386808,386176,0,41,,
sqlstorm-tpcds-glm-standard,303,0,GLM-5.3-Flash,max,completed,2026-09-20T19:38:28.489Z,2026-09-20T19:38:39.764Z,387274,386752,0,462,,
sqlstorm-tpcds-glm-standard,304,0,GLM-5.3-Flash,max,completed,2026-09-20T19:38:39.856Z,2026-09-20T19:38:52.227Z,391473,387264,0,240,,
sqlstorm-tpcds-glm-standard,305,0,GLM-5.3-Flash,max,completed,2026-09-20T19:43:42.324Z,2026-09-20T19:43:52.030Z,391719,391424,0,41,,
sqlstorm-tpcds-glm-standard,306,0,GLM-5.3-Flash,max,completed,2026-09-20T19:43:52.097Z,2026-09-20T19:43:56.920Z,392185,391680,0,35,,
sqlstorm-tpcds-glm-standard,307,0,GLM-5.3-Flash,max,completed,2026-09-20T19:48:47.011Z,2026-09-20T19:48:52.642Z,392226,392128,0,41,,
sqlstorm-tpcds-glm-standard,308,0,GLM-5.3-Flash,max,completed,2026-09-20T19:48:52.718Z,2026-09-20T19:48:57.994Z,392692,392192,0,37,,
sqlstorm-tpcds-glm-standard,309,0,GLM-5.3-Flash,max,completed,2026-09-20T19:53:48.079Z,2026-09-20T19:53:55.556Z,392735,392640,0,41,,
sqlstorm-tpcds-glm-standard,310,0,GLM-5.3-Flash,max,completed,2026-09-20T19:53:55.617Z,2026-09-20T19:54:31.427Z,404141,392704,0,1270,,
sqlstorm-tpcds-glm-standard,311,0,GLM-5.3-Flash,max,completed,2026-09-20T19:54:31.598Z,2026-09-20T19:55:07.663Z,405610,404096,0,1827,,
sqlstorm-tpcds-glm-standard,312,0,GLM-5.3-Flash,max,completed,2026-09-20T19:55:07.834Z,2026-09-20T19:55:18.309Z,407714,405568,0,150,,
sqlstorm-tpcds-glm-standard,313,0,GLM-5.3-Flash,max,completed,2026-09-20T19:55:18.402Z,2026-09-20T19:55:51.298Z,408163,407680,0,1357,,
sqlstorm-tpcds-glm-standard,314,0,GLM-5.3-Flash,max,completed,2026-09-20T19:55:51.493Z,2026-09-20T19:56:05.817Z,409583,408128,0,296,,
sqlstorm-tpcds-glm-standard,315,0,GLM-5.3-Flash,max,completed,2026-09-20T19:56:05.918Z,2026-09-20T19:56:13.490Z,410029,409536,0,170,,
sqlstorm-tpcds-glm-standard,316,0,GLM-5.3-Flash,max,completed,2026-09-20T19:56:13.718Z,2026-09-20T19:56:28.136Z,410501,409984,0,372,,
sqlstorm-tpcds-glm-standard,317,0,GLM-5.3-Flash,max,completed,2026-09-20T19:56:28.225Z,2026-09-20T19:56:52.873Z,411267,410496,0,896,,
sqlstorm-tpcds-glm-decode-first,1,0,GLM-5.3-Flash,max,completed,2026-09-20T16:05:21.380Z,2026-09-20T16:05:28.410Z,14996,1792,0,205,,
sqlstorm-tpcds-glm-decode-first,2,0,GLM-5.3-Flash,max,completed,2026-09-20T16:05:28.514Z,2026-09-20T16:05:33.073Z,16044,14976,0,144,,
sqlstorm-tpcds-glm-decode-first,3,0,GLM-5.3-Flash,max,completed,2026-09-20T16:05:33.137Z,2026-09-20T16:05:39.462Z,17326,16000,0,88,,
sqlstorm-tpcds-glm-decode-first,4,0,GLM-5.3-Flash,max,completed,2026-09-20T16:05:39.508Z,2026-09-20T16:05:41.460Z,18059,17280,0,12,,
sqlstorm-tpcds-glm-decode-first,5,0,GLM-5.3-Flash,max,completed,2026-09-20T16:05:41.509Z,2026-09-20T16:05:46.171Z,19006,18048,0,12,,
sqlstorm-tpcds-glm-decode-first,6,0,GLM-5.3-Flash,max,completed,2026-09-20T16:05:46.217Z,2026-09-20T16:05:51.965Z,21106,18944,0,54,,
sqlstorm-tpcds-glm-decode-first,7,0,GLM-5.3-Flash,max,completed,2026-09-20T16:05:52.019Z,2026-09-20T16:05:57.902Z,21394,21056,0,85,,
sqlstorm-tpcds-glm-decode-first,8,0,GLM-5.3-Flash,max,completed,2026-09-20T16:05:57.950Z,2026-09-20T16:06:02.435Z,23287,21376,0,105,,
sqlstorm-tpcds-glm-decode-first,9,0,GLM-5.3-Flash,max,completed,2026-09-20T16:06:02.482Z,2026-09-20T16:09:05.296Z,29316,23232,0,5462,,
sqlstorm-tpcds-glm-decode-first,10,0,GLM-5.3-Flash,max,completed,2026-09-20T16:09:05.640Z,2026-09-20T16:09:15.694Z,35098,29312,0,324,,
sqlstorm-tpcds-glm-decode-first,11,0,GLM-5.3-Flash,max,completed,2026-09-20T16:09:16.391Z,2026-09-20T16:09:31.471Z,36092,35072,0,409,,
sqlstorm-tpcds-glm-decode-first,12,0,GLM-5.3-Flash,max,completed,2026-09-20T16:09:31.522Z,2026-09-20T16:09:39.037Z,36703,36032,0,133,,
sqlstorm-tpcds-glm-decode-first,13,0,GLM-5.3-Flash,max,completed,2026-09-20T16:09:39.112Z,2026-09-20T16:09:50.696Z,36965,36672,0,340,,
sqlstorm-tpcds-glm-decode-first,14,0,GLM-5.3-Flash,max,completed,2026-09-20T16:10:38.090Z,2026-09-20T16:11:12.653Z,37667,36928,0,936,,
sqlstorm-tpcds-glm-decode-first,15,0,GLM-5.3-Flash,max,completed,2026-09-20T16:11:32.457Z,2026-09-20T16:12:46.046Z,39025,37632,0,2178,,
sqlstorm-tpcds-glm-decode-first,16,0,GLM-5.3-Flash,max,completed,2026-09-20T16:12:46.233Z,2026-09-20T16:13:19.232Z,41214,38976,0,97,,
sqlstorm-tpcds-glm-decode-first,17,0,GLM-5.3-Flash,max,completed,2026-09-20T16:13:19.296Z,2026-09-20T16:14:02.221Z,41465,41152,0,1609,,
sqlstorm-tpcds-glm-decode-first,18,0,GLM-5.3-Flash,max,completed,2026-09-20T16:14:02.510Z,2026-09-20T16:14:11.844Z,44746,41408,0,248,,
sqlstorm-tpcds-glm-decode-first,19,0,GLM-5.3-Flash,max,completed,2026-09-20T16:14:12.070Z,2026-09-20T16:14:19.835Z,45128,44736,0,228,,
sqlstorm-tpcds-glm-decode-first,20,0,GLM-5.3-Flash,max,completed,2026-09-20T16:14:36.980Z,2026-09-20T16:18:31.790Z,45974,45120,0,6476,,
sqlstorm-tpcds-glm-decode-first,21,0,GLM-5.3-Flash,max,completed,2026-09-20T16:18:32.188Z,2026-09-20T16:18:46.900Z,53926,45952,0,342,,
sqlstorm-tpcds-glm-decode-first,22,0,GLM-5.3-Flash,max,completed,2026-09-20T16:18:46.991Z,2026-09-20T16:18:52.824Z,54558,53888,0,222,,
sqlstorm-tpcds-glm-decode-first,23,0,GLM-5.3-Flash,max,completed,2026-09-20T16:18:52.882Z,2026-09-20T16:31:07.674Z,55149,54528,0,21291,,
sqlstorm-tpcds-glm-decode-first,24,0,GLM-5.3-Flash,max,completed,2026-09-20T16:31:09.043Z,2026-09-20T16:35:13.841Z,76506,0,0,10135,,
sqlstorm-tpcds-glm-decode-first,25,0,GLM-5.3-Flash,max,completed,2026-09-20T16:35:14.490Z,2026-09-20T16:38:18.578Z,86704,76480,0,6239,,
sqlstorm-tpcds-glm-decode-first,26,0,GLM-5.3-Flash,max,completed,2026-09-20T16:38:19.051Z,2026-09-20T16:41:32.126Z,93008,86656,0,9270,,
sqlstorm-tpcds-glm-decode-first,27,0,GLM-5.3-Flash,max,completed,2026-09-20T16:41:32.744Z,2026-09-20T16:43:26.604Z,102345,92992,0,3099,,
sqlstorm-tpcds-glm-decode-first,28,0,GLM-5.3-Flash,max,completed,2026-09-20T16:43:26.859Z,2026-09-20T16:43:33.571Z,105511,102336,0,248,,
sqlstorm-tpcds-glm-decode-first,29,0,GLM-5.3-Flash,max,completed,2026-09-20T16:43:33.665Z,2026-09-20T16:43:39.913Z,105826,105472,0,186,,
sqlstorm-tpcds-glm-decode-first,30,0,GLM-5.3-Flash,max,completed,2026-09-20T16:43:40.012Z,2026-09-20T16:44:12.272Z,106079,105792,0,1380,,
sqlstorm-tpcds-glm-decode-first,31,0,GLM-5.3-Flash,max,completed,2026-09-20T16:44:12.437Z,2026-09-20T16:44:19.462Z,107523,106048,0,112,,
sqlstorm-tpcds-glm-decode-first,32,0,GLM-5.3-Flash,max,completed,2026-09-20T16:44:19.653Z,2026-09-20T16:44:27.421Z,107776,107520,0,152,,
sqlstorm-tpcds-glm-decode-first,33,0,GLM-5.3-Flash,max,completed,2026-09-20T16:44:28.945Z,2026-09-20T16:44:39.345Z,108591,107776,0,226,,
sqlstorm-tpcds-glm-decode-first,34,0,GLM-5.3-Flash,max,completed,2026-09-20T16:44:42.978Z,2026-09-20T16:47:29.500Z,109050,108544,0,4885,,
sqlstorm-tpcds-glm-decode-first,35,0,GLM-5.3-Flash,max,completed,2026-09-20T16:47:29.851Z,2026-09-20T16:47:41.576Z,114002,108992,0,564,,
sqlstorm-tpcds-glm-decode-first,36,0,GLM-5.3-Flash,max,completed,2026-09-20T16:47:41.687Z,2026-09-20T16:47:48.133Z,114633,113984,0,104,,
sqlstorm-tpcds-glm-decode-first,37,0,GLM-5.3-Flash,max,completed,2026-09-20T16:47:48.221Z,2026-09-20T16:47:57.748Z,114804,114624,0,228,,
sqlstorm-tpcds-glm-decode-first,38,0,GLM-5.3-Flash,max,completed,2026-09-20T16:47:57.831Z,2026-09-20T16:48:01.213Z,115071,114752,0,50,,
sqlstorm-tpcds-glm-decode-first,39,0,GLM-5.3-Flash,max,completed,2026-09-20T16:48:01.252Z,2026-09-20T16:48:11.286Z,117830,115008,0,251,,
sqlstorm-tpcds-glm-decode-first,40,0,GLM-5.3-Flash,max,completed,2026-09-20T16:48:11.379Z,2026-09-20T16:48:18.034Z,118148,117824,0,201,,
sqlstorm-tpcds-glm-decode-first,41,0,GLM-5.3-Flash,max,completed,2026-09-20T16:48:18.129Z,2026-09-20T16:48:32.372Z,118416,118144,0,623,,
sqlstorm-tpcds-glm-decode-first,42,0,GLM-5.3-Flash,max,completed,2026-09-20T16:48:32.492Z,2026-09-20T16:48:45.076Z,119106,118400,0,219,,
sqlstorm-tpcds-glm-decode-first,43,0,GLM-5.3-Flash,max,completed,2026-09-20T16:48:45.179Z,2026-09-20T16:48:50.408Z,119614,119104,0,162,,
sqlstorm-tpcds-glm-decode-first,44,0,GLM-5.3-Flash,max,completed,2026-09-20T16:58:50.521Z,2026-09-20T16:59:01.781Z,119925,0,0,50,,
sqlstorm-tpcds-glm-decode-first,45,0,GLM-5.3-Flash,max,completed,2026-09-20T17:06:01.840Z,2026-09-20T17:09:54.636Z,120223,119872,0,7389,,
sqlstorm-tpcds-glm-decode-first,46,0,GLM-5.3-Flash,max,completed,2026-09-20T17:09:55.258Z,2026-09-20T17:10:02.045Z,127679,120192,0,112,,
sqlstorm-tpcds-glm-decode-first,47,0,GLM-5.3-Flash,max,completed,2026-09-20T17:20:02.180Z,2026-09-20T17:20:06.381Z,127941,127616,0,51,,
sqlstorm-tpcds-glm-decode-first,48,0,GLM-5.3-Flash,max,completed,2026-09-20T17:29:56.485Z,2026-09-20T17:31:58.346Z,128240,127936,0,4191,,
sqlstorm-tpcds-glm-decode-first,49,0,GLM-5.3-Flash,max,completed,2026-09-20T17:31:59.275Z,2026-09-20T17:32:05.278Z,132498,128192,0,139,,
sqlstorm-tpcds-glm-decode-first,50,0,GLM-5.3-Flash,max,completed,2026-09-20T17:32:05.490Z,2026-09-20T17:32:18.681Z,132704,132480,0,318,,
sqlstorm-tpcds-glm-decode-first,51,0,GLM-5.3-Flash,max,completed,2026-09-20T17:32:18.974Z,2026-09-20T17:32:22.653Z,133177,132672,0,55,,
sqlstorm-tpcds-glm-decode-first,52,0,GLM-5.3-Flash,max,completed,2026-09-20T17:42:12.663Z,2026-09-20T17:42:42.447Z,133649,133120,0,240,,
sqlstorm-tpcds-glm-decode-first,53,0,GLM-5.3-Flash,max,completed,2026-09-20T17:42:42.851Z,2026-09-20T17:42:54.757Z,134178,133632,0,120,,
sqlstorm-tpcds-glm-decode-first,54,0,GLM-5.3-Flash,max,completed,2026-09-20T17:42:55.265Z,2026-09-20T17:43:09.454Z,134450,134144,0,53,,
sqlstorm-tpcds-glm-decode-first,55,0,GLM-5.3-Flash,max,completed,2026-09-20T17:52:59.483Z,2026-09-20T17:53:10.264Z,134747,134400,0,162,,
sqlstorm-tpcds-glm-decode-first,56,0,GLM-5.3-Flash,max,completed,2026-09-20T18:03:00.369Z,2026-09-20T18:03:13.440Z,135153,1792,0,135,,
sqlstorm-tpcds-glm-decode-first,57,0,GLM-5.3-Flash,max,completed,2026-09-20T18:03:13.942Z,2026-09-20T18:04:18.183Z,136319,135104,0,1710,,
sqlstorm-tpcds-glm-decode-first,58,0,GLM-5.3-Flash,max,completed,2026-09-20T18:04:19.277Z,2026-09-20T18:04:30.025Z,138040,136256,0,147,,
sqlstorm-tpcds-glm-decode-first,59,0,GLM-5.3-Flash,max,completed,2026-09-20T18:04:30.174Z,2026-09-20T18:04:44.150Z,139388,137984,0,580,,
sqlstorm-tpcds-glm-decode-first,60,0,GLM-5.3-Flash,max,completed,2026-09-20T18:04:44.257Z,2026-09-20T18:04:48.088Z,140122,139328,0,54,,
sqlstorm-tpcds-glm-decode-first,61,0,GLM-5.3-Flash,max,completed,2026-09-20T18:14:38.116Z,2026-09-20T18:14:48.766Z,140425,1792,0,53,,
sqlstorm-tpcds-glm-decode-first,62,0,GLM-5.3-Flash,max,completed,2026-09-20T18:21:48.830Z,2026-09-20T18:22:22.979Z,140727,140416,0,1158,,
sqlstorm-tpcds-glm-decode-first,63,0,GLM-5.3-Flash,max,completed,2026-09-20T18:22:23.250Z,2026-09-20T18:22:30.698Z,142265,140672,0,216,,
sqlstorm-tpcds-glm-decode-first,64,0,GLM-5.3-Flash,max,completed,2026-09-20T18:22:30.781Z,2026-09-20T18:22:35.498Z,143140,142208,0,109,,
sqlstorm-tpcds-glm-decode-first,65,0,GLM-5.3-Flash,max,completed,2026-09-20T18:22:35.594Z,2026-09-20T18:22:44.074Z,143373,143104,0,267,,
sqlstorm-tpcds-glm-decode-first,66,0,GLM-5.3-Flash,max,completed,2026-09-20T18:22:44.188Z,2026-09-20T18:22:53.563Z,143795,143360,0,51,,
sqlstorm-tpcds-glm-decode-first,67,0,GLM-5.3-Flash,max,completed,2026-09-20T18:22:53.613Z,2026-09-20T18:23:08.450Z,144275,143744,0,423,,
sqlstorm-tpcds-glm-decode-first,68,0,GLM-5.3-Flash,max,completed,2026-09-20T18:23:08.643Z,2026-09-20T18:23:11.845Z,144847,144256,0,49,,
sqlstorm-tpcds-glm-decode-first,69,0,GLM-5.3-Flash,max,completed,2026-09-20T18:23:21.063Z,2026-09-20T18:24:22.582Z,145370,144832,0,1930,,
sqlstorm-tpcds-glm-decode-first,70,0,GLM-5.3-Flash,max,completed,2026-09-20T18:24:22.791Z,2026-09-20T18:24:26.765Z,147452,145344,0,51,,
sqlstorm-tpcds-glm-decode-first,71,0,GLM-5.3-Flash,max,completed,2026-09-20T18:24:26.991Z,2026-09-20T18:25:07.450Z,148024,147392,0,1400,,
sqlstorm-tpcds-glm-decode-first,72,0,GLM-5.3-Flash,max,completed,2026-09-20T18:25:07.597Z,2026-09-20T18:25:14.422Z,149590,147968,0,183,,
sqlstorm-tpcds-glm-decode-first,73,0,GLM-5.3-Flash,max,completed,2026-09-20T18:25:14.463Z,2026-09-20T18:25:23.406Z,150317,149568,0,447,,
sqlstorm-tpcds-glm-decode-first,74,0,GLM-5.3-Flash,max,completed,2026-09-20T18:25:23.499Z,2026-09-20T18:25:29.130Z,151046,150272,0,163,,
sqlstorm-tpcds-glm-decode-first,75,0,GLM-5.3-Flash,max,completed,2026-09-20T18:25:29.240Z,2026-09-20T18:25:33.089Z,151367,151040,0,54,,
sqlstorm-tpcds-glm-decode-first,76,0,GLM-5.3-Flash,max,completed,2026-09-20T18:25:34.319Z,2026-09-20T18:26:34.889Z,152005,151360,0,2107,,
sqlstorm-tpcds-glm-decode-first,77,0,GLM-5.3-Flash,max,completed,2026-09-20T18:26:35.100Z,2026-09-20T18:26:39.385Z,154179,152000,0,130,,
sqlstorm-tpcds-glm-decode-first,78,0,GLM-5.3-Flash,max,completed,2026-09-20T18:26:39.470Z,2026-09-20T18:26:43.553Z,154464,154176,0,54,,
sqlstorm-tpcds-glm-decode-first,79,0,GLM-5.3-Flash,max,completed,2026-09-20T18:26:44.075Z,2026-09-20T18:26:56.183Z,154979,154432,0,314,,
sqlstorm-tpcds-glm-decode-first,80,0,GLM-5.3-Flash,max,completed,2026-09-20T18:26:56.266Z,2026-09-20T18:27:00.641Z,155360,154944,0,119,,
sqlstorm-tpcds-glm-decode-first,81,0,GLM-5.3-Flash,max,completed,2026-09-20T18:27:00.741Z,2026-09-20T18:27:04.051Z,155634,155328,0,54,,
sqlstorm-tpcds-glm-decode-first,82,0,GLM-5.3-Flash,max,completed,2026-09-20T18:27:08.335Z,2026-09-20T18:28:51.468Z,156735,155584,0,3563,,
sqlstorm-tpcds-glm-decode-first,83,0,GLM-5.3-Flash,max,completed,2026-09-20T18:28:51.994Z,2026-09-20T18:28:57.006Z,160365,156672,0,181,,
sqlstorm-tpcds-glm-decode-first,84,0,GLM-5.3-Flash,max,completed,2026-09-20T18:28:57.084Z,2026-09-20T18:29:05.202Z,160828,160320,0,214,,
sqlstorm-tpcds-glm-decode-first,85,0,GLM-5.3-Flash,max,completed,2026-09-20T18:29:05.283Z,2026-09-20T18:29:12.368Z,161109,160768,0,310,,
sqlstorm-tpcds-glm-decode-first,86,0,GLM-5.3-Flash,max,completed,2026-09-20T18:29:12.441Z,2026-09-20T18:29:25.891Z,161486,161088,0,182,,
sqlstorm-tpcds-glm-decode-first,87,0,GLM-5.3-Flash,max,completed,2026-09-20T18:29:25.978Z,2026-09-20T18:29:32.058Z,161821,161472,0,52,,
sqlstorm-tpcds-glm-decode-first,88,0,GLM-5.3-Flash,max,completed,2026-09-20T18:29:32.100Z,2026-09-20T18:31:23.453Z,162554,161792,0,4701,,
sqlstorm-tpcds-glm-decode-first,89,0,GLM-5.3-Flash,max,completed,2026-09-20T18:31:24.641Z,2026-09-20T18:32:00.113Z,168333,162496,0,1487,,
sqlstorm-tpcds-glm-decode-first,90,0,GLM-5.3-Flash,max,completed,2026-09-20T18:32:00.713Z,2026-09-20T18:33:20.810Z,170235,168320,0,3337,,
sqlstorm-tpcds-glm-decode-first,91,0,GLM-5.3-Flash,max,completed,2026-09-20T18:33:21.112Z,2026-09-20T18:33:27.958Z,173639,170176,0,133,,
sqlstorm-tpcds-glm-decode-first,92,0,GLM-5.3-Flash,max,completed,2026-09-20T18:33:28.241Z,2026-09-20T18:33:31.757Z,173923,173632,0,52,,
sqlstorm-tpcds-glm-decode-first,93,0,GLM-5.3-Flash,max,completed,2026-09-20T18:33:33.201Z,2026-09-20T18:34:10.172Z,175382,173888,0,1280,,
sqlstorm-tpcds-glm-decode-first,94,0,GLM-5.3-Flash,max,completed,2026-09-20T18:34:10.437Z,2026-09-20T18:34:14.541Z,177030,175360,0,53,,
sqlstorm-tpcds-glm-decode-first,95,0,GLM-5.3-Flash,max,completed,2026-09-20T18:34:15.526Z,2026-09-20T18:35:13.036Z,177822,177024,0,2219,,
sqlstorm-tpcds-glm-decode-first,96,0,GLM-5.3-Flash,max,completed,2026-09-20T18:35:13.269Z,2026-09-20T18:35:21.025Z,180051,177792,0,269,,
sqlstorm-tpcds-glm-decode-first,97,0,GLM-5.3-Flash,max,completed,2026-09-20T18:35:21.118Z,2026-09-20T18:35:24.333Z,180359,180032,0,62,,
sqlstorm-tpcds-glm-decode-first,98,0,GLM-5.3-Flash,max,completed,2026-09-20T18:35:24.380Z,2026-09-20T18:35:30.036Z,181410,180352,0,193,,
sqlstorm-tpcds-glm-decode-first,99,0,GLM-5.3-Flash,max,completed,2026-09-20T18:35:30.151Z,2026-09-20T18:35:34.330Z,181670,181376,0,154,,
sqlstorm-tpcds-glm-decode-first,100,0,GLM-5.3-Flash,max,completed,2026-09-20T18:35:39.354Z,2026-09-20T18:36:19.805Z,182259,181632,0,1405,,
sqlstorm-tpcds-glm-decode-first,101,0,GLM-5.3-Flash,max,completed,2026-09-20T18:36:25.393Z,2026-09-20T18:37:19.810Z,183912,182208,0,2062,,
sqlstorm-tpcds-glm-decode-first,102,0,GLM-5.3-Flash,max,completed,2026-09-20T18:37:24.001Z,2026-09-20T18:38:18.386Z,186277,183872,0,1810,,
sqlstorm-tpcds-glm-decode-first,103,0,GLM-5.3-Flash,max,completed,2026-09-20T18:38:19.482Z,2026-09-20T18:38:27.592Z,188829,186240,0,250,,
sqlstorm-tpcds-glm-decode-first,104,0,GLM-5.3-Flash,max,completed,2026-09-20T18:38:28.061Z,2026-09-20T18:39:01.399Z,190179,188800,0,1117,,
sqlstorm-tpcds-glm-decode-first,105,0,GLM-5.3-Flash,max,completed,2026-09-20T18:39:01.580Z,2026-09-20T18:39:16.147Z,191335,190144,0,597,,
sqlstorm-tpcds-glm-decode-first,106,0,GLM-5.3-Flash,max,completed,2026-09-20T18:39:16.342Z,2026-09-20T18:39:19.882Z,192088,191296,0,52,,
sqlstorm-tpcds-glm-decode-first,107,0,GLM-5.3-Flash,max,completed,2026-09-20T18:39:22.113Z,2026-09-20T18:39:29.238Z,192999,192064,0,148,,
sqlstorm-tpcds-glm-decode-first,108,0,GLM-5.3-Flash,max,completed,2026-09-20T18:39:29.344Z,2026-09-20T18:39:32.750Z,193302,192960,0,54,,
sqlstorm-tpcds-glm-decode-first,109,0,GLM-5.3-Flash,max,completed,2026-09-20T18:39:32.842Z,2026-09-20T18:41:01.241Z,193880,193280,0,3979,,
sqlstorm-tpcds-glm-decode-first,110,0,GLM-5.3-Flash,max,completed,2026-09-20T18:41:01.611Z,2026-09-20T18:41:11.235Z,197922,193856,0,392,,
sqlstorm-tpcds-glm-decode-first,111,0,GLM-5.3-Flash,max,completed,2026-09-20T18:41:11.385Z,2026-09-20T18:41:15.556Z,198465,197888,0,52,,
sqlstorm-tpcds-glm-decode-first,112,0,GLM-5.3-Flash,max,completed,2026-09-20T18:41:15.600Z,2026-09-20T18:41:24.654Z,198884,198464,0,106,,
sqlstorm-tpcds-glm-decode-first,113,0,GLM-5.3-Flash,max,completed,2026-09-20T18:41:24.763Z,2026-09-20T18:41:29.670Z,199001,198848,0,165,,
sqlstorm-tpcds-glm-decode-first,114,0,GLM-5.3-Flash,max,completed,2026-09-20T18:41:31.926Z,2026-09-20T18:41:47.686Z,199627,198976,0,197,,
sqlstorm-tpcds-glm-decode-first,115,0,GLM-5.3-Flash,max,completed,2026-09-20T18:41:49.399Z,2026-09-20T18:41:58.334Z,199890,199616,0,235,,
sqlstorm-tpcds-glm-decode-first,116,0,GLM-5.3-Flash,max,completed,2026-09-20T18:42:00.263Z,2026-09-20T18:42:09.604Z,200204,199872,0,426,,
sqlstorm-tpcds-glm-decode-first,117,0,GLM-5.3-Flash,max,completed,2026-09-20T18:42:11.410Z,2026-09-20T18:43:04.695Z,200684,200192,0,1459,,
sqlstorm-tpcds-glm-decode-first,118,0,GLM-5.3-Flash,max,completed,2026-09-20T18:43:04.894Z,2026-09-20T18:43:46.099Z,202200,200640,0,1146,,
sqlstorm-tpcds-glm-decode-first,119,0,GLM-5.3-Flash,max,completed,2026-09-20T18:43:46.316Z,2026-09-20T18:44:51.189Z,203685,202176,0,2324,,
sqlstorm-tpcds-glm-decode-first,120,0,GLM-5.3-Flash,max,completed,2026-09-20T18:44:51.414Z,2026-09-20T18:44:59.171Z,206074,203648,0,145,,
sqlstorm-tpcds-glm-decode-first,121,0,GLM-5.3-Flash,max,completed,2026-09-20T18:44:59.670Z,2026-09-20T18:45:10.031Z,206283,206016,0,264,,
sqlstorm-tpcds-glm-decode-first,122,0,GLM-5.3-Flash,max,completed,2026-09-20T18:45:10.159Z,2026-09-20T18:45:13.809Z,206699,206272,0,50,,
sqlstorm-tpcds-glm-decode-first,123,0,GLM-5.3-Flash,max,completed,2026-09-20T18:45:14.383Z,2026-09-20T18:47:23.780Z,207237,206656,0,4077,,
sqlstorm-tpcds-glm-decode-first,124,0,GLM-5.3-Flash,max,completed,2026-09-20T18:47:24.293Z,2026-09-20T18:47:31.135Z,211568,207232,0,258,,
sqlstorm-tpcds-glm-decode-first,125,0,GLM-5.3-Flash,max,completed,2026-09-20T18:47:31.269Z,2026-09-20T18:47:37.844Z,211978,211520,0,52,,
sqlstorm-tpcds-glm-decode-first,126,0,GLM-5.3-Flash,max,completed,2026-09-20T18:47:39.222Z,2026-09-20T18:48:23.273Z,212530,211968,0,1566,,
sqlstorm-tpcds-glm-decode-first,127,0,GLM-5.3-Flash,max,completed,2026-09-20T18:48:23.669Z,2026-09-20T18:48:33.423Z,214251,212480,0,54,,
sqlstorm-tpcds-glm-decode-first,128,0,GLM-5.3-Flash,max,completed,2026-09-20T18:48:33.473Z,2026-09-20T18:49:57.167Z,214783,214208,0,2350,,
sqlstorm-tpcds-glm-decode-first,129,0,GLM-5.3-Flash,max,completed,2026-09-20T18:49:57.554Z,2026-09-20T18:50:04.671Z,217287,214720,0,53,,
sqlstorm-tpcds-glm-decode-first,130,0,GLM-5.3-Flash,max,completed,2026-09-20T18:50:23.426Z,2026-09-20T18:50:52.657Z,217880,217280,0,1118,,
sqlstorm-tpcds-glm-decode-first,131,0,GLM-5.3-Flash,max,completed,2026-09-20T18:50:52.938Z,2026-09-20T18:51:00.786Z,219151,217856,0,55,,
sqlstorm-tpcds-glm-decode-first,132,0,GLM-5.3-Flash,max,completed,2026-09-20T18:51:00.988Z,2026-09-20T18:52:21.762Z,219681,219136,0,2743,,
sqlstorm-tpcds-glm-decode-first,133,0,GLM-5.3-Flash,max,completed,2026-09-20T18:52:22.243Z,2026-09-20T18:52:26.585Z,222575,219648,0,52,,
sqlstorm-tpcds-glm-decode-first,134,0,GLM-5.3-Flash,max,completed,2026-09-20T18:52:36.331Z,2026-09-20T18:54:47.623Z,223347,222528,0,5363,,
sqlstorm-tpcds-glm-decode-first,135,0,GLM-5.3-Flash,max,completed,2026-09-20T18:54:48.293Z,2026-09-20T18:55:19.926Z,228740,223296,0,867,,
sqlstorm-tpcds-glm-decode-first,136,0,GLM-5.3-Flash,max,completed,2026-09-20T18:55:20.082Z,2026-09-20T18:55:27.918Z,229646,228736,0,261,,
sqlstorm-tpcds-glm-decode-first,137,0,GLM-5.3-Flash,max,completed,2026-09-20T18:55:28.055Z,2026-09-20T18:55:34.148Z,230059,229632,0,54,,
sqlstorm-tpcds-glm-decode-first,138,0,GLM-5.3-Flash,max,completed,2026-09-20T18:55:44.480Z,2026-09-20T18:56:20.151Z,231016,230016,0,1293,,
sqlstorm-tpcds-glm-decode-first,139,0,GLM-5.3-Flash,max,completed,2026-09-20T18:56:20.359Z,2026-09-20T18:56:24.106Z,232460,230976,0,53,,
sqlstorm-tpcds-glm-decode-first,140,0,GLM-5.3-Flash,max,completed,2026-09-20T18:56:24.168Z,2026-09-20T18:56:30.786Z,233132,232448,0,229,,
sqlstorm-tpcds-glm-decode-first,141,0,GLM-5.3-Flash,max,completed,2026-09-20T18:56:30.886Z,2026-09-20T18:56:34.807Z,233510,233088,0,51,,
sqlstorm-tpcds-glm-decode-first,142,0,GLM-5.3-Flash,max,completed,2026-09-20T18:56:34.857Z,2026-09-20T18:56:41.229Z,233951,233472,0,163,,
sqlstorm-tpcds-glm-decode-first,143,0,GLM-5.3-Flash,max,completed,2026-09-20T18:56:42.653Z,2026-09-20T18:56:54.696Z,234168,233920,0,227,,
sqlstorm-tpcds-glm-decode-first,144,0,GLM-5.3-Flash,max,completed,2026-09-20T18:56:54.789Z,2026-09-20T18:57:01.711Z,234724,234112,0,220,,
sqlstorm-tpcds-glm-decode-first,145,0,GLM-5.3-Flash,max,completed,2026-09-20T18:57:01.767Z,2026-09-20T18:57:06.253Z,235301,234688,0,98,,
sqlstorm-tpcds-glm-decode-first,146,0,GLM-5.3-Flash,max,completed,2026-09-20T18:57:06.470Z,2026-09-20T18:57:17.685Z,235428,235264,0,273,,
sqlstorm-tpcds-glm-decode-first,147,0,GLM-5.3-Flash,max,completed,2026-09-20T18:57:17.789Z,2026-09-20T18:57:32.638Z,235869,235392,0,430,,
sqlstorm-tpcds-glm-decode-first,148,0,GLM-5.3-Flash,max,completed,2026-09-20T18:57:33.049Z,2026-09-20T18:58:04.392Z,236407,235840,0,1269,,
sqlstorm-tpcds-glm-decode-first,149,0,GLM-5.3-Flash,max,completed,2026-09-20T18:58:04.569Z,2026-09-20T18:58:11.440Z,237831,236352,0,53,,
sqlstorm-tpcds-glm-decode-first,150,0,GLM-5.3-Flash,max,completed,2026-09-20T18:58:17.947Z,2026-09-20T18:59:11.970Z,238330,237824,0,1692,,
sqlstorm-tpcds-glm-decode-first,151,0,GLM-5.3-Flash,max,completed,2026-09-20T18:59:12.184Z,2026-09-20T18:59:18.579Z,240169,238272,0,51,,
sqlstorm-tpcds-glm-decode-first,152,0,GLM-5.3-Flash,max,completed,2026-09-20T18:59:22.717Z,2026-09-20T19:00:35.733Z,240633,240128,0,2345,,
sqlstorm-tpcds-glm-decode-first,153,0,GLM-5.3-Flash,max,completed,2026-09-20T19:00:35.976Z,2026-09-20T19:00:43.543Z,243133,240576,0,56,,
sqlstorm-tpcds-glm-decode-first,154,0,GLM-5.3-Flash,max,completed,2026-09-20T19:00:43.592Z,2026-09-20T19:00:50.277Z,243637,243072,0,142,,
sqlstorm-tpcds-glm-decode-first,155,0,GLM-5.3-Flash,max,completed,2026-09-20T19:00:50.373Z,2026-09-20T19:00:56.701Z,244010,243584,0,62,,
sqlstorm-tpcds-glm-decode-first,156,0,GLM-5.3-Flash,max,completed,2026-09-20T19:00:56.747Z,2026-09-20T19:01:44.137Z,244887,243968,0,2856,,
sqlstorm-tpcds-glm-decode-first,157,0,GLM-5.3-Flash,max,completed,2026-09-20T19:01:44.399Z,2026-09-20T19:01:49.051Z,247810,244864,0,116,,
sqlstorm-tpcds-glm-decode-first,158,0,GLM-5.3-Flash,max,completed,2026-09-20T19:01:50.904Z,2026-09-20T19:02:49.265Z,247956,247808,0,2117,,
sqlstorm-tpcds-glm-decode-first,159,0,GLM-5.3-Flash,max,completed,2026-09-20T19:02:49.491Z,2026-09-20T19:02:56.660Z,250080,247936,0,269,,
sqlstorm-tpcds-glm-decode-first,160,0,GLM-5.3-Flash,max,completed,2026-09-20T19:02:56.779Z,2026-09-20T19:03:01.440Z,250504,250048,0,53,,
sqlstorm-tpcds-glm-decode-first,161,0,GLM-5.3-Flash,max,completed,2026-09-20T19:04:18.552Z,2026-09-20T19:05:02.604Z,251360,250496,0,1262,,
sqlstorm-tpcds-glm-decode-first,162,0,GLM-5.3-Flash,max,completed,2026-09-20T19:05:03.071Z,2026-09-20T19:06:20.745Z,252687,251328,0,2557,,
sqlstorm-tpcds-glm-decode-first,163,0,GLM-5.3-Flash,max,completed,2026-09-20T19:06:22.471Z,2026-09-20T19:08:00.372Z,255276,252672,0,3220,,
sqlstorm-tpcds-glm-decode-first,164,0,GLM-5.3-Flash,max,completed,2026-09-20T19:08:00.686Z,2026-09-20T19:08:37.841Z,258563,255232,0,1207,,
sqlstorm-tpcds-glm-decode-first,165,0,GLM-5.3-Flash,max,completed,2026-09-20T19:08:37.998Z,2026-09-20T19:08:43.989Z,260057,258560,0,187,,
sqlstorm-tpcds-glm-decode-first,166,0,GLM-5.3-Flash,max,completed,2026-09-20T19:08:44.079Z,2026-09-20T19:08:48.151Z,260396,260032,0,53,,
sqlstorm-tpcds-glm-decode-first,167,0,GLM-5.3-Flash,max,completed,2026-09-20T19:08:59.309Z,2026-09-20T19:10:10.819Z,261291,260352,0,2419,,
sqlstorm-tpcds-glm-decode-first,168,0,GLM-5.3-Flash,max,completed,2026-09-20T19:10:11.140Z,2026-09-20T19:10:16.259Z,263861,261248,0,52,,
sqlstorm-tpcds-glm-decode-first,169,0,GLM-5.3-Flash,max,completed,2026-09-20T19:10:34.525Z,2026-09-20T19:12:02.643Z,264593,263808,0,2864,,
sqlstorm-tpcds-glm-decode-first,170,0,GLM-5.3-Flash,max,completed,2026-09-20T19:12:02.948Z,2026-09-20T19:12:07.837Z,267612,264576,0,54,,
sqlstorm-tpcds-glm-decode-first,171,0,GLM-5.3-Flash,max,completed,2026-09-20T19:14:24.477Z,2026-09-20T19:15:13.315Z,268224,267584,0,1696,,
sqlstorm-tpcds-glm-decode-first,172,0,GLM-5.3-Flash,max,completed,2026-09-20T19:15:13.497Z,2026-09-20T19:15:18.759Z,270072,268224,0,53,,
sqlstorm-tpcds-glm-decode-first,173,0,GLM-5.3-Flash,max,completed,2026-09-20T19:15:18.804Z,2026-09-20T19:15:32.986Z,270565,270016,0,364,,
sqlstorm-tpcds-glm-decode-first,174,0,GLM-5.3-Flash,max,completed,2026-09-20T19:15:33.184Z,2026-09-20T19:15:37.739Z,271078,270528,0,52,,
sqlstorm-tpcds-glm-decode-first,175,0,GLM-5.3-Flash,max,completed,2026-09-20T19:15:37.793Z,2026-09-20T19:16:32.774Z,271792,271040,0,1861,,
sqlstorm-tpcds-glm-decode-first,176,0,GLM-5.3-Flash,max,completed,2026-09-20T19:16:32.992Z,2026-09-20T19:16:37.145Z,273806,271744,0,52,,
sqlstorm-tpcds-glm-decode-first,177,0,GLM-5.3-Flash,max,completed,2026-09-20T19:18:59.156Z,2026-09-20T19:22:06.707Z,274505,273792,0,5997,,
sqlstorm-tpcds-glm-decode-first,178,0,GLM-5.3-Flash,max,completed,2026-09-20T19:22:07.253Z,2026-09-20T19:22:12.652Z,280654,274496,0,52,,
sqlstorm-tpcds-glm-decode-first,179,0,GLM-5.3-Flash,max,completed,2026-09-20T19:22:13.643Z,2026-09-20T19:23:22.600Z,281277,280640,0,2076,,
sqlstorm-tpcds-glm-decode-first,180,0,GLM-5.3-Flash,max,completed,2026-09-20T19:23:22.846Z,2026-09-20T19:23:34.622Z,283445,281216,0,253,,
sqlstorm-tpcds-glm-decode-first,181,0,GLM-5.3-Flash,max,completed,2026-09-20T19:23:34.755Z,2026-09-20T19:24:05.798Z,283892,283392,0,972,,
sqlstorm-tpcds-glm-decode-first,182,0,GLM-5.3-Flash,max,completed,2026-09-20T19:24:05.914Z,2026-09-20T19:24:48.019Z,284875,283840,0,2461,,
sqlstorm-tpcds-glm-decode-first,183,0,GLM-5.3-Flash,max,completed,2026-09-20T19:24:48.285Z,2026-09-20T19:25:07.859Z,287401,284864,0,728,,
sqlstorm-tpcds-glm-decode-first,184,0,GLM-5.3-Flash,max,completed,2026-09-20T19:25:09.081Z,2026-09-20T19:25:15.022Z,288240,287360,0,71,,
sqlstorm-tpcds-glm-decode-first,185,0,GLM-5.3-Flash,max,completed,2026-09-20T19:25:15.114Z,2026-09-20T19:25:24.028Z,288623,288192,0,196,,
sqlstorm-tpcds-glm-decode-first,186,0,GLM-5.3-Flash,max,completed,2026-09-20T19:25:24.091Z,2026-09-20T19:25:32.221Z,289162,288576,0,291,,
sqlstorm-tpcds-glm-decode-first,187,0,GLM-5.3-Flash,max,completed,2026-09-20T19:25:32.340Z,2026-09-20T19:25:36.712Z,289607,289152,0,52,,
sqlstorm-tpcds-glm-decode-first,188,0,GLM-5.3-Flash,max,completed,2026-09-20T19:25:37.263Z,2026-09-20T19:25:46.357Z,290190,289600,0,341,,
sqlstorm-tpcds-glm-decode-first,189,0,GLM-5.3-Flash,max,completed,2026-09-20T19:25:46.475Z,2026-09-20T19:25:53.548Z,290683,290176,0,54,,
sqlstorm-tpcds-glm-decode-first,190,0,GLM-5.3-Flash,max,completed,2026-09-20T19:25:53.593Z,2026-09-20T19:25:59.057Z,291209,290624,0,170,,
sqlstorm-tpcds-glm-decode-first,191,0,GLM-5.3-Flash,max,completed,2026-09-20T19:25:59.173Z,2026-09-20T19:26:03.781Z,291535,291200,0,53,,
sqlstorm-tpcds-glm-decode-first,192,0,GLM-5.3-Flash,max,completed,2026-09-20T19:26:03.828Z,2026-09-20T19:26:09.900Z,292040,291520,0,167,,
sqlstorm-tpcds-glm-decode-first,193,0,GLM-5.3-Flash,max,completed,2026-09-20T19:26:10.175Z,2026-09-20T19:26:14.644Z,292357,292032,0,52,,
sqlstorm-tpcds-glm-decode-first,194,0,GLM-5.3-Flash,max,completed,2026-09-20T19:26:14.690Z,2026-09-20T19:26:23.504Z,292774,292352,0,223,,
sqlstorm-tpcds-glm-decode-first,195,0,GLM-5.3-Flash,max,completed,2026-09-20T19:26:23.704Z,2026-09-20T19:26:46.771Z,293437,292736,0,738,,
sqlstorm-tpcds-glm-decode-first,196,0,GLM-5.3-Flash,max,completed,2026-09-20T19:26:46.899Z,2026-09-20T19:26:51.922Z,294537,293376,0,54,,
sqlstorm-tpcds-glm-decode-first,197,0,GLM-5.3-Flash,max,completed,2026-09-20T19:26:51.972Z,2026-09-20T19:27:22.414Z,295298,294528,0,1418,,
sqlstorm-tpcds-glm-decode-first,198,0,GLM-5.3-Flash,max,completed,2026-09-20T19:27:22.646Z,2026-09-20T19:27:30.009Z,296872,295296,0,57,,
sqlstorm-tpcds-glm-decode-first,199,0,GLM-5.3-Flash,max,completed,2026-09-20T19:27:30.068Z,2026-09-20T19:27:36.168Z,297314,296832,0,157,,
sqlstorm-tpcds-glm-decode-first,200,0,GLM-5.3-Flash,max,completed,2026-09-20T19:27:41.113Z,2026-09-20T19:27:52.127Z,297562,297280,0,111,,
sqlstorm-tpcds-glm-decode-first,201,0,GLM-5.3-Flash,max,completed,2026-09-20T19:27:53.955Z,2026-09-20T19:27:58.881Z,297684,297536,0,89,,
sqlstorm-tpcds-glm-decode-first,202,0,GLM-5.3-Flash,max,completed,2026-09-20T19:28:00.759Z,2026-09-20T19:28:25.038Z,297785,297664,0,738,,
sqlstorm-tpcds-glm-decode-first,203,0,GLM-5.3-Flash,max,completed,2026-09-20T19:28:30.274Z,2026-09-20T19:29:24.471Z,299585,297728,0,1805,,
sqlstorm-tpcds-glm-decode-first,204,0,GLM-5.3-Flash,max,completed,2026-09-20T19:29:24.691Z,2026-09-20T19:29:40.650Z,301564,299584,0,504,,
sqlstorm-tpcds-glm-decode-first,205,0,GLM-5.3-Flash,max,completed,2026-09-20T19:29:43.254Z,2026-09-20T19:29:52.363Z,302161,301504,0,179,,
sqlstorm-tpcds-glm-decode-first,206,0,GLM-5.3-Flash,max,completed,2026-09-20T19:29:54.795Z,2026-09-20T19:30:01.944Z,302645,302144,0,183,,
sqlstorm-tpcds-glm-decode-first,207,0,GLM-5.3-Flash,max,completed,2026-09-20T19:30:04.957Z,2026-09-20T19:30:13.209Z,302839,302592,0,93,,
sqlstorm-tpcds-glm-decode-first,208,0,GLM-5.3-Flash,max,completed,2026-09-20T19:30:13.400Z,2026-09-20T19:30:19.558Z,302943,302784,0,96,,
sqlstorm-tpcds-glm-decode-first,209,0,GLM-5.3-Flash,max,completed,2026-09-20T19:30:19.766Z,2026-09-20T19:30:35.333Z,303139,302912,0,317,,
sqlstorm-tpcds-glm-decode-first,210,0,GLM-5.3-Flash,max,completed,2026-09-20T19:30:39.067Z,2026-09-20T19:30:46.764Z,303521,303104,0,86,,
sqlstorm-tpcds-glm-decode-first,211,0,GLM-5.3-Flash,max,completed,2026-09-20T19:30:47.703Z,2026-09-20T19:31:01.954Z,304123,303488,0,479,,
sqlstorm-tpcds-glm-decode-first,212,0,GLM-5.3-Flash,max,completed,2026-09-20T19:31:05.544Z,2026-09-20T19:31:12.808Z,305127,304064,0,159,,
sqlstorm-tpcds-glm-decode-first,213,0,GLM-5.3-Flash,max,completed,2026-09-20T19:31:14.675Z,2026-09-20T19:31:22.841Z,305407,305088,0,98,,
sqlstorm-tpcds-glm-decode-first,214,0,GLM-5.3-Flash,max,completed,2026-09-20T19:31:24.796Z,2026-09-20T19:31:33.287Z,305710,305344,0,246,,
sqlstorm-tpcds-glm-decode-first,215,0,GLM-5.3-Flash,max,completed,2026-09-20T19:31:35.272Z,2026-09-20T19:31:46.805Z,306035,305664,0,317,,
sqlstorm-tpcds-glm-decode-first,216,0,GLM-5.3-Flash,max,completed,2026-09-20T19:31:46.910Z,2026-09-20T19:31:53.614Z,306570,305984,0,107,,
sqlstorm-tpcds-glm-decode-first,217,0,GLM-5.3-Flash,max,completed,2026-09-20T19:31:53.704Z,2026-09-20T19:32:01.967Z,306688,306560,0,114,,
sqlstorm-tpcds-glm-decode-first,218,0,GLM-5.3-Flash,max,completed,2026-09-20T19:32:02.079Z,2026-09-20T19:32:13.235Z,306840,306688,0,443,,
sqlstorm-tpcds-glm-decode-first,219,0,GLM-5.3-Flash,max,completed,2026-09-20T19:32:18.002Z,2026-09-20T19:34:14.470Z,307512,306816,0,2501,,
sqlstorm-tpcds-glm-decode-first,220,0,GLM-5.3-Flash,max,completed,2026-09-20T19:34:17.064Z,2026-09-20T19:34:24.678Z,310129,307456,0,188,,
sqlstorm-tpcds-glm-decode-first,221,0,GLM-5.3-Flash,max,completed,2026-09-20T19:34:27.141Z,2026-09-20T19:34:35.145Z,310405,310080,0,256,,
sqlstorm-tpcds-glm-decode-first,222,0,GLM-5.3-Flash,max,completed,2026-09-20T19:34:39.639Z,2026-09-20T19:35:13.855Z,310924,310400,0,1219,,
sqlstorm-tpcds-glm-decode-first,223,0,GLM-5.3-Flash,max,completed,2026-09-20T19:35:15.737Z,2026-09-20T19:35:21.668Z,312299,310912,0,103,,
sqlstorm-tpcds-glm-decode-first,224,0,GLM-5.3-Flash,max,completed,2026-09-20T19:35:23.463Z,2026-09-20T19:35:30.074Z,312413,312256,0,137,,
sqlstorm-tpcds-glm-decode-first,225,0,GLM-5.3-Flash,max,completed,2026-09-20T19:35:31.911Z,2026-09-20T19:35:36.212Z,312601,312384,0,67,,
sqlstorm-tpcds-glm-decode-first,226,0,GLM-5.3-Flash,max,completed,2026-09-20T19:35:36.338Z,2026-09-20T19:35:43.182Z,312886,312576,0,82,,
sqlstorm-tpcds-glm-decode-first,227,0,GLM-5.3-Flash,max,completed,2026-09-20T19:35:43.270Z,2026-09-20T19:36:09.610Z,313084,312832,0,629,,
sqlstorm-tpcds-glm-decode-first,228,0,GLM-5.3-Flash,max,completed,2026-09-20T19:36:09.684Z,2026-09-20T19:37:04.767Z,315233,313024,0,2059,,
sqlstorm-tpcds-glm-decode-first,229,0,GLM-5.3-Flash,max,completed,2026-09-20T19:37:09.990Z,2026-09-20T19:38:02.613Z,317533,315200,0,1254,,
sqlstorm-tpcds-glm-decode-first,230,0,GLM-5.3-Flash,max,completed,2026-09-20T19:38:02.780Z,2026-09-20T19:38:15.522Z,318826,317504,0,681,,
sqlstorm-tpcds-glm-decode-first,231,0,GLM-5.3-Flash,max,completed,2026-09-20T19:38:20.148Z,2026-09-20T19:38:57.721Z,320046,318784,0,1712,,
sqlstorm-tpcds-glm-decode-first,232,0,GLM-5.3-Flash,max,completed,2026-09-20T19:39:02.491Z,2026-09-20T19:40:28.849Z,322293,320000,0,3031,,
sqlstorm-tpcds-glm-decode-first,233,0,GLM-5.3-Flash,max,completed,2026-09-20T19:40:29.174Z,2026-09-20T19:40:34.648Z,325476,322240,0,51,,
sqlstorm-tpcds-glm-decode-first,234,0,GLM-5.3-Flash,max,completed,2026-09-20T19:40:34.682Z,2026-09-20T19:40:39.738Z,325571,325440,0,118,,
sqlstorm-tpcds-glm-decode-first,235,0,GLM-5.3-Flash,max,completed,2026-09-20T19:40:39.837Z,2026-09-20T19:41:38.072Z,326165,325568,0,1909,,
sqlstorm-tpcds-glm-decode-first,236,0,GLM-5.3-Flash,max,completed,2026-09-20T19:41:38.352Z,2026-09-20T19:41:43.259Z,328433,326144,0,52,,
sqlstorm-tpcds-glm-decode-first,237,0,GLM-5.3-Flash,max,completed,2026-09-20T19:41:43.689Z,2026-09-20T19:43:59.572Z,329016,328384,0,4310,,
sqlstorm-tpcds-glm-decode-first,238,0,GLM-5.3-Flash,max,completed,2026-09-20T19:44:00.276Z,2026-09-20T19:44:05.996Z,333382,328960,0,79,,
sqlstorm-tpcds-glm-decode-first,239,0,GLM-5.3-Flash,max,completed,2026-09-20T19:44:06.089Z,2026-09-20T19:44:16.176Z,333663,333376,0,436,,
sqlstorm-tpcds-glm-decode-first,240,0,GLM-5.3-Flash,max,completed,2026-09-20T19:44:16.301Z,2026-09-20T19:44:37.887Z,334124,333632,0,817,,
sqlstorm-tpcds-glm-decode-first,241,0,GLM-5.3-Flash,max,completed,2026-09-20T19:44:38.064Z,2026-09-20T19:44:49.354Z,335007,334080,0,192,,
sqlstorm-tpcds-glm-decode-first,242,0,GLM-5.3-Flash,max,completed,2026-09-20T19:44:55.476Z,2026-09-20T19:45:00.678Z,335260,334976,0,53,,
sqlstorm-tpcds-glm-decode-first,243,0,GLM-5.3-Flash,max,completed,2026-09-20T19:45:00.764Z,2026-09-20T19:45:04.920Z,335379,335232,0,41,,
sqlstorm-tpcds-glm-decode-first,244,0,GLM-5.3-Flash,max,completed,2026-09-20T19:45:04.997Z,2026-09-20T19:45:09.221Z,335486,335360,0,30,,
sqlstorm-tpcds-glm-decode-first,245,0,GLM-5.3-Flash,max,completed,2026-09-20T19:46:39.306Z,2026-09-20T19:46:46.691Z,335527,335424,0,41,,
sqlstorm-tpcds-glm-decode-first,246,0,GLM-5.3-Flash,max,completed,2026-09-20T19:46:46.765Z,2026-09-20T19:48:30.141Z,336334,335488,0,3743,,
sqlstorm-tpcds-glm-decode-first,247,0,GLM-5.3-Flash,max,completed,2026-09-20T19:48:30.503Z,2026-09-20T19:48:37.555Z,340232,336320,0,54,,
sqlstorm-tpcds-glm-decode-first,248,0,GLM-5.3-Flash,max,completed,2026-09-20T19:48:37.611Z,2026-09-20T19:48:45.803Z,340768,340224,0,204,,
sqlstorm-tpcds-glm-decode-first,249,0,GLM-5.3-Flash,max,completed,2026-09-20T19:48:46.274Z,2026-09-20T19:48:50.950Z,341129,340736,0,57,,
sqlstorm-tpcds-glm-decode-first,250,0,GLM-5.3-Flash,max,completed,2026-09-20T19:48:53.542Z,2026-09-20T19:50:25.653Z,341697,341120,0,3117,,
sqlstorm-tpcds-glm-decode-first,251,0,GLM-5.3-Flash,max,completed,2026-09-20T19:50:25.987Z,2026-09-20T19:50:33.945Z,344969,341696,0,52,,
sqlstorm-tpcds-glm-decode-first,252,0,GLM-5.3-Flash,max,completed,2026-09-20T19:51:44.637Z,2026-09-20T19:52:45.840Z,345541,344960,0,1758,,
sqlstorm-tpcds-glm-decode-first,253,0,GLM-5.3-Flash,max,completed,2026-09-20T19:52:46.078Z,2026-09-20T19:52:51.254Z,347363,345536,0,30,,
sqlstorm-tpcds-glm-decode-first,254,0,GLM-5.3-Flash,max,completed,2026-09-20T19:55:51.352Z,2026-09-20T19:55:55.777Z,347404,347328,0,39,,
sqlstorm-tpcds-glm-decode-first,255,0,GLM-5.3-Flash,max,completed,2026-09-20T19:55:55.847Z,2026-09-20T19:56:06.488Z,348035,347392,0,234,,
sqlstorm-tpcds-glm-decode-first,256,0,GLM-5.3-Flash,max,completed,2026-09-20T19:56:06.783Z,2026-09-20T19:56:13.466Z,348796,348032,0,181,,
sqlstorm-tpcds-glm-decode-first,257,0,GLM-5.3-Flash,max,completed,2026-09-20T19:56:13.585Z,2026-09-20T19:56:18.299Z,349293,348736,0,41,,
sqlstorm-tpcds-glm-decode-first,258,0,GLM-5.3-Flash,max,completed,2026-09-20T19:56:18.359Z,2026-09-20T19:56:22.395Z,349764,349248,0,30,,
sqlstorm-tpcds-glm-decode-first,259,0,GLM-5.3-Flash,max,completed,2026-09-20T20:00:22.497Z,2026-09-20T20:00:28.805Z,349805,349760,0,41,,
sqlstorm-tpcds-glm-decode-first,260,0,GLM-5.3-Flash,max,completed,2026-09-20T20:00:28.882Z,2026-09-20T20:01:16.665Z,361238,349760,0,1784,,
sqlstorm-tpcds-glm-decode-first,261,0,GLM-5.3-Flash,max,completed,2026-09-20T20:01:17.271Z,2026-09-20T20:01:59.545Z,363225,361216,0,1650,,
sqlstorm-tpcds-glm-decode-first,262,0,GLM-5.3-Flash,max,completed,2026-09-20T20:01:59.749Z,2026-09-20T20:02:22.045Z,364937,363200,0,894,,
sqlstorm-tpcds-glm-decode-first,263,0,GLM-5.3-Flash,max,completed,2026-09-20T20:02:22.180Z,2026-09-20T20:03:27.987Z,365894,364928,0,398,,
sqlstorm-tpcds-glm-decode-first,264,0,GLM-5.3-Flash,max,completed,2026-09-20T20:03:28.051Z,2026-09-20T20:03:52.380Z,366608,365888,0,690,,
sqlstorm-tpcds-glm-lz4-frontier,1,0,GLM-5.3-Flash,max,completed,2026-09-21T20:31:11.754Z,2026-09-21T20:31:20.426Z,17232,0,0,213,,
sqlstorm-tpcds-glm-lz4-frontier,2,0,GLM-5.3-Flash,max,completed,2026-09-21T20:31:20.521Z,2026-09-21T20:31:26.960Z,18350,64,0,205,,
sqlstorm-tpcds-glm-lz4-frontier,3,0,GLM-5.3-Flash,max,completed,2026-09-21T20:31:27.040Z,2026-09-21T20:31:34.193Z,20526,18304,0,219,,
sqlstorm-tpcds-glm-lz4-frontier,4,0,GLM-5.3-Flash,max,completed,2026-09-21T20:31:34.269Z,2026-09-21T20:32:54.496Z,36926,20480,0,3349,,
sqlstorm-tpcds-glm-lz4-frontier,5,0,GLM-5.3-Flash,max,completed,2026-09-21T20:32:54.772Z,2026-09-21T20:33:01.637Z,43817,36864,0,196,,
sqlstorm-tpcds-glm-lz4-frontier,6,0,GLM-5.3-Flash,max,completed,2026-09-21T20:33:01.735Z,2026-09-21T20:33:08.118Z,46866,43776,0,133,,
sqlstorm-tpcds-glm-lz4-frontier,7,0,GLM-5.3-Flash,max,completed,2026-09-21T20:33:08.244Z,2026-09-21T20:33:23.101Z,49562,46848,0,405,,
sqlstorm-tpcds-glm-lz4-frontier,8,0,GLM-5.3-Flash,max,completed,2026-09-21T20:33:23.298Z,2026-09-21T20:34:09.175Z,50285,49536,0,1652,,
sqlstorm-tpcds-glm-lz4-frontier,9,0,GLM-5.3-Flash,max,completed,2026-09-21T20:34:09.357Z,2026-09-21T20:34:20.025Z,51947,50240,0,348,,
sqlstorm-tpcds-glm-lz4-frontier,10,0,GLM-5.3-Flash,max,completed,2026-09-21T20:34:20.425Z,2026-09-21T20:35:31.302Z,53586,51904,0,2600,,
sqlstorm-tpcds-glm-lz4-frontier,11,0,GLM-5.3-Flash,max,completed,2026-09-21T20:35:31.527Z,2026-09-21T20:35:44.007Z,57716,53568,0,426,,
sqlstorm-tpcds-glm-lz4-frontier,12,0,GLM-5.3-Flash,max,completed,2026-09-21T20:35:44.070Z,2026-09-21T20:35:53.419Z,58327,57664,0,317,,
sqlstorm-tpcds-glm-lz4-frontier,13,0,GLM-5.3-Flash,max,completed,2026-09-21T20:35:53.706Z,2026-09-21T20:37:04.086Z,58821,58304,0,2488,,
sqlstorm-tpcds-glm-lz4-frontier,14,0,GLM-5.3-Flash,max,completed,2026-09-21T20:37:04.334Z,2026-09-21T20:37:32.723Z,61535,58816,0,983,,
sqlstorm-tpcds-glm-lz4-frontier,15,0,GLM-5.3-Flash,max,completed,2026-09-21T20:37:32.863Z,2026-09-21T20:38:26.621Z,62575,61504,0,2264,,
sqlstorm-tpcds-glm-lz4-frontier,16,0,GLM-5.3-Flash,max,completed,2026-09-21T20:38:26.924Z,2026-09-21T20:38:36.750Z,65390,62528,0,333,,
sqlstorm-tpcds-glm-lz4-frontier,17,1,GLM-5.3-Flash,max,completed,2026-09-21T20:38:26.989Z,2026-09-21T20:43:04.828Z,9448,4928,0,11752,,
sqlstorm-tpcds-glm-lz4-frontier,18,2,GLM-5.3-Flash,max,completed,2026-09-21T20:38:27.023Z,2026-09-21T20:46:39.373Z,9515,0,0,21250,,
sqlstorm-tpcds-glm-lz4-frontier,19,0,GLM-5.3-Flash,max,completed,2026-09-21T20:38:36.863Z,2026-09-21T20:38:50.893Z,65956,65344,0,435,,
sqlstorm-tpcds-glm-lz4-frontier,20,0,GLM-5.3-Flash,max,completed,2026-09-21T20:38:50.986Z,2026-09-21T20:39:21.918Z,66402,65920,0,1534,,
sqlstorm-tpcds-glm-lz4-frontier,21,0,GLM-5.3-Flash,max,completed,2026-09-21T20:39:22.092Z,2026-09-21T20:39:30.506Z,68003,66368,0,278,,
sqlstorm-tpcds-glm-lz4-frontier,22,0,GLM-5.3-Flash,max,completed,2026-09-21T20:39:30.600Z,2026-09-21T20:39:36.856Z,68326,67968,0,183,,
sqlstorm-tpcds-glm-lz4-frontier,23,0,GLM-5.3-Flash,max,completed,2026-09-21T20:39:36.942Z,2026-09-21T20:39:46.281Z,68557,68288,0,340,,
sqlstorm-tpcds-glm-lz4-frontier,24,0,GLM-5.3-Flash,max,completed,2026-09-21T20:39:46.387Z,2026-09-21T20:39:51.396Z,69154,68544,0,26,,
sqlstorm-tpcds-glm-lz4-frontier,25,0,GLM-5.3-Flash,max,completed,2026-09-21T20:39:51.467Z,2026-09-21T20:40:00.402Z,69230,69120,0,282,,
sqlstorm-tpcds-glm-lz4-frontier,26,0,GLM-5.3-Flash,max,completed,2026-09-21T20:40:00.847Z,2026-09-21T20:40:05.929Z,69529,69184,0,188,,
sqlstorm-tpcds-glm-lz4-frontier,27,0,GLM-5.3-Flash,max,completed,2026-09-21T20:40:08.072Z,2026-09-21T20:42:47.159Z,69995,69504,0,5881,,
sqlstorm-tpcds-glm-lz4-frontier,28,0,GLM-5.3-Flash,max,completed,2026-09-21T20:42:47.523Z,2026-09-21T20:42:54.099Z,75943,69952,0,102,,
sqlstorm-tpcds-glm-lz4-frontier,29,0,GLM-5.3-Flash,max,completed,2026-09-21T20:42:55.083Z,2026-09-21T20:44:07.360Z,76185,75904,0,3151,,
sqlstorm-tpcds-glm-lz4-frontier,30,1,GLM-5.3-Flash,max,completed,2026-09-21T20:43:05.549Z,2026-09-21T20:43:59.072Z,21649,9408,0,3579,,
sqlstorm-tpcds-glm-lz4-frontier,31,1,GLM-5.3-Flash,max,completed,2026-09-21T20:43:59.314Z,2026-09-21T20:44:06.158Z,25297,21632,0,140,,
sqlstorm-tpcds-glm-lz4-frontier,32,1,GLM-5.3-Flash,max,completed,2026-09-21T20:44:06.756Z,2026-09-21T20:44:13.528Z,25443,25280,0,159,,
sqlstorm-tpcds-glm-lz4-frontier,33,0,GLM-5.3-Flash,max,completed,2026-09-21T20:44:07.586Z,2026-09-21T20:44:17.427Z,79405,76160,0,108,,
sqlstorm-tpcds-glm-lz4-frontier,34,0,GLM-5.3-Flash,max,completed,2026-09-21T20:44:24.473Z,2026-09-21T20:46:15.681Z,79937,79360,0,4027,,
sqlstorm-tpcds-glm-lz4-frontier,35,1,GLM-5.3-Flash,max,completed,2026-09-21T20:44:28.452Z,2026-09-21T20:44:38.115Z,26760,25408,0,199,,
sqlstorm-tpcds-glm-lz4-frontier,36,1,GLM-5.3-Flash,max,completed,2026-09-21T20:44:38.222Z,2026-09-21T20:45:11.944Z,27229,26752,0,1576,,
sqlstorm-tpcds-glm-lz4-frontier,37,0,GLM-5.3-Flash,max,completed,2026-09-21T20:46:15.974Z,2026-09-21T20:48:38.960Z,86102,79936,0,5623,,
sqlstorm-tpcds-glm-lz4-frontier,38,2,GLM-5.3-Flash,max,completed,2026-09-21T20:46:40.679Z,2026-09-21T20:47:58.827Z,31067,4928,0,6151,,
sqlstorm-tpcds-glm-lz4-frontier,39,2,GLM-5.3-Flash,max,completed,2026-09-21T20:47:59.226Z,2026-09-21T20:48:19.712Z,37289,31040,0,892,,
sqlstorm-tpcds-glm-lz4-frontier,40,2,GLM-5.3-Flash,max,completed,2026-09-21T20:48:20.137Z,2026-09-21T20:48:26.084Z,38367,37248,0,132,,
sqlstorm-tpcds-glm-lz4-frontier,41,2,GLM-5.3-Flash,max,completed,2026-09-21T20:48:26.354Z,2026-09-21T20:48:32.565Z,38572,38336,0,195,,
sqlstorm-tpcds-glm-lz4-frontier,42,0,GLM-5.3-Flash,max,completed,2026-09-21T20:48:39.459Z,2026-09-21T20:49:29.391Z,91739,86080,0,1859,,
sqlstorm-tpcds-glm-lz4-frontier,43,2,GLM-5.3-Flash,max,completed,2026-09-21T20:48:40.488Z,2026-09-21T20:51:35.307Z,39609,38528,0,11782,,
sqlstorm-tpcds-glm-lz4-frontier,44,0,GLM-5.3-Flash,max,completed,2026-09-21T20:49:29.576Z,2026-09-21T20:49:34.666Z,93813,91712,0,215,,
sqlstorm-tpcds-glm-lz4-frontier,45,0,GLM-5.3-Flash,max,completed,2026-09-21T20:49:34.729Z,2026-09-21T20:50:10.826Z,94379,93760,0,1541,,
sqlstorm-tpcds-glm-lz4-frontier,46,0,GLM-5.3-Flash,max,completed,2026-09-21T20:50:11.034Z,2026-09-21T20:51:43.502Z,95989,94336,0,5231,,
sqlstorm-tpcds-glm-lz4-frontier,47,2,GLM-5.3-Flash,max,completed,2026-09-21T20:51:36.012Z,2026-09-21T20:51:43.079Z,51464,39552,0,194,,
sqlstorm-tpcds-glm-lz4-frontier,48,0,GLM-5.3-Flash,max,completed,2026-09-21T20:51:44.033Z,2026-09-21T20:51:58.237Z,101291,95936,0,534,,
sqlstorm-tpcds-glm-lz4-frontier,49,0,GLM-5.3-Flash,max,completed,2026-09-21T20:51:58.354Z,2026-09-21T20:52:41.663Z,101893,101248,0,2337,,
sqlstorm-tpcds-glm-lz4-frontier,50,2,GLM-5.3-Flash,max,completed,2026-09-21T20:52:05.496Z,2026-09-21T20:52:42.842Z,53687,51456,0,1762,,
sqlstorm-tpcds-glm-lz4-frontier,51,0,GLM-5.3-Flash,max,completed,2026-09-21T20:52:41.893Z,2026-09-21T20:52:49.651Z,104299,101888,0,214,,
sqlstorm-tpcds-glm-lz4-frontier,52,2,GLM-5.3-Flash,max,completed,2026-09-21T20:52:43.024Z,2026-09-21T20:52:55.795Z,55522,53632,0,673,,
sqlstorm-tpcds-glm-lz4-frontier,53,0,GLM-5.3-Flash,max,completed,2026-09-21T20:52:50.204Z,2026-09-21T20:52:56.608Z,104670,104256,0,106,,
sqlstorm-tpcds-glm-lz4-frontier,54,2,GLM-5.3-Flash,max,completed,2026-09-21T20:52:55.907Z,2026-09-21T20:53:02.570Z,56268,55488,0,163,,
sqlstorm-tpcds-glm-lz4-frontier,55,0,GLM-5.3-Flash,max,completed,2026-09-21T20:52:56.735Z,2026-09-21T20:53:04.410Z,104847,104640,0,234,,
sqlstorm-tpcds-glm-lz4-frontier,56,2,GLM-5.3-Flash,max,completed,2026-09-21T20:53:02.661Z,2026-09-21T20:53:10.837Z,56583,56256,0,360,,
sqlstorm-tpcds-glm-lz4-frontier,57,0,GLM-5.3-Flash,max,completed,2026-09-21T20:53:07.730Z,2026-09-21T20:53:33.637Z,105133,104832,0,1213,,
sqlstorm-tpcds-glm-lz4-frontier,58,2,GLM-5.3-Flash,max,completed,2026-09-21T20:53:10.939Z,2026-09-21T20:53:21.413Z,57016,56576,0,456,,
sqlstorm-tpcds-glm-lz4-frontier,59,2,GLM-5.3-Flash,max,completed,2026-09-21T20:53:21.512Z,2026-09-21T20:53:35.056Z,57545,56960,0,931,,
sqlstorm-tpcds-glm-lz4-frontier,60,0,GLM-5.3-Flash,max,completed,2026-09-21T20:53:33.775Z,2026-09-21T20:53:51.142Z,106417,105088,0,196,,
sqlstorm-tpcds-glm-lz4-frontier,61,2,GLM-5.3-Flash,max,completed,2026-09-21T20:53:35.183Z,2026-09-21T20:53:49.742Z,58549,57536,0,326,,
sqlstorm-tpcds-glm-lz4-frontier,62,2,GLM-5.3-Flash,max,completed,2026-09-21T20:53:49.923Z,2026-09-21T20:54:06.093Z,58948,58496,0,630,,
sqlstorm-tpcds-glm-lz4-frontier,63,0,GLM-5.3-Flash,max,completed,2026-09-21T20:53:53.679Z,2026-09-21T20:54:30.827Z,106634,106368,0,1328,,
sqlstorm-tpcds-glm-lz4-frontier,64,2,GLM-5.3-Flash,max,completed,2026-09-21T20:54:06.210Z,2026-09-21T20:54:33.488Z,59651,58944,0,1461,,
sqlstorm-tpcds-glm-lz4-frontier,65,0,GLM-5.3-Flash,max,completed,2026-09-21T20:54:31.122Z,2026-09-21T20:54:40.442Z,110732,106624,0,256,,
sqlstorm-tpcds-glm-lz4-frontier,66,2,GLM-5.3-Flash,max,completed,2026-09-21T20:54:33.652Z,2026-09-21T20:54:41.671Z,61182,59648,0,271,,
sqlstorm-tpcds-glm-lz4-frontier,67,0,GLM-5.3-Flash,max,completed,2026-09-21T20:54:40.521Z,2026-09-21T20:54:48.227Z,111059,110720,0,175,,
sqlstorm-tpcds-glm-lz4-frontier,68,0,GLM-5.3-Flash,max,completed,2026-09-21T20:54:48.388Z,2026-09-21T20:55:01.854Z,111396,111040,0,709,,
sqlstorm-tpcds-glm-lz4-frontier,69,0,GLM-5.3-Flash,max,completed,2026-09-21T20:55:02.386Z,2026-09-21T20:55:08.956Z,113397,111360,0,119,,
sqlstorm-tpcds-glm-lz4-frontier,70,0,GLM-5.3-Flash,max,completed,2026-09-21T20:55:14.329Z,2026-09-21T20:55:31.848Z,113584,113344,0,590,,
sqlstorm-tpcds-glm-lz4-frontier,71,2,GLM-5.3-Flash,max,completed,2026-09-21T20:55:15.320Z,2026-09-21T20:55:43.730Z,64569,61120,0,1128,,
sqlstorm-tpcds-glm-lz4-frontier,72,0,GLM-5.3-Flash,max,completed,2026-09-21T20:55:36.090Z,2026-09-21T20:56:12.624Z,114221,113536,0,1738,,
sqlstorm-tpcds-glm-lz4-frontier,73,2,GLM-5.3-Flash,max,completed,2026-09-21T20:55:43.872Z,2026-09-21T20:55:52.120Z,65769,64512,0,379,,
sqlstorm-tpcds-glm-lz4-frontier,74,2,GLM-5.3-Flash,max,completed,2026-09-21T20:55:52.219Z,2026-09-21T20:55:59.507Z,66221,65728,0,439,,
sqlstorm-tpcds-glm-lz4-frontier,75,2,GLM-5.3-Flash,max,completed,2026-09-21T20:55:59.647Z,2026-09-21T20:56:07.481Z,66928,66176,0,308,,
sqlstorm-tpcds-glm-lz4-frontier,76,0,GLM-5.3-Flash,max,completed,2026-09-21T20:56:12.929Z,2026-09-21T20:56:17.525Z,116030,114176,0,203,,
sqlstorm-tpcds-glm-lz4-frontier,77,0,GLM-5.3-Flash,max,completed,2026-09-21T20:56:32.559Z,2026-09-21T20:57:01.357Z,116273,115968,0,1121,,
sqlstorm-tpcds-glm-lz4-frontier,78,2,GLM-5.3-Flash,max,completed,2026-09-21T20:56:51.915Z,2026-09-21T20:57:15.291Z,69604,66880,0,1179,,
sqlstorm-tpcds-glm-lz4-frontier,79,0,GLM-5.3-Flash,max,completed,2026-09-21T20:57:01.531Z,2026-09-21T20:57:08.512Z,117465,116224,0,213,,
sqlstorm-tpcds-glm-lz4-frontier,80,0,GLM-5.3-Flash,max,completed,2026-09-21T20:57:08.654Z,2026-09-21T20:57:17.107Z,117749,117440,0,283,,
sqlstorm-tpcds-glm-lz4-frontier,81,2,GLM-5.3-Flash,max,completed,2026-09-21T20:57:15.548Z,2026-09-21T20:57:40.070Z,70977,69568,0,1310,,
sqlstorm-tpcds-glm-lz4-frontier,82,0,GLM-5.3-Flash,max,completed,2026-09-21T20:57:21.141Z,2026-09-21T20:57:44.149Z,118352,117696,0,913,,
sqlstorm-tpcds-glm-lz4-frontier,83,2,GLM-5.3-Flash,max,completed,2026-09-21T20:57:40.222Z,2026-09-21T20:58:14.069Z,72357,70976,0,2120,,
sqlstorm-tpcds-glm-lz4-frontier,84,0,GLM-5.3-Flash,max,completed,2026-09-21T20:57:44.337Z,2026-09-21T20:57:53.159Z,120150,118336,0,268,,
sqlstorm-tpcds-glm-lz4-frontier,85,0,GLM-5.3-Flash,max,completed,2026-09-21T20:57:53.263Z,2026-09-21T20:59:43.966Z,121856,120128,0,4196,,
sqlstorm-tpcds-glm-lz4-frontier,86,0,GLM-5.3-Flash,max,completed,2026-09-21T20:59:44.274Z,2026-09-21T21:00:44.786Z,127928,121856,0,2094,,
sqlstorm-tpcds-glm-lz4-frontier,87,0,GLM-5.3-Flash,max,completed,2026-09-21T21:00:44.964Z,2026-09-21T21:00:52.145Z,130041,127872,0,158,,
sqlstorm-tpcds-glm-lz4-frontier,88,0,GLM-5.3-Flash,max,completed,2026-09-21T21:00:52.229Z,2026-09-21T21:00:58.715Z,130210,129984,0,440,,
sqlstorm-tpcds-glm-lz4-frontier,89,0,GLM-5.3-Flash,max,completed,2026-09-21T21:00:58.825Z,2026-09-21T21:01:20.472Z,130718,130176,0,1264,,
sqlstorm-tpcds-glm-lz4-frontier,90,0,GLM-5.3-Flash,max,completed,2026-09-21T21:01:20.608Z,2026-09-21T21:02:19.834Z,132051,130688,0,2744,,
sqlstorm-tpcds-glm-lz4-frontier,91,0,GLM-5.3-Flash,max,completed,2026-09-21T21:02:20.141Z,2026-09-21T21:03:17.369Z,134866,132032,0,3254,,
sqlstorm-tpcds-glm-lz4-frontier,92,0,GLM-5.3-Flash,max,completed,2026-09-21T21:03:17.702Z,2026-09-21T21:03:40.588Z,138191,134848,0,1393,,
sqlstorm-tpcds-glm-lz4-frontier,93,0,GLM-5.3-Flash,max,completed,2026-09-21T21:03:40.796Z,2026-09-21T21:04:10.709Z,139879,138176,0,367,,
sqlstorm-tpcds-glm-lz4-frontier,94,0,GLM-5.3-Flash,max,completed,2026-09-21T21:04:10.821Z,2026-09-21T21:04:18.687Z,140317,139840,0,239,,
sqlstorm-tpcds-glm-lz4-frontier,95,0,GLM-5.3-Flash,max,completed,2026-09-21T21:04:19.431Z,2026-09-21T21:04:42.975Z,140599,140288,0,995,,
sqlstorm-tpcds-glm-lz4-frontier,96,0,GLM-5.3-Flash,max,completed,2026-09-21T21:04:43.415Z,2026-09-21T21:05:29.661Z,141644,140544,0,2121,,
sqlstorm-tpcds-glm-lz4-frontier,97,0,GLM-5.3-Flash,max,completed,2026-09-21T21:05:29.979Z,2026-09-21T21:05:37.691Z,145232,141632,0,151,,
sqlstorm-tpcds-glm-lz4-frontier,98,0,GLM-5.3-Flash,max,completed,2026-09-21T21:05:38.149Z,2026-09-21T21:05:52.202Z,145448,145216,0,687,,
sqlstorm-tpcds-glm-lz4-frontier,99,0,GLM-5.3-Flash,max,completed,2026-09-21T21:05:52.303Z,2026-09-21T21:06:00.387Z,146206,145408,0,386,,
sqlstorm-tpcds-glm-lz4-frontier,100,0,GLM-5.3-Flash,max,completed,2026-09-21T21:06:02.904Z,2026-09-21T21:06:06.107Z,146632,146176,0,25,,
sqlstorm-tpcds-glm-lz4-frontier,101,0,GLM-5.3-Flash,max,completed,2026-09-21T21:06:08.379Z,2026-09-21T21:06:30.288Z,146718,146624,0,1117,,
sqlstorm-tpcds-glm-lz4-frontier,102,0,GLM-5.3-Flash,max,completed,2026-09-21T21:06:30.412Z,2026-09-21T21:06:42.975Z,147906,146688,0,590,,
sqlstorm-tpcds-glm-lz4-frontier,103,0,GLM-5.3-Flash,max,completed,2026-09-21T21:06:43.079Z,2026-09-21T21:06:50.563Z,148793,147904,0,153,,
sqlstorm-tpcds-glm-lz4-frontier,104,0,GLM-5.3-Flash,max,completed,2026-09-21T21:06:54.138Z,2026-09-21T21:07:06.535Z,148967,148736,0,553,,
sqlstorm-tpcds-glm-lz4-frontier,105,0,GLM-5.3-Flash,max,completed,2026-09-21T21:07:11.443Z,2026-09-21T21:07:33.566Z,149592,148928,0,951,,
sqlstorm-tpcds-glm-lz4-frontier,106,0,GLM-5.3-Flash,max,completed,2026-09-21T21:07:33.699Z,2026-09-21T21:07:37.861Z,150614,149568,0,154,,
sqlstorm-tpcds-glm-lz4-frontier,107,0,GLM-5.3-Flash,max,completed,2026-09-21T21:07:40.146Z,2026-09-21T21:07:45.646Z,150819,150592,0,24,,
sqlstorm-tpcds-glm-lz4-frontier,108,0,GLM-5.3-Flash,max,completed,2026-09-21T21:07:47.605Z,2026-09-21T21:07:58.981Z,150870,150784,0,341,,
sqlstorm-tpcds-glm-lz4-frontier,109,0,GLM-5.3-Flash,max,completed,2026-09-21T21:08:01.209Z,2026-09-21T21:08:07.788Z,151275,150848,0,108,,
sqlstorm-tpcds-glm-lz4-frontier,110,0,GLM-5.3-Flash,max,completed,2026-09-21T21:08:10.369Z,2026-09-21T21:08:28.770Z,151410,151232,0,571,,
sqlstorm-tpcds-glm-lz4-frontier,111,0,GLM-5.3-Flash,max,completed,2026-09-21T21:08:30.975Z,2026-09-21T21:08:42.982Z,152011,151360,0,274,,
sqlstorm-tpcds-glm-lz4-frontier,112,0,GLM-5.3-Flash,max,completed,2026-09-21T21:08:43.167Z,2026-09-21T21:08:52.247Z,152350,152000,0,111,,
sqlstorm-tpcds-glm-lz4-frontier,113,0,GLM-5.3-Flash,max,completed,2026-09-21T21:08:54.669Z,2026-09-21T21:09:07.783Z,152714,152320,0,309,,
sqlstorm-tpcds-glm-lz4-frontier,114,0,GLM-5.3-Flash,max,completed,2026-09-21T21:09:10.020Z,2026-09-21T21:09:23.338Z,153365,152704,0,530,,
sqlstorm-tpcds-glm-lz4-frontier,115,0,GLM-5.3-Flash,max,completed,2026-09-21T21:09:23.582Z,2026-09-21T21:09:30.565Z,155277,153344,0,93,,
sqlstorm-tpcds-glm-lz4-frontier,116,0,GLM-5.3-Flash,max,completed,2026-09-21T21:09:33.208Z,2026-09-21T21:09:48.332Z,155396,155264,0,438,,
sqlstorm-tpcds-glm-lz4-frontier,117,0,GLM-5.3-Flash,max,completed,2026-09-21T21:09:51.126Z,2026-09-21T21:10:17.408Z,156335,155392,0,720,,
sqlstorm-tpcds-glm-lz4-frontier,118,0,GLM-5.3-Flash,max,completed,2026-09-21T21:10:20.059Z,2026-09-21T21:11:07.585Z,157121,156288,0,2217,,
sqlstorm-tpcds-glm-lz4-frontier,119,0,GLM-5.3-Flash,max,completed,2026-09-21T21:11:07.772Z,2026-09-21T21:11:15.565Z,159409,157120,0,154,,
sqlstorm-tpcds-glm-lz4-frontier,120,0,GLM-5.3-Flash,max,completed,2026-09-21T21:11:17.995Z,2026-09-21T21:14:28.738Z,159687,159360,0,6782,,
sqlstorm-tpcds-glm-lz4-frontier,121,0,GLM-5.3-Flash,max,completed,2026-09-21T21:14:29.173Z,2026-09-21T21:14:35.070Z,166480,159680,0,24,,
sqlstorm-tpcds-glm-lz4-frontier,122,0,GLM-5.3-Flash,max,completed,2026-09-21T21:14:35.137Z,2026-09-21T21:14:52.059Z,166560,166464,0,578,,
sqlstorm-tpcds-glm-lz4-frontier,123,0,GLM-5.3-Flash,max,completed,2026-09-21T21:14:52.175Z,2026-09-21T21:15:51.031Z,167383,166528,0,2394,,
sqlstorm-tpcds-glm-lz4-frontier,124,0,GLM-5.3-Flash,max,completed,2026-09-21T21:15:51.223Z,2026-09-21T21:16:18.481Z,169782,167360,0,2036,,
sqlstorm-tpcds-glm-lz4-frontier,125,0,GLM-5.3-Flash,max,completed,2026-09-21T21:16:18.646Z,2026-09-21T21:16:35.276Z,171823,169728,0,1297,,
sqlstorm-tpcds-glm-lz4-frontier,126,0,GLM-5.3-Flash,max,completed,2026-09-21T21:16:37.195Z,2026-09-21T21:17:00.453Z,173135,171776,0,1204,,
sqlstorm-tpcds-glm-lz4-frontier,127,0,GLM-5.3-Flash,max,completed,2026-09-21T21:17:01.966Z,2026-09-21T21:17:18.480Z,174460,173120,0,620,,
sqlstorm-tpcds-glm-lz4-frontier,128,0,GLM-5.3-Flash,max,completed,2026-09-21T21:17:19.835Z,2026-09-21T21:17:26.455Z,175117,174400,0,43,,
sqlstorm-tpcds-glm-lz4-frontier,129,0,GLM-5.3-Flash,max,completed,2026-09-21T21:17:29.110Z,2026-09-21T21:17:35.889Z,175247,175104,0,56,,
sqlstorm-tpcds-glm-lz4-frontier,130,0,GLM-5.3-Flash,max,completed,2026-09-21T21:17:38.239Z,2026-09-21T21:17:51.662Z,175402,175232,0,429,,
sqlstorm-tpcds-glm-lz4-frontier,131,0,GLM-5.3-Flash,max,completed,2026-09-21T21:17:51.904Z,2026-09-21T21:18:00.466Z,175978,175360,0,296,,
sqlstorm-tpcds-glm-lz4-frontier,132,0,GLM-5.3-Flash,max,completed,2026-09-21T21:18:00.669Z,2026-09-21T21:18:07.216Z,176558,175936,0,87,,
sqlstorm-tpcds-glm-lz4-frontier,133,0,GLM-5.3-Flash,max,completed,2026-09-21T21:18:08.783Z,2026-09-21T21:18:12.334Z,176912,176512,0,100,,
sqlstorm-tpcds-glm-lz4-frontier,134,0,GLM-5.3-Flash,max,completed,2026-09-21T21:18:13.960Z,2026-09-21T21:18:20.837Z,177023,176896,0,78,,
sqlstorm-tpcds-glm-lz4-frontier,135,0,GLM-5.3-Flash,max,completed,2026-09-21T21:18:22.235Z,2026-09-21T21:18:31.180Z,177109,176960,0,199,,
sqlstorm-tpcds-glm-lz4-frontier,136,0,GLM-5.3-Flash,max,completed,2026-09-21T21:18:32.685Z,2026-09-21T21:19:04.833Z,177645,177088,0,1664,,
sqlstorm-tpcds-glm-lz4-frontier,137,0,GLM-5.3-Flash,max,completed,2026-09-21T21:19:06.905Z,2026-09-21T21:19:20.536Z,179453,177600,0,473,,
sqlstorm-tpcds-glm-lz4-frontier,138,0,GLM-5.3-Flash,max,completed,2026-09-21T21:19:20.620Z,2026-09-21T21:19:29.956Z,179954,179392,0,429,,
sqlstorm-tpcds-glm-lz4-frontier,139,0,GLM-5.3-Flash,max,completed,2026-09-21T21:19:31.781Z,2026-09-21T21:19:52.107Z,180479,179904,0,849,,
sqlstorm-tpcds-glm-lz4-frontier,140,0,GLM-5.3-Flash,max,completed,2026-09-21T21:19:53.739Z,2026-09-21T21:20:12.145Z,181425,180416,0,713,,
sqlstorm-tpcds-glm-lz4-frontier,141,0,GLM-5.3-Flash,max,completed,2026-09-21T21:20:13.913Z,2026-09-21T21:22:43.508Z,182201,181376,0,6163,,
sqlstorm-tpcds-glm-lz4-frontier,142,0,GLM-5.3-Flash,max,completed,2026-09-21T21:22:43.908Z,2026-09-21T21:23:06.253Z,188369,182144,0,1877,,
sqlstorm-tpcds-glm-lz4-frontier,143,0,GLM-5.3-Flash,max,completed,2026-09-21T21:23:06.428Z,2026-09-21T21:23:15.470Z,190478,188352,0,214,,
sqlstorm-tpcds-glm-lz4-frontier,144,0,GLM-5.3-Flash,max,completed,2026-09-21T21:23:15.530Z,2026-09-21T21:23:37.373Z,191054,190464,0,1698,,
sqlstorm-tpcds-glm-lz4-frontier,145,0,GLM-5.3-Flash,max,completed,2026-09-21T21:23:41.446Z,2026-09-21T21:24:01.120Z,192768,191040,0,954,,
sqlstorm-tpcds-glm-lz4-frontier,146,0,GLM-5.3-Flash,max,completed,2026-09-21T21:24:05.145Z,2026-09-21T21:24:19.955Z,193745,192768,0,706,,
sqlstorm-tpcds-glm-lz4-frontier,147,0,GLM-5.3-Flash,max,completed,2026-09-21T21:24:24.256Z,2026-09-21T21:25:04.607Z,194471,193728,0,1996,,
sqlstorm-tpcds-glm-lz4-frontier,148,0,GLM-5.3-Flash,max,completed,2026-09-21T21:25:09.072Z,2026-09-21T21:25:14.636Z,196490,194432,0,252,,
sqlstorm-tpcds-glm-lz4-frontier,149,0,GLM-5.3-Flash,max,completed,2026-09-21T21:25:14.852Z,2026-09-21T21:25:24.432Z,197009,196480,0,289,,
sqlstorm-tpcds-glm-lz4-frontier,150,0,GLM-5.3-Flash,max,completed,2026-09-21T21:25:28.212Z,2026-09-21T21:25:54.670Z,197331,196992,0,1257,,
sqlstorm-tpcds-glm-lz4-frontier,151,0,GLM-5.3-Flash,max,completed,2026-09-21T21:25:58.722Z,2026-09-21T21:26:22.742Z,198671,197312,0,1112,,
sqlstorm-tpcds-glm-lz4-frontier,152,0,GLM-5.3-Flash,max,completed,2026-09-21T21:26:26.439Z,2026-09-21T21:26:38.858Z,199929,198656,0,561,,
sqlstorm-tpcds-glm-lz4-frontier,153,0,GLM-5.3-Flash,max,completed,2026-09-21T21:26:42.674Z,2026-09-21T21:27:56.256Z,200589,199872,0,3092,,
sqlstorm-tpcds-glm-lz4-frontier,154,0,GLM-5.3-Flash,max,completed,2026-09-21T21:28:01.115Z,2026-09-21T21:28:19.378Z,204004,200576,0,631,,
sqlstorm-tpcds-glm-lz4-frontier,155,0,GLM-5.3-Flash,max,completed,2026-09-21T21:28:33.423Z,2026-09-21T21:29:31.881Z,205179,203968,0,2484,,
sqlstorm-tpcds-glm-lz4-frontier,156,0,GLM-5.3-Flash,max,completed,2026-09-21T21:29:39.575Z,2026-09-21T21:30:10.383Z,207853,205120,0,1269,,
sqlstorm-tpcds-glm-lz4-frontier,157,0,GLM-5.3-Flash,max,completed,2026-09-21T21:30:10.516Z,2026-09-21T21:30:22.052Z,209164,207808,0,548,,
sqlstorm-tpcds-glm-lz4-frontier,158,0,GLM-5.3-Flash,max,completed,2026-09-21T21:30:26.465Z,2026-09-21T21:30:33.152Z,209793,209152,0,52,,
sqlstorm-tpcds-glm-lz4-frontier,159,0,GLM-5.3-Flash,max,completed,2026-09-21T21:30:33.448Z,2026-09-21T21:30:48.272Z,210020,209792,0,633,,
sqlstorm-tpcds-glm-lz4-frontier,160,0,GLM-5.3-Flash,max,completed,2026-09-21T21:31:08.975Z,2026-09-21T21:31:30.771Z,210741,209984,0,950,,
sqlstorm-tpcds-glm-lz4-frontier,161,0,GLM-5.3-Flash,max,completed,2026-09-21T21:31:36.457Z,2026-09-21T21:31:43.187Z,211753,210688,0,95,,
sqlstorm-tpcds-glm-lz4-frontier,162,0,GLM-5.3-Flash,max,completed,2026-09-21T21:31:48.788Z,2026-09-21T21:32:04.243Z,211867,211712,0,396,,
sqlstorm-tpcds-glm-lz4-frontier,163,0,GLM-5.3-Flash,max,completed,2026-09-21T21:32:09.612Z,2026-09-21T21:32:21.905Z,212281,211840,0,299,,
sqlstorm-tpcds-glm-lz4-frontier,164,0,GLM-5.3-Flash,max,completed,2026-09-21T21:32:27.272Z,2026-09-21T21:32:38.249Z,212825,212224,0,391,,
sqlstorm-tpcds-glm-lz4-frontier,165,0,GLM-5.3-Flash,max,completed,2026-09-21T21:33:02.824Z,2026-09-21T21:33:09.163Z,213322,212800,0,32,,
sqlstorm-tpcds-glm-lz4-frontier,166,0,GLM-5.3-Flash,max,completed,2026-09-21T21:33:14.345Z,2026-09-21T21:35:31.258Z,215757,213312,0,5831,,
sqlstorm-tpcds-glm-lz4-frontier,167,0,GLM-5.3-Flash,max,completed,2026-09-21T21:35:38.774Z,2026-09-21T21:35:56.085Z,221749,215744,0,819,,
sqlstorm-tpcds-glm-lz4-frontier,168,0,GLM-5.3-Flash,max,completed,2026-09-21T21:36:06.871Z,2026-09-21T21:36:40.738Z,222800,221696,0,1992,,
sqlstorm-tpcds-glm-lz4-frontier,169,0,GLM-5.3-Flash,max,completed,2026-09-21T21:36:53.138Z,2026-09-21T21:37:00.673Z,225024,222784,0,91,,
sqlstorm-tpcds-glm-lz4-frontier,170,0,GLM-5.3-Flash,max,completed,2026-09-21T21:37:00.718Z,2026-09-21T21:37:32.650Z,227246,225024,0,1093,,
sqlstorm-tpcds-glm-lz4-frontier,171,0,GLM-5.3-Flash,max,completed,2026-09-21T21:37:36.782Z,2026-09-21T21:37:49.748Z,228401,227200,0,317,,
sqlstorm-tpcds-glm-lz4-frontier,172,0,GLM-5.3-Flash,max,completed,2026-09-21T21:37:54.122Z,2026-09-21T21:38:08.082Z,228732,228352,0,575,,
sqlstorm-tpcds-glm-lz4-frontier,173,0,GLM-5.3-Flash,max,completed,2026-09-21T21:38:11.796Z,2026-09-21T21:38:34.396Z,229357,228672,0,809,,
sqlstorm-tpcds-glm-lz4-frontier,174,0,GLM-5.3-Flash,max,completed,2026-09-21T21:38:38.231Z,2026-09-21T21:38:58.148Z,230416,229312,0,818,,
sqlstorm-tpcds-glm-lz4-frontier,175,0,GLM-5.3-Flash,max,completed,2026-09-21T21:39:01.917Z,2026-09-21T21:39:14.902Z,231260,230400,0,398,,
sqlstorm-tpcds-glm-lz4-frontier,176,0,GLM-5.3-Flash,max,completed,2026-09-21T21:39:15.118Z,2026-09-21T21:39:24.156Z,231898,231232,0,251,,
sqlstorm-tpcds-glm-lz4-frontier,177,0,GLM-5.3-Flash,max,completed,2026-09-21T21:39:24.372Z,2026-09-21T21:39:31.739Z,232392,231872,0,222,,
sqlstorm-tpcds-glm-lz4-frontier,178,0,GLM-5.3-Flash,max,completed,2026-09-21T21:39:31.833Z,2026-09-21T21:39:37.270Z,232696,232384,0,219,,
sqlstorm-tpcds-glm-lz4-frontier,179,0,GLM-5.3-Flash,max,completed,2026-09-21T21:39:41.027Z,2026-09-21T21:40:06.146Z,233012,232640,0,627,,
sqlstorm-tpcds-glm-lz4-frontier,180,0,GLM-5.3-Flash,max,completed,2026-09-21T21:40:09.858Z,2026-09-21T21:40:19.260Z,233769,232960,0,326,,
sqlstorm-tpcds-glm-lz4-frontier,181,0,GLM-5.3-Flash,max,completed,2026-09-21T21:40:22.978Z,2026-09-21T21:40:45.900Z,234173,233728,0,811,,
sqlstorm-tpcds-glm-lz4-frontier,182,0,GLM-5.3-Flash,max,completed,2026-09-21T21:40:49.983Z,2026-09-21T21:41:23.359Z,235035,234112,0,1406,,
sqlstorm-tpcds-glm-lz4-frontier,183,0,GLM-5.3-Flash,max,completed,2026-09-21T21:41:34.879Z,2026-09-21T21:44:28.526Z,236726,235008,0,7019,,
sqlstorm-tpcds-glm-lz4-frontier,184,0,GLM-5.3-Flash,max,completed,2026-09-21T21:44:28.972Z,2026-09-21T21:44:35.870Z,244006,236672,0,319,,
sqlstorm-tpcds-glm-lz4-frontier,185,0,GLM-5.3-Flash,max,completed,2026-09-21T21:44:36.219Z,2026-09-21T21:46:15.515Z,244452,243968,0,4490,,
sqlstorm-tpcds-glm-lz4-frontier,186,0,GLM-5.3-Flash,max,completed,2026-09-21T21:46:16.594Z,2026-09-21T21:46:38.995Z,248974,244416,0,926,,
sqlstorm-tpcds-glm-lz4-frontier,187,0,GLM-5.3-Flash,max,completed,2026-09-21T21:46:39.126Z,2026-09-21T21:46:47.350Z,249973,248960,0,276,,
sqlstorm-tpcds-glm-lz4-frontier,188,0,GLM-5.3-Flash,max,completed,2026-09-21T21:46:48.253Z,2026-09-21T21:47:48.386Z,250399,249920,0,2574,,
sqlstorm-tpcds-glm-lz4-frontier,189,0,GLM-5.3-Flash,max,completed,2026-09-21T21:47:48.592Z,2026-09-21T21:48:10.821Z,252992,250368,0,1822,,
sqlstorm-tpcds-glm-lz4-frontier,190,0,GLM-5.3-Flash,max,completed,2026-09-21T21:48:10.982Z,2026-09-21T21:48:32.634Z,254838,252992,0,1614,,
sqlstorm-tpcds-glm-lz4-frontier,191,0,GLM-5.3-Flash,max,completed,2026-09-21T21:48:32.801Z,2026-09-21T21:48:51.685Z,256600,254784,0,696,,
sqlstorm-tpcds-glm-lz4-frontier,192,0,GLM-5.3-Flash,max,completed,2026-09-21T21:48:51.812Z,2026-09-21T21:49:08.283Z,257779,256576,0,429,,
sqlstorm-tpcds-glm-lz4-frontier,193,0,GLM-5.3-Flash,max,completed,2026-09-21T21:49:08.397Z,2026-09-21T21:49:19.318Z,258516,257728,0,288,,
sqlstorm-tpcds-glm-lz4-frontier,194,0,GLM-5.3-Flash,max,completed,2026-09-21T21:49:19.426Z,2026-09-21T21:49:30.584Z,259070,258496,0,579,,
sqlstorm-tpcds-glm-lz4-frontier,195,0,GLM-5.3-Flash,max,completed,2026-09-21T21:49:30.684Z,2026-09-21T21:50:06.859Z,259654,259008,0,3302,,
sqlstorm-tpcds-glm-lz4-frontier,196,0,GLM-5.3-Flash,max,completed,2026-09-21T21:50:39.224Z,2026-09-21T21:50:57.833Z,262975,259648,0,851,,
sqlstorm-tpcds-glm-lz4-frontier,197,0,GLM-5.3-Flash,max,completed,2026-09-21T21:50:58.110Z,2026-09-21T21:51:07.253Z,263905,262912,0,332,,
sqlstorm-tpcds-glm-lz4-frontier,198,0,GLM-5.3-Flash,max,completed,2026-09-21T21:51:07.367Z,2026-09-21T21:51:14.003Z,264269,263872,0,32,,
sqlstorm-tpcds-glm-lz4-frontier,199,0,GLM-5.3-Flash,max,completed,2026-09-21T21:51:14.082Z,2026-09-21T21:51:23.621Z,264527,264256,0,341,,
sqlstorm-tpcds-glm-lz4-frontier,200,0,GLM-5.3-Flash,max,completed,2026-09-21T21:52:02.170Z,2026-09-21T21:53:21.196Z,265144,264512,0,2986,,
sqlstorm-tpcds-glm-lz4-frontier,201,0,GLM-5.3-Flash,max,completed,2026-09-21T21:54:17.020Z,2026-09-21T21:55:54.793Z,268477,265088,0,4318,,
sqlstorm-tpcds-glm-lz4-frontier,202,0,GLM-5.3-Flash,max,completed,2026-09-21T21:56:07.884Z,2026-09-21T21:56:25.923Z,272946,268416,0,878,,
sqlstorm-tpcds-glm-lz4-frontier,203,0,GLM-5.3-Flash,max,completed,2026-09-21T21:56:26.875Z,2026-09-21T21:56:53.153Z,273866,272896,0,1073,,
sqlstorm-tpcds-glm-lz4-frontier,204,0,GLM-5.3-Flash,max,completed,2026-09-21T21:56:53.559Z,2026-09-21T21:57:07.490Z,275305,273856,0,499,,
sqlstorm-tpcds-glm-lz4-frontier,205,0,GLM-5.3-Flash,max,completed,2026-09-21T21:57:08.461Z,2026-09-21T21:57:17.729Z,275848,275264,0,291,,
sqlstorm-tpcds-glm-lz4-frontier,206,0,GLM-5.3-Flash,max,completed,2026-09-21T21:57:18.607Z,2026-09-21T21:58:23.900Z,276211,275840,0,2827,,
sqlstorm-tpcds-glm-lz4-frontier,207,0,GLM-5.3-Flash,max,completed,2026-09-21T21:59:04.479Z,2026-09-21T22:00:09.596Z,279060,276160,0,2739,,
sqlstorm-tpcds-glm-lz4-frontier,208,0,GLM-5.3-Flash,max,completed,2026-09-21T22:00:09.833Z,2026-09-21T22:00:15.544Z,281868,279040,0,65,,
sqlstorm-tpcds-glm-lz4-frontier,209,0,GLM-5.3-Flash,max,completed,2026-09-21T22:00:15.620Z,2026-09-21T22:00:26.152Z,282016,281856,0,464,,
sqlstorm-tpcds-glm-lz4-frontier,210,0,GLM-5.3-Flash,max,completed,2026-09-21T22:01:03.229Z,2026-09-21T22:01:19.403Z,282502,281984,0,628,,
sqlstorm-tpcds-glm-lz4-frontier,211,0,GLM-5.3-Flash,max,completed,2026-09-21T22:02:08.530Z,2026-09-21T22:02:33.745Z,283504,282496,0,1060,,
sqlstorm-tpcds-glm-lz4-frontier,212,0,GLM-5.3-Flash,max,completed,2026-09-21T22:03:10.678Z,2026-09-21T22:03:30.270Z,284847,283456,0,708,,
sqlstorm-tpcds-glm-lz4-frontier,213,0,GLM-5.3-Flash,max,completed,2026-09-21T22:04:03.417Z,2026-09-21T22:04:18.606Z,285808,284800,0,653,,
sqlstorm-tpcds-glm-lz4-frontier,214,0,GLM-5.3-Flash,max,completed,2026-09-21T22:04:33.121Z,2026-09-21T22:04:40.106Z,286937,285760,0,230,,
sqlstorm-tpcds-glm-lz4-frontier,215,0,GLM-5.3-Flash,max,completed,2026-09-21T22:04:40.166Z,2026-09-21T22:06:00.183Z,287544,286912,0,3444,,
sqlstorm-tpcds-glm-lz4-frontier,216,0,GLM-5.3-Flash,max,completed,2026-09-21T22:06:37.598Z,2026-09-21T22:07:01.445Z,291271,287488,0,798,,
sqlstorm-tpcds-glm-lz4-frontier,217,0,GLM-5.3-Flash,max,completed,2026-09-21T22:07:01.552Z,2026-09-21T22:07:06.333Z,292108,291264,0,131,,
sqlstorm-tpcds-glm-lz4-frontier,218,0,GLM-5.3-Flash,max,completed,2026-09-21T22:07:06.424Z,2026-09-21T22:08:02.248Z,292251,292096,0,2583,,
sqlstorm-tpcds-glm-lz4-frontier,219,0,GLM-5.3-Flash,max,completed,2026-09-21T22:08:02.498Z,2026-09-21T22:08:11.662Z,295107,292224,0,206,,
sqlstorm-tpcds-glm-lz4-frontier,220,0,GLM-5.3-Flash,max,completed,2026-09-21T22:08:48.176Z,2026-09-21T22:09:13.929Z,295499,295104,0,1155,,
sqlstorm-tpcds-glm-lz4-frontier,221,0,GLM-5.3-Flash,max,completed,2026-09-21T22:09:14.081Z,2026-09-21T22:09:21.703Z,296720,295488,0,93,,
sqlstorm-tpcds-glm-lz4-frontier,222,0,GLM-5.3-Flash,max,completed,2026-09-21T22:09:22.573Z,2026-09-21T22:09:30.820Z,296871,296704,0,102,,
sqlstorm-tpcds-glm-lz4-frontier,223,0,GLM-5.3-Flash,max,completed,2026-09-21T22:10:16.454Z,2026-09-21T22:10:21.323Z,297031,296832,0,103,,
sqlstorm-tpcds-glm-lz4-frontier,224,0,GLM-5.3-Flash,max,completed,2026-09-21T22:11:51.904Z,2026-09-21T22:12:40.690Z,297625,297024,0,1808,,
sqlstorm-tpcds-glm-lz4-frontier,225,0,GLM-5.3-Flash,max,completed,2026-09-21T22:13:10.387Z,2026-09-21T22:13:35.674Z,299977,297600,0,903,,
sqlstorm-tpcds-glm-lz4-frontier,226,0,GLM-5.3-Flash,max,completed,2026-09-21T22:13:36.318Z,2026-09-21T22:13:41.186Z,300938,299968,0,103,,
sqlstorm-tpcds-glm-lz4-frontier,227,0,GLM-5.3-Flash,max,completed,2026-09-21T22:15:41.270Z,2026-09-21T22:15:45.933Z,301064,300928,0,106,,
sqlstorm-tpcds-glm-lz4-frontier,228,0,GLM-5.3-Flash,max,completed,2026-09-21T22:17:36.644Z,2026-09-21T22:17:45.137Z,301228,301056,0,102,,
sqlstorm-tpcds-glm-lz4-frontier,229,0,GLM-5.3-Flash,max,completed,2026-09-21T22:19:40.820Z,2026-09-21T22:19:47.182Z,301388,301184,0,221,,
sqlstorm-tpcds-glm-lz4-frontier,230,0,GLM-5.3-Flash,max,completed,2026-09-21T22:21:43.275Z,2026-09-21T22:21:52.103Z,302181,301376,0,364,,
sqlstorm-tpcds-glm-lz4-frontier,231,0,GLM-5.3-Flash,max,completed,2026-09-21T22:21:52.946Z,2026-09-21T22:22:00.671Z,302832,302144,0,153,,
sqlstorm-tpcds-glm-lz4-frontier,232,0,GLM-5.3-Flash,max,completed,2026-09-21T22:23:56.260Z,2026-09-21T22:24:12.604Z,302994,302784,0,421,,
sqlstorm-tpcds-glm-lz4-frontier,233,0,GLM-5.3-Flash,max,completed,2026-09-21T22:24:12.722Z,2026-09-21T22:24:21.008Z,303483,302976,0,174,,
sqlstorm-tpcds-glm-lz4-frontier,234,0,GLM-5.3-Flash,max,completed,2026-09-21T22:26:11.579Z,2026-09-21T22:26:26.953Z,303916,303424,0,536,,
sqlstorm-tpcds-glm-lz4-frontier,235,0,GLM-5.3-Flash,max,completed,2026-09-21T22:26:27.776Z,2026-09-21T22:26:37.800Z,304773,303872,0,84,,
sqlstorm-tpcds-glm-lz4-frontier,236,0,GLM-5.3-Flash,max,completed,2026-09-21T22:26:37.887Z,2026-09-21T22:27:39.670Z,306874,304768,0,2317,,
sqlstorm-tpcds-glm-lz4-frontier,237,0,GLM-5.3-Flash,max,completed,2026-09-21T22:27:39.882Z,2026-09-21T22:28:38.225Z,311132,306816,0,2379,,
sqlstorm-tpcds-glm-lz4-frontier,238,0,GLM-5.3-Flash,max,completed,2026-09-21T22:28:38.439Z,2026-09-21T22:30:00.475Z,313605,311104,0,3598,,
sqlstorm-tpcds-glm-lz4-frontier,239,0,GLM-5.3-Flash,max,completed,2026-09-21T22:30:25.574Z,2026-09-21T22:30:38.450Z,317395,313600,0,415,,
sqlstorm-tpcds-glm-lz4-frontier,240,0,GLM-5.3-Flash,max,completed,2026-09-21T22:30:39.036Z,2026-09-21T22:30:45.810Z,317870,317376,0,137,,
sqlstorm-tpcds-glm-lz4-frontier,241,0,GLM-5.3-Flash,max,completed,2026-09-21T22:32:41.706Z,2026-09-21T22:32:51.150Z,318014,317824,0,138,,
sqlstorm-tpcds-glm-lz4-frontier,242,0,GLM-5.3-Flash,max,completed,2026-09-21T22:34:46.714Z,2026-09-21T22:34:51.983Z,318159,317952,0,138,,
sqlstorm-tpcds-glm-lz4-frontier,243,0,GLM-5.3-Flash,max,completed,2026-09-21T22:36:52.070Z,2026-09-21T22:36:59.998Z,318320,318144,0,142,,
sqlstorm-tpcds-glm-lz4-frontier,244,0,GLM-5.3-Flash,max,completed,2026-09-21T22:38:40.538Z,2026-09-21T22:38:47.303Z,318517,318272,0,193,,
sqlstorm-tpcds-glm-lz4-frontier,245,0,GLM-5.3-Flash,max,completed,2026-09-21T22:38:48.104Z,2026-09-21T22:38:53.502Z,318982,318464,0,165,,
sqlstorm-tpcds-glm-lz4-frontier,246,0,GLM-5.3-Flash,max,completed,2026-09-21T22:40:49.048Z,2026-09-21T22:40:55.309Z,319156,318976,0,166,,
sqlstorm-tpcds-glm-lz4-frontier,247,0,GLM-5.3-Flash,max,completed,2026-09-21T22:42:50.879Z,2026-09-21T22:43:14.366Z,319565,319104,0,881,,
sqlstorm-tpcds-glm-lz4-frontier,248,0,GLM-5.3-Flash,max,completed,2026-09-21T22:43:15.007Z,2026-09-21T22:43:41.213Z,320647,319552,0,1369,,
sqlstorm-tpcds-glm-lz4-frontier,249,0,GLM-5.3-Flash,max,completed,2026-09-21T22:43:41.427Z,2026-09-21T22:43:55.980Z,322081,320640,0,676,,
sqlstorm-tpcds-glm-lz4-frontier,250,0,GLM-5.3-Flash,max,completed,2026-09-21T22:43:56.138Z,2026-09-21T22:44:02.291Z,323092,322048,0,184,,
sqlstorm-tpcds-glm-lz4-frontier,251,0,GLM-5.3-Flash,max,completed,2026-09-21T22:44:02.369Z,2026-09-21T22:44:20.543Z,323635,323072,0,931,,
